{
    "version": "4.5.6",
    "flags": {},
    "shapes": [
        {
            "label": "teddy bear",
            "points": [
                [
                    1054.1052631578948,
                    492.63157894736844
                ],
                [
                    880.421052631579,
                    471.57894736842104
                ],
                [
                    809.3684210526316,
                    495.2631578947368
                ],
                [
                    762.0,
                    629.4736842105264
                ],
                [
                    759.3684210526316,
                    671.578947368421
                ],
                [
                    706.7368421052631,
                    729.4736842105264
                ],
                [
                    730.421052631579,
                    797.8947368421052
                ],
                [
                    769.8947368421052,
                    834.7368421052631
                ],
                [
                    785.6842105263157,
                    916.3157894736842
                ],
                [
                    738.3157894736842,
                    963.6842105263157
                ],
                [
                    746.2105263157895,
                    1045.2631578947369
                ],
                [
                    746.2105263157895,
                    1163.6842105263158
                ],
                [
                    814.6315789473684,
                    1197.8947368421052
                ],
                [
                    912.0,
                    1155.7894736842104
                ],
                [
                    990.9473684210527,
                    1076.842105263158
                ],
                [
                    1017.2631578947369,
                    1045.2631578947369
                ],
                [
                    1072.5263157894738,
                    1100.5263157894738
                ],
                [
                    1127.7894736842104,
                    1205.7894736842104
                ],
                [
                    1233.0526315789473,
                    1224.2105263157894
                ],
                [
                    1290.9473684210527,
                    1176.842105263158
                ],
                [
                    1275.157894736842,
                    1097.8947368421052
                ],
                [
                    1256.7368421052631,
                    916.3157894736842
                ],
                [
                    1246.2105263157894,
                    874.2105263157895
                ],
                [
                    1254.1052631578948,
                    787.3684210526316
                ],
                [
                    1206.7368421052631,
                    705.7894736842105
                ],
                [
                    1143.578947368421,
                    661.0526315789474
                ],
                [
                    1146.2105263157894,
                    613.6842105263158
                ],
                [
                    1162.0,
                    590.0
                ],
                [
                    1098.842105263158,
                    547.8947368421052
                ]
            ],
            "group_id": null,
            "shape_type": "polygon",
            "flags": {}
        },
        {
            "label": "teddy bear",
            "points": [
                [
                    1651.4736842105262,
                    771.578947368421
                ],
                [
                    1590.9473684210527,
                    792.6315789473684
                ],
                [
                    1535.6842105263158,
                    787.3684210526316
                ],
                [
                    1456.7368421052631,
                    811.0526315789474
                ],
                [
                    1456.7368421052631,
                    876.8421052631579
                ],
                [
                    1475.157894736842,
                    955.7894736842105
                ],
                [
                    1451.4736842105262,
                    984.7368421052631
                ],
                [
                    1380.421052631579,
                    1034.7368421052631
                ],
                [
                    1338.3157894736842,
                    1100.5263157894738
                ],
                [
                    1290.9473684210527,
                    1176.842105263158
                ],
                [
                    1280.421052631579,
                    1242.6315789473683
                ],
                [
                    1298.842105263158,
                    1255.7894736842104
                ],
                [
                    1443.578947368421,
                    1253.157894736842
                ],
                [
                    1483.0526315789473,
                    1263.6842105263158
                ],
                [
                    1540.9473684210527,
                    1263.6842105263158
                ],
                [
                    1622.5263157894738,
                    1213.6842105263158
                ],
                [
                    1659.3684210526314,
                    1226.842105263158
                ],
                [
                    1646.2105263157894,
                    1276.842105263158
                ],
                [
                    1662.0,
                    1311.0526315789473
                ],
                [
                    1672.5263157894738,
                    1347.8947368421052
                ],
                [
                    1609.3684210526314,
                    1361.0526315789473
                ],
                [
                    1551.4736842105262,
                    1358.421052631579
                ],
                [
                    1498.842105263158,
                    1405.7894736842104
                ],
                [
                    1462.0,
                    1421.578947368421
                ],
                [
                    1538.3157894736842,
                    1534.7368421052631
                ],
                [
                    1569.8947368421052,
                    1555.7894736842104
                ],
                [
                    1664.6315789473683,
                    1537.3684210526314
                ],
                [
                    1680.421052631579,
                    1495.2631578947369
                ],
                [
                    1746.2105263157894,
                    1453.157894736842
                ],
                [
                    1793.578947368421,
                    1376.842105263158
                ],
                [
                    1788.3157894736842,
                    1266.3157894736842
                ],
                [
                    1851.4736842105262,
                    1163.6842105263158
                ],
                [
                    1822.5263157894738,
                    1090.0
                ],
                [
                    1756.7368421052631,
                    1034.7368421052631
                ],
                [
                    1812.0,
                    945.2631578947369
                ],
                [
                    1827.7894736842104,
                    913.6842105263157
                ],
                [
                    1798.842105263158,
                    829.4736842105264
                ],
                [
                    1709.3684210526314,
                    792.6315789473684
                ]
            ],
            "group_id": null,
            "shape_type": "polygon",
            "flags": {}
        },
        {
            "label": "teddy bear",
            "points": [
                [
                    1238.3157894736842,
                    834.7368421052631
                ],
                [
                    1319.8947368421052,
                    847.8947368421052
                ],
                [
                    1430.421052631579,
                    863.6842105263157
                ],
                [
                    1462.0,
                    882.1052631578947
                ],
                [
                    1475.157894736842,
                    971.578947368421
                ],
                [
                    1385.6842105263158,
                    1047.8947368421052
                ],
                [
                    1314.6315789473683,
                    1155.7894736842104
                ],
                [
                    1288.3157894736842,
                    1221.578947368421
                ],
                [
                    1283.0526315789473,
                    1274.2105263157894
                ],
                [
                    1256.7368421052631,
                    1268.9473684210527
                ],
                [
                    1212.0,
                    1279.4736842105262
                ],
                [
                    1162.0,
                    1300.5263157894738
                ],
                [
                    1125.157894736842,
                    1337.3684210526317
                ],
                [
                    1054.1052631578948,
                    1361.0526315789473
                ],
                [
                    1056.7368421052631,
                    1395.2631578947369
                ],
                [
                    1104.1052631578948,
                    1426.842105263158
                ],
                [
                    1175.157894736842,
                    1432.1052631578948
                ],
                [
                    1254.1052631578948,
                    1516.3157894736842
                ],
                [
                    1327.7894736842104,
                    1513.6842105263158
                ],
                [
                    1343.578947368421,
                    1487.3684210526317
                ],
                [
                    1298.842105263158,
                    1447.8947368421052
                ],
                [
                    1443.578947368421,
                    1426.842105263158
                ],
                [
                    1488.3157894736842,
                    1453.157894736842
                ],
                [
                    1551.4736842105262,
                    1550.5263157894738
                ],
                [
                    1577.7894736842104,
                    1568.9473684210527
                ],
                [
                    1530.421052631579,
                    1647.8947368421052
                ],
                [
                    1488.3157894736842,
                    1658.421052631579
                ],
                [
                    1377.7894736842104,
                    1640.0
                ],
                [
                    1283.0526315789473,
                    1587.3684210526314
                ],
                [
                    1219.8947368421052,
                    1579.4736842105262
                ],
                [
                    1162.0,
                    1595.2631578947369
                ],
                [
                    1059.3684210526317,
                    1626.842105263158
                ],
                [
                    996.2105263157894,
                    1618.9473684210527
                ],
                [
                    943.578947368421,
                    1584.7368421052631
                ],
                [
                    935.6842105263158,
                    1500.5263157894738
                ],
                [
                    972.5263157894738,
                    1447.8947368421052
                ],
                [
                    1043.578947368421,
                    1387.3684210526317
                ],
                [
                    1109.3684210526317,
                    1326.842105263158
                ],
                [
                    1164.6315789473683,
                    1290.0
                ],
                [
                    1159.3684210526317,
                    1208.421052631579
                ],
                [
                    1225.157894736842,
                    1216.3157894736842
                ],
                [
                    1275.157894736842,
                    1179.4736842105262
                ],
                [
                    1283.0526315789473,
                    1113.6842105263158
                ],
                [
                    1262.0,
                    916.3157894736842
                ],
                [
                    1251.4736842105262,
                    871.578947368421
                ]
            ],
            "group_id": null,
            "shape_type": "polygon",
            "flags": {}
        }
    ],
    "imagePath": "../../OlympusEPL6_PNG/OlympusEPL6_0049.PNG",
    "imageData": null,
    "imageHeight": 1736,
    "imageWidth": 2320
}