{
    "version": "4.5.6",
    "flags": {},
    "shapes": [
        {
            "label": "potted plant",
            "points": [
                [
                    259.0,
                    531.25
                ],
                [
                    240.25,
                    493.75
                ],
                [
                    177.75,
                    484.375
                ],
                [
                    287.125,
                    450.0
                ],
                [
                    374.625,
                    425.0
                ],
                [
                    365.25,
                    368.75
                ],
                [
                    268.375,
                    265.625
                ],
                [
                    290.25,
                    218.75
                ],
                [
                    474.625,
                    275.0
                ],
                [
                    562.125,
                    206.25
                ],
                [
                    459.0,
                    134.375
                ],
                [
                    459.0,
                    81.25
                ],
                [
                    580.875,
                    81.25
                ],
                [
                    705.875,
                    106.25
                ],
                [
                    787.125,
                    146.875
                ],
                [
                    890.25,
                    253.125
                ],
                [
                    818.375,
                    293.75
                ],
                [
                    784.0,
                    356.25
                ],
                [
                    805.875,
                    381.25
                ],
                [
                    874.625,
                    393.75
                ],
                [
                    968.375,
                    412.5
                ],
                [
                    1062.125,
                    431.25
                ],
                [
                    1105.875,
                    475.0
                ],
                [
                    1180.875,
                    543.75
                ],
                [
                    1212.125,
                    521.875
                ],
                [
                    1196.5,
                    475.0
                ],
                [
                    1234.0,
                    440.625
                ],
                [
                    1327.75,
                    496.875
                ],
                [
                    1362.125,
                    534.375
                ],
                [
                    1421.5,
                    515.625
                ],
                [
                    1449.625,
                    525.0
                ],
                [
                    1477.75,
                    578.125
                ],
                [
                    1465.25,
                    656.25
                ],
                [
                    1352.75,
                    731.25
                ],
                [
                    890.25,
                    709.375
                ],
                [
                    874.625,
                    590.625
                ],
                [
                    343.375,
                    584.375
                ],
                [
                    355.875,
                    696.875
                ],
                [
                    30.875,
                    690.625
                ],
                [
                    27.75,
                    559.375
                ]
            ],
            "group_id": null,
            "shape_type": "polygon",
            "flags": {}
        },
        {
            "label": "potted plant",
            "points": [
                [
                    1824.0,
                    524.0
                ],
                [
                    1820.0,
                    472.0
                ],
                [
                    1780.0,
                    444.0
                ],
                [
                    1678.0,
                    450.0
                ],
                [
                    1624.0,
                    452.0
                ],
                [
                    1622.0,
                    406.0
                ],
                [
                    1682.0,
                    390.0
                ],
                [
                    1684.0,
                    356.0
                ],
                [
                    1698.0,
                    320.0
                ],
                [
                    1728.0,
                    272.0
                ],
                [
                    1788.0,
                    258.0
                ],
                [
                    1848.0,
                    244.0
                ],
                [
                    1908.0,
                    294.0
                ],
                [
                    1938.0,
                    342.0
                ],
                [
                    1962.0,
                    370.0
                ],
                [
                    2014.0,
                    384.0
                ],
                [
                    2040.0,
                    410.0
                ],
                [
                    2040.0,
                    434.0
                ],
                [
                    1936.0,
                    452.0
                ],
                [
                    1836.0,
                    422.0
                ],
                [
                    1824.0,
                    434.0
                ],
                [
                    1850.0,
                    450.0
                ],
                [
                    1848.0,
                    476.0
                ]
            ],
            "group_id": null,
            "shape_type": "polygon",
            "flags": {}
        }
    ],
    "imagePath": "../../OlympusEPL6_PNG/OlympusEPL6_0025.PNG",
    "imageData": null,
    "imageHeight": 1736,
    "imageWidth": 2320
}