{
    "version": "4.5.6",
    "flags": {},
    "shapes": [
        {
            "label": "tennis racket",
            "points": [
                [
                    441.57142857142844,
                    510.8571428571428
                ],
                [
                    477.2857142857142,
                    814.4285714285713
                ],
                [
                    509.42857142857133,
                    1032.2857142857142
                ],
                [
                    498.71428571428555,
                    1064.4285714285713
                ],
                [
                    423.71428571428555,
                    1057.2857142857142
                ],
                [
                    416.57142857142844,
                    950.142857142857
                ],
                [
                    423.71428571428555,
                    835.8571428571428
                ],
                [
                    395.1428571428571,
                    518.0
                ]
            ],
            "group_id": null,
            "shape_type": "polygon",
            "flags": {}
        },
        {
            "label": "tennis racket",
            "points": [
                [
                    410.0,
                    980.0
                ],
                [
                    372.0,
                    994.0
                ],
                [
                    370.0,
                    1032.0
                ],
                [
                    392.0,
                    1052.0
                ],
                [
                    412.0,
                    1052.0
                ]
            ],
            "group_id": null,
            "shape_type": "polygon",
            "flags": {}
        },
        {
            "label": "tennis racket",
            "points": [
                [
                    384.0,
                    544.0
                ],
                [
                    412.0,
                    770.0
                ],
                [
                    422.0,
                    860.0
                ],
                [
                    406.0,
                    966.0
                ],
                [
                    372.0,
                    990.0
                ],
                [
                    370.0,
                    1048.0
                ],
                [
                    402.0,
                    1056.0
                ],
                [
                    420.0,
                    1054.0
                ],
                [
                    420.0,
                    1108.0
                ],
                [
                    402.0,
                    1146.0
                ],
                [
                    336.0,
                    1152.0
                ],
                [
                    306.0,
                    1052.0
                ],
                [
                    308.0,
                    952.0
                ],
                [
                    326.0,
                    760.0
                ],
                [
                    330.0,
                    658.0
                ]
            ],
            "group_id": null,
            "shape_type": "polygon",
            "flags": {}
        },
        {
            "label": "tennis racket",
            "points": [
                [
                    380.0,
                    544.0
                ],
                [
                    320.0,
                    544.0
                ],
                [
                    282.0,
                    584.0
                ],
                [
                    262.0,
                    646.0
                ],
                [
                    256.0,
                    738.0
                ],
                [
                    226.0,
                    820.0
                ],
                [
                    148.0,
                    904.0
                ],
                [
                    120.0,
                    930.0
                ],
                [
                    132.0,
                    976.0
                ],
                [
                    172.0,
                    996.0
                ],
                [
                    202.0,
                    964.0
                ],
                [
                    220.0,
                    932.0
                ],
                [
                    260.0,
                    900.0
                ],
                [
                    274.0,
                    870.0
                ],
                [
                    312.0,
                    784.0
                ],
                [
                    332.0,
                    672.0
                ],
                [
                    328.0,
                    656.0
                ]
            ],
            "group_id": null,
            "shape_type": "polygon",
            "flags": {}
        },
        {
            "label": "tennis racket",
            "points": [
                [
                    140.0,
                    1084.0
                ],
                [
                    94.0,
                    1084.0
                ],
                [
                    78.0,
                    1108.0
                ],
                [
                    96.0,
                    1148.0
                ],
                [
                    120.0,
                    1174.0
                ],
                [
                    172.0,
                    1144.0
                ],
                [
                    194.0,
                    1102.0
                ]
            ],
            "group_id": null,
            "shape_type": "polygon",
            "flags": {}
        }
    ],
    "imagePath": "../../OlympusEPL6_PNG/OlympusEPL6_0050.PNG",
    "imageData": null,
    "imageHeight": 2320,
    "imageWidth": 1736
}