{
    "version": "4.5.6",
    "flags": {},
    "shapes": [
        {
            "label": "person",
            "points": [
                [
                    308.38926174496646,
                    1062.0805369127518
                ],
                [
                    314.09395973154363,
                    1056.0402684563758
                ],
                [
                    319.46308724832215,
                    1058.0536912751677
                ],
                [
                    322.4832214765101,
                    1068.1208053691275
                ],
                [
                    324.496644295302,
                    1072.8187919463087
                ],
                [
                    325.1677852348993,
                    1093.288590604027
                ],
                [
                    320.4697986577181,
                    1098.993288590604
                ],
                [
                    274.8322147651007,
                    1100.3355704697988
                ],
                [
                    271.1409395973154,
                    1100.3355704697988
                ],
                [
                    264.09395973154363,
                    1095.9731543624162
                ],
                [
                    263.758389261745,
                    1090.6040268456377
                ],
                [
                    271.4765100671141,
                    1093.6241610738255
                ],
                [
                    293.28859060402687,
                    1088.255033557047
                ],
                [
                    299.3288590604027,
                    1082.2147651006712
                ],
                [
                    310.4026845637584,
                    1084.2281879194632
                ],
                [
                    315.43624161073825,
                    1073.1543624161075
                ]
            ],
            "group_id": null,
            "shape_type": "polygon",
            "flags": {}
        },
        {
            "label": "book",
            "points": [
                [
                    296.44128113879003,
                    1085.7651245551601
                ],
                [
                    302.49110320284694,
                    1083.9857651245552
                ],
                [
                    309.2526690391459,
                    1088.6120996441282
                ],
                [
                    306.0498220640569,
                    1092.526690391459
                ],
                [
                    296.79715302491104,
                    1087.7224199288255
                ]
            ],
            "group_id": null,
            "shape_type": "polygon",
            "flags": {}
        }
    ],
    "imagePath": "../../OlympusEPL6_PNG/OlympusEPL6_0030.PNG",
    "imageData": null,
    "imageHeight": 2320,
    "imageWidth": 1736
}