{
    "version": "4.5.6",
    "flags": {},
    "shapes": [
        {
            "label": "person",
            "points": [
                [
                    577.5193798449612,
                    664.3410852713179
                ],
                [
                    562.015503875969,
                    679.0697674418604
                ],
                [
                    554.2635658914728,
                    695.3488372093024
                ],
                [
                    571.3178294573643,
                    759.6899224806201
                ],
                [
                    582.9457364341085,
                    796.1240310077519
                ],
                [
                    598.4496124031008,
                    792.2480620155038
                ],
                [
                    596.1240310077519,
                    748.8372093023255
                ],
                [
                    599.2248062015503,
                    727.1317829457364
                ],
                [
                    596.1240310077519,
                    698.4496124031008
                ],
                [
                    591.4728682170543,
                    686.8217054263565
                ],
                [
                    592.2480620155038,
                    669.767441860465
                ]
            ],
            "group_id": null,
            "shape_type": "polygon",
            "flags": {}
        },
        {
            "label": "person",
            "points": [
                [
                    727.9069767441861,
                    665.8914728682171
                ],
                [
                    712.4031007751938,
                    669.767441860465
                ],
                [
                    709.3023255813953,
                    691.4728682170543
                ],
                [
                    704.6511627906976,
                    713.1782945736434
                ],
                [
                    687.5968992248062,
                    717.829457364341
                ],
                [
                    693.798449612403,
                    745.7364341085271
                ],
                [
                    702.3255813953488,
                    776.7441860465116
                ],
                [
                    699.2248062015503,
                    814.7286821705426
                ],
                [
                    718.6046511627907,
                    824.031007751938
                ],
                [
                    732.5581395348837,
                    828.6821705426356
                ],
                [
                    734.8837209302326,
                    912.4031007751938
                ],
                [
                    750.3875968992248,
                    910.8527131782945
                ],
                [
                    755.0387596899225,
                    854.2635658914728
                ],
                [
                    783.7209302325581,
                    892.2480620155038
                ],
                [
                    800.0,
                    876.7441860465116
                ],
                [
                    766.6666666666666,
                    825.5813953488372
                ],
                [
                    774.4186046511628,
                    800.0
                ],
                [
                    772.0930232558139,
                    789.1472868217054
                ],
                [
                    789.1472868217054,
                    770.5426356589147
                ],
                [
                    777.5193798449612,
                    748.8372093023255
                ],
                [
                    765.1162790697674,
                    746.5116279069767
                ],
                [
                    762.015503875969,
                    709.3023255813953
                ],
                [
                    739.5348837209302,
                    705.4263565891473
                ],
                [
                    742.6356589147287,
                    689.1472868217054
                ],
                [
                    736.4341085271318,
                    668.2170542635658
                ]
            ],
            "group_id": null,
            "shape_type": "polygon",
            "flags": {}
        },
        {
            "label": "person",
            "points": [
                [
                    893.798449612403,
                    538.7596899224806
                ],
                [
                    883.7209302325581,
                    548.8372093023256
                ],
                [
                    883.7209302325581,
                    594.5736434108527
                ],
                [
                    870.5426356589147,
                    654.2635658914728
                ],
                [
                    862.015503875969,
                    677.5193798449612
                ],
                [
                    862.7906976744185,
                    706.2015503875969
                ],
                [
                    832.5581395348837,
                    763.5658914728682
                ],
                [
                    817.829457364341,
                    787.5968992248062
                ],
                [
                    824.8062015503875,
                    805.4263565891473
                ],
                [
                    868.2170542635658,
                    824.031007751938
                ],
                [
                    857.3643410852713,
                    795.3488372093024
                ],
                [
                    885.2713178294573,
                    768.2170542635658
                ],
                [
                    894.5736434108527,
                    682.1705426356589
                ],
                [
                    923.2558139534883,
                    657.3643410852713
                ],
                [
                    938.7596899224806,
                    596.8992248062016
                ],
                [
                    955.0387596899225,
                    573.6434108527131
                ],
                [
                    989.922480620155,
                    517.8294573643411
                ],
                [
                    988.3720930232558,
                    489.922480620155
                ],
                [
                    981.3953488372093,
                    494.5736434108527
                ],
                [
                    971.3178294573643,
                    526.3565891472869
                ],
                [
                    948.062015503876,
                    558.1395348837209
                ],
                [
                    935.6589147286821,
                    570.5426356589147
                ],
                [
                    934.8837209302326,
                    539.5348837209302
                ],
                [
                    924.8062015503875,
                    535.6589147286821
                ]
            ],
            "group_id": null,
            "shape_type": "polygon",
            "flags": {}
        },
        {
            "label": "person",
            "points": [
                [
                    1225.581395348837,
                    728.6821705426356
                ],
                [
                    1207.7519379844962,
                    729.4573643410853
                ],
                [
                    1193.0232558139535,
                    744.9612403100775
                ],
                [
                    1194.5736434108526,
                    766.6666666666666
                ],
                [
                    1197.6744186046512,
                    790.6976744186046
                ],
                [
                    1181.3953488372092,
                    803.1007751937984
                ],
                [
                    1162.015503875969,
                    810.8527131782946
                ],
                [
                    1159.6899224806202,
                    843.4108527131783
                ],
                [
                    1164.3410852713178,
                    892.2480620155038
                ],
                [
                    1173.6434108527133,
                    902.3255813953488
                ],
                [
                    1180.6201550387595,
                    909.3023255813953
                ],
                [
                    1155.0387596899225,
                    892.2480620155038
                ],
                [
                    1145.7364341085272,
                    893.798449612403
                ],
                [
                    1153.4883720930231,
                    925.5813953488372
                ],
                [
                    1159.6899224806202,
                    944.1860465116279
                ],
                [
                    1180.6201550387595,
                    956.5891472868217
                ],
                [
                    1189.922480620155,
                    970.5426356589147
                ],
                [
                    1201.550387596899,
                    979.0697674418604
                ],
                [
                    1210.8527131782946,
                    968.2170542635658
                ],
                [
                    1206.2015503875969,
                    955.0387596899225
                ],
                [
                    1212.4031007751937,
                    942.6356589147287
                ],
                [
                    1213.1782945736434,
                    934.1085271317829
                ],
                [
                    1230.2325581395348,
                    929.4573643410853
                ],
                [
                    1247.2868217054263,
                    933.3333333333333
                ],
                [
                    1266.6666666666667,
                    952.7131782945736
                ],
                [
                    1266.6666666666667,
                    966.6666666666666
                ],
                [
                    1289.922480620155,
                    954.2635658914728
                ],
                [
                    1313.1782945736434,
                    931.782945736434
                ],
                [
                    1331.7829457364342,
                    922.4806201550388
                ],
                [
                    1333.3333333333333,
                    867.4418604651163
                ],
                [
                    1344.1860465116279,
                    858.9147286821706
                ],
                [
                    1327.1317829457364,
                    845.7364341085271
                ],
                [
                    1272.093023255814,
                    809.3023255813953
                ],
                [
                    1242.6356589147285,
                    806.2015503875969
                ],
                [
                    1242.6356589147285,
                    796.8992248062016
                ],
                [
                    1260.4651162790697,
                    793.0232558139535
                ],
                [
                    1258.9147286821706,
                    776.7441860465116
                ],
                [
                    1263.565891472868,
                    755.0387596899225
                ],
                [
                    1251.1627906976744,
                    734.8837209302326
                ],
                [
                    1238.7596899224807,
                    727.1317829457364
                ]
            ],
            "group_id": null,
            "shape_type": "polygon",
            "flags": {}
        },
        {
            "label": "person",
            "points": [
                [
                    1875.7575757575758,
                    761.6161616161617
                ],
                [
                    1901.010101010101,
                    749.4949494949495
                ],
                [
                    1919.1919191919192,
                    750.5050505050505
                ],
                [
                    1936.3636363636365,
                    765.6565656565657
                ],
                [
                    1930.3030303030303,
                    794.9494949494949
                ],
                [
                    1937.3737373737374,
                    808.0808080808081
                ],
                [
                    1967.6767676767677,
                    847.4747474747475
                ],
                [
                    1988.888888888889,
                    889.89898989899
                ],
                [
                    1996.969696969697,
                    937.3737373737374
                ],
                [
                    1980.8080808080808,
                    941.4141414141415
                ],
                [
                    1977.7777777777778,
                    978.7878787878788
                ],
                [
                    1998.989898989899,
                    1009.0909090909091
                ],
                [
                    2030.3030303030303,
                    1052.5252525252524
                ],
                [
                    2031.3131313131314,
                    1063.6363636363637
                ],
                [
                    1965.6565656565656,
                    1063.6363636363637
                ],
                [
                    1965.6565656565656,
                    1049.4949494949494
                ],
                [
                    1990.909090909091,
                    1042.4242424242425
                ],
                [
                    1974.7474747474748,
                    1014.1414141414142
                ],
                [
                    1961.6161616161617,
                    1002.0202020202021
                ],
                [
                    1966.6666666666667,
                    1020.2020202020202
                ],
                [
                    1944.4444444444446,
                    1032.3232323232323
                ],
                [
                    1913.1313131313132,
                    1037.3737373737374
                ],
                [
                    1911.111111111111,
                    1030.3030303030303
                ],
                [
                    1929.2929292929293,
                    1012.1212121212121
                ],
                [
                    1921.2121212121212,
                    990.9090909090909
                ],
                [
                    1886.8686868686868,
                    950.5050505050505
                ],
                [
                    1900.0,
                    923.2323232323232
                ],
                [
                    1920.2020202020203,
                    907.070707070707
                ],
                [
                    1925.2525252525252,
                    888.8888888888889
                ],
                [
                    1893.939393939394,
                    893.939393939394
                ],
                [
                    1884.8484848484848,
                    908.0808080808081
                ],
                [
                    1860.6060606060605,
                    907.070707070707
                ],
                [
                    1858.5858585858587,
                    882.8282828282828
                ],
                [
                    1887.878787878788,
                    874.7474747474747
                ],
                [
                    1906.060606060606,
                    864.6464646464647
                ],
                [
                    1906.060606060606,
                    820.2020202020202
                ],
                [
                    1891.919191919192,
                    821.2121212121212
                ],
                [
                    1874.7474747474748,
                    807.070707070707
                ],
                [
                    1870.7070707070707,
                    779.7979797979798
                ]
            ],
            "group_id": null,
            "shape_type": "polygon",
            "flags": {}
        },
        {
            "label": "person",
            "points": [
                [
                    2178.787878787879,
                    761.6161616161617
                ],
                [
                    2166.6666666666665,
                    737.3737373737374
                ],
                [
                    2154.5454545454545,
                    731.3131313131313
                ],
                [
                    2136.3636363636365,
                    735.3535353535353
                ],
                [
                    2125.252525252525,
                    762.6262626262626
                ],
                [
                    2129.2929292929293,
                    789.89898989899
                ],
                [
                    2127.2727272727275,
                    826.2626262626262
                ],
                [
                    2119.191919191919,
                    852.5252525252525
                ],
                [
                    2103.030303030303,
                    868.6868686868687
                ],
                [
                    2105.050505050505,
                    886.8686868686868
                ],
                [
                    2105.050505050505,
                    913.1313131313132
                ],
                [
                    2102.020202020202,
                    948.4848484848485
                ],
                [
                    2097.979797979798,
                    961.6161616161617
                ],
                [
                    2117.1717171717173,
                    961.6161616161617
                ],
                [
                    2132.3232323232323,
                    889.89898989899
                ],
                [
                    2150.5050505050503,
                    872.7272727272727
                ],
                [
                    2160.6060606060605,
                    881.8181818181819
                ],
                [
                    2179.7979797979797,
                    893.939393939394
                ],
                [
                    2179.7979797979797,
                    956.5656565656566
                ],
                [
                    2179.7979797979797,
                    963.6363636363636
                ],
                [
                    2212.121212121212,
                    960.6060606060606
                ],
                [
                    2204.040404040404,
                    940.4040404040404
                ],
                [
                    2201.010101010101,
                    917.1717171717172
                ],
                [
                    2192.929292929293,
                    863.6363636363636
                ],
                [
                    2184.848484848485,
                    844.4444444444445
                ],
                [
                    2181.818181818182,
                    805.0505050505051
                ],
                [
                    2211.1111111111113,
                    814.1414141414142
                ],
                [
                    2219.191919191919,
                    808.0808080808081
                ],
                [
                    2215.151515151515,
                    787.8787878787879
                ],
                [
                    2198.989898989899,
                    772.7272727272727
                ],
                [
                    2197.979797979798,
                    742.4242424242424
                ],
                [
                    2192.929292929293,
                    736.3636363636364
                ],
                [
                    2186.868686868687,
                    734.3434343434343
                ]
            ],
            "group_id": null,
            "shape_type": "polygon",
            "flags": {}
        },
        {
            "label": "person",
            "points": [
                [
                    367.25663716814154,
                    737.1681415929203
                ],
                [
                    351.32743362831854,
                    728.3185840707964
                ],
                [
                    326.54867256637164,
                    725.6637168141592
                ],
                [
                    315.0442477876106,
                    735.3982300884956
                ],
                [
                    312.3893805309734,
                    762.8318584070796
                ],
                [
                    323.8938053097345,
                    785.8407079646017
                ],
                [
                    308.84955752212386,
                    804.4247787610618
                ],
                [
                    315.929203539823,
                    856.6371681415928
                ],
                [
                    311.504424778761,
                    910.6194690265486
                ],
                [
                    312.3893805309734,
                    944.2477876106194
                ],
                [
                    323.00884955752207,
                    974.3362831858406
                ],
                [
                    318.58407079646014,
                    1004.4247787610618
                ],
                [
                    298.2300884955752,
                    1043.362831858407
                ],
                [
                    292.03539823008845,
                    1073.4513274336282
                ],
                [
                    296.46017699115043,
                    1083.1858407079644
                ],
                [
                    356.6371681415929,
                    1084.0707964601768
                ],
                [
                    354.8672566371681,
                    1068.1415929203538
                ],
                [
                    327.43362831858406,
                    1056.6371681415928
                ],
                [
                    345.13274336283183,
                    1000.8849557522122
                ],
                [
                    353.9823008849557,
                    1001.7699115044247
                ],
                [
                    378.7610619469026,
                    1075.221238938053
                ],
                [
                    426.54867256637164,
                    1083.1858407079644
                ],
                [
                    434.51327433628313,
                    1069.9115044247787
                ],
                [
                    415.0442477876106,
                    1059.29203539823
                ],
                [
                    399.1150442477876,
                    1043.362831858407
                ],
                [
                    389.3805309734513,
                    991.150442477876
                ],
                [
                    384.9557522123893,
                    951.3274336283184
                ],
                [
                    380.5309734513274,
                    930.9734513274335
                ],
                [
                    383.1858407079646,
                    904.4247787610618
                ],
                [
                    366.3716814159292,
                    829.2035398230088
                ],
                [
                    370.7964601769911,
                    799.9999999999999
                ],
                [
                    381.4159292035398,
                    777.8761061946902
                ],
                [
                    378.7610619469026,
                    751.3274336283185
                ],
                [
                    397.3451327433628,
                    737.1681415929203
                ],
                [
                    386.7256637168141,
                    729.2035398230088
                ]
            ],
            "group_id": null,
            "shape_type": "polygon",
            "flags": {}
        },
        {
            "label": "person",
            "points": [
                [
                    461.11111111111114,
                    668.0555555555555
                ],
                [
                    400.0,
                    693.0555555555555
                ],
                [
                    393.05555555555554,
                    655.5555555555555
                ],
                [
                    380.55555555555554,
                    643.0555555555555
                ],
                [
                    354.1666666666667,
                    645.8333333333334
                ],
                [
                    336.11111111111114,
                    665.2777777777778
                ],
                [
                    348.61111111111114,
                    706.9444444444445
                ],
                [
                    327.77777777777777,
                    723.6111111111111
                ],
                [
                    377.77777777777777,
                    730.5555555555555
                ],
                [
                    390.27777777777777,
                    730.5555555555555
                ],
                [
                    387.5,
                    748.6111111111111
                ],
                [
                    383.33333333333337,
                    786.1111111111111
                ],
                [
                    370.83333333333337,
                    808.3333333333334
                ],
                [
                    384.72222222222223,
                    911.1111111111112
                ],
                [
                    391.6666666666667,
                    890.2777777777778
                ],
                [
                    394.44444444444446,
                    823.6111111111111
                ],
                [
                    408.33333333333337,
                    887.5
                ],
                [
                    413.8888888888889,
                    876.3888888888889
                ],
                [
                    413.8888888888889,
                    797.2222222222223
                ],
                [
                    409.72222222222223,
                    765.2777777777778
                ],
                [
                    406.94444444444446,
                    738.8888888888889
                ],
                [
                    395.83333333333337,
                    711.1111111111111
                ],
                [
                    469.44444444444446,
                    679.1666666666667
                ],
                [
                    486.11111111111114,
                    676.3888888888889
                ],
                [
                    479.1666666666667,
                    659.7222222222223
                ]
            ],
            "group_id": null,
            "shape_type": "polygon",
            "flags": {}
        },
        {
            "label": "person",
            "points": [
                [
                    336.04651162790697,
                    670.9302325581396
                ],
                [
                    322.09302325581393,
                    666.2790697674419
                ],
                [
                    311.6279069767442,
                    686.046511627907
                ],
                [
                    311.6279069767442,
                    708.1395348837209
                ],
                [
                    297.6744186046512,
                    715.1162790697674
                ],
                [
                    283.72093023255815,
                    766.2790697674419
                ],
                [
                    260.4651162790698,
                    796.5116279069767
                ],
                [
                    272.09302325581393,
                    800.0
                ],
                [
                    301.16279069767444,
                    751.1627906976744
                ],
                [
                    310.4651162790698,
                    876.7441860465117
                ],
                [
                    304.6511627906977,
                    917.4418604651163
                ],
                [
                    312.7906976744186,
                    917.4418604651163
                ],
                [
                    311.6279069767442,
                    805.8139534883721
                ],
                [
                    323.25581395348837,
                    784.8837209302326
                ],
                [
                    313.95348837209303,
                    751.1627906976744
                ],
                [
                    318.60465116279073,
                    729.0697674418604
                ],
                [
                    340.69767441860466,
                    717.4418604651163
                ],
                [
                    347.6744186046512,
                    708.1395348837209
                ]
            ],
            "group_id": null,
            "shape_type": "polygon",
            "flags": {}
        },
        {
            "label": "handbag",
            "points": [
                [
                    712.2137404580152,
                    764.8854961832061
                ],
                [
                    716.7938931297709,
                    781.679389312977
                ],
                [
                    754.9618320610687,
                    789.3129770992366
                ],
                [
                    786.2595419847328,
                    780.9160305343511
                ],
                [
                    780.9160305343511,
                    756.4885496183206
                ],
                [
                    773.2824427480916,
                    750.3816793893129
                ],
                [
                    772.5190839694657,
                    764.8854961832061
                ]
            ],
            "group_id": null,
            "shape_type": "polygon",
            "flags": {}
        }
    ],
    "imagePath": "../../OlympusEPL6_PNG/OlympusEPL6_0042.PNG",
    "imageData": null,
    "imageHeight": 1736,
    "imageWidth": 2320
}