{
    "version": "4.5.6",
    "flags": {},
    "shapes": [
        {
            "label": "car",
            "points": [
                [
                    1798.076923076923,
                    3.846153846153846
                ],
                [
                    1815.3846153846152,
                    21.153846153846153
                ],
                [
                    1834.6153846153845,
                    26.923076923076923
                ],
                [
                    1848.076923076923,
                    51.92307692307692
                ],
                [
                    2125.0,
                    84.61538461538461
                ],
                [
                    2238.4615384615386,
                    94.23076923076923
                ],
                [
                    2263.4615384615386,
                    17.307692307692307
                ],
                [
                    2265.3846153846152,
                    1.923076923076923
                ]
            ],
            "group_id": null,
            "shape_type": "polygon",
            "flags": {}
        }
    ],
    "imagePath": "../../OlympusEPL6_PNG/OlympusEPL6_0048.PNG",
    "imageData": null,
    "imageHeight": 1736,
    "imageWidth": 2320
}