{
    "version": "4.5.6",
    "flags": {},
    "shapes": [
        {
            "label": "chair",
            "points": [
                [
                    166.42857142857133,
                    747.7142857142857
                ],
                [
                    519.9999999999998,
                    754.8571428571428
                ],
                [
                    502.1428571428571,
                    872.7142857142857
                ],
                [
                    519.9999999999998,
                    1219.142857142857
                ],
                [
                    152.1428571428571,
                    1301.2857142857142
                ],
                [
                    0,
                    1242
                ],
                [
                    0,
                    790
                ],
                [
                    145.0,
                    790.5714285714284
                ]
            ],
            "group_id": null,
            "shape_type": "polygon",
            "flags": {}
        },
        {
            "label": "chair",
            "points": [
                [
                    569.9999999999998,
                    747.7142857142857
                ],
                [
                    573.5714285714284,
                    801.2857142857142
                ],
                [
                    523.5714285714284,
                    801.2857142857142
                ],
                [
                    505.71428571428555,
                    976.2857142857142
                ],
                [
                    330.71428571428555,
                    972.7142857142857
                ],
                [
                    344.9999999999998,
                    1176.2857142857142
                ],
                [
                    523.5714285714284,
                    1229.8571428571427
                ],
                [
                    680.7142857142856,
                    1201.2857142857142
                ],
                [
                    830.7142857142856,
                    1144.142857142857
                ],
                [
                    809.2857142857142,
                    790.5714285714284
                ]
            ],
            "group_id": null,
            "shape_type": "polygon",
            "flags": {}
        }
    ],
    "imagePath": "../../OlympusEPL6_PNG/OlympusEPL6_0063.PNG",
    "imageData": null,
    "imageHeight": 2320,
    "imageWidth": 1736
}