{
    "version": "4.5.6",
    "flags": {},
    "shapes": [
        {
            "label": "person",
            "points": [
                [
                    2073.6842105263154,
                    929.8245614035087
                ],
                [
                    2057.894736842105,
                    935.0877192982455
                ],
                [
                    2054.3859649122805,
                    970.1754385964912
                ],
                [
                    2038.59649122807,
                    984.2105263157894
                ],
                [
                    2036.8421052631577,
                    1022.8070175438595
                ],
                [
                    2045.614035087719,
                    1029.8245614035086
                ],
                [
                    2031.5789473684208,
                    1064.9122807017543
                ],
                [
                    2049.1228070175434,
                    1163.157894736842
                ],
                [
                    2101.754385964912,
                    1171.9298245614034
                ],
                [
                    2087.719298245614,
                    1071.9298245614034
                ],
                [
                    2098.2456140350873,
                    1070.1754385964912
                ],
                [
                    2091.2280701754385,
                    1028.0701754385964
                ],
                [
                    2103.5087719298244,
                    1003.5087719298244
                ],
                [
                    2108.771929824561,
                    982.456140350877
                ],
                [
                    2096.491228070175,
                    935.0877192982455
                ]
            ],
            "group_id": null,
            "shape_type": "polygon",
            "flags": {}
        },
        {
            "label": "person",
            "points": [
                [
                    1443.8596491228068,
                    952.6315789473683
                ],
                [
                    1419.2982456140348,
                    950.877192982456
                ],
                [
                    1412.2807017543857,
                    984.2105263157894
                ],
                [
                    1401.7543859649122,
                    1005.2631578947368
                ],
                [
                    1412.2807017543857,
                    1084.2105263157894
                ],
                [
                    1456.1403508771928,
                    1089.4736842105262
                ],
                [
                    1454.3859649122805,
                    1040.3508771929824
                ],
                [
                    1475.4385964912278,
                    1043.859649122807
                ],
                [
                    1466.6666666666665,
                    994.736842105263
                ],
                [
                    1449.1228070175437,
                    991.2280701754385
                ]
            ],
            "group_id": null,
            "shape_type": "polygon",
            "flags": {}
        },
        {
            "label": "person",
            "points": [
                [
                    843.8596491228069,
                    978.9473684210525
                ],
                [
                    838.5964912280701,
                    914.0350877192982
                ],
                [
                    859.6491228070174,
                    908.7719298245613
                ],
                [
                    877.1929824561403,
                    943.8596491228069
                ],
                [
                    887.7192982456139,
                    992.9824561403508
                ]
            ],
            "group_id": null,
            "shape_type": "polygon",
            "flags": {}
        },
        {
            "label": "handbag",
            "points": [
                [
                    2049.438202247191,
                    1028.0898876404494
                ],
                [
                    2028.0898876404494,
                    1016.8539325842696
                ],
                [
                    2002.2471910112358,
                    1053.9325842696628
                ],
                [
                    2029.2134831460673,
                    1064.0449438202247
                ]
            ],
            "group_id": null,
            "shape_type": "polygon",
            "flags": {}
        },
        {
            "label": "handbag",
            "points": [
                [
                    1460.6741573033707,
                    1031.4606741573034
                ],
                [
                    1492.1348314606741,
                    1065.1685393258426
                ],
                [
                    1476.4044943820224,
                    1098.876404494382
                ],
                [
                    1460.6741573033707,
                    1082.0224719101122
                ]
            ],
            "group_id": null,
            "shape_type": "polygon",
            "flags": {}
        },
        {
            "label": "bus",
            "points": [
                [
                    904.6875,
                    885.9375
                ],
                [
                    985.9375,
                    887.5
                ],
                [
                    998.4375,
                    875.0
                ],
                [
                    1318.75,
                    875.0
                ],
                [
                    1343.75,
                    895.3125
                ],
                [
                    1845.3125,
                    903.125
                ],
                [
                    1850.0,
                    1015.625
                ],
                [
                    1473.4375,
                    1017.1875
                ],
                [
                    1467.1875,
                    989.0625
                ],
                [
                    1456.25,
                    990.625
                ],
                [
                    1443.75,
                    950.0
                ],
                [
                    1420.3125,
                    948.4375
                ],
                [
                    1409.375,
                    979.6875
                ],
                [
                    1396.875,
                    1010.9375
                ],
                [
                    1193.75,
                    1032.8125
                ],
                [
                    1181.25,
                    1039.0625
                ],
                [
                    1023.4375,
                    1006.25
                ],
                [
                    892.1875,
                    993.75
                ]
            ],
            "group_id": null,
            "shape_type": "polygon",
            "flags": {}
        }
    ],
    "imagePath": "../../OlympusEPL6_PNG/OlympusEPL6_0061.PNG",
    "imageData": null,
    "imageHeight": 1736,
    "imageWidth": 2320
}