{
    "version": "4.5.6",
    "flags": {},
    "shapes": [
        {
            "label": "dinning table",
            "points": [
                [
                    312.71428571428555,
                    1746.5714285714284
                ],
                [
                    105.57142857142844,
                    1800.1428571428569
                ],
                [
                    98.42857142857133,
                    1853.7142857142856
                ],
                [
                    148.42857142857133,
                    1860.8571428571427
                ],
                [
                    137,
                    2319
                ],
                [
                    1609.1428571428569,
                    2318.0
                ],
                [
                    1612.7142857142853,
                    1871.5714285714284
                ],
                [
                    1637.7142857142853,
                    1857.285714285714
                ],
                [
                    1634.1428571428569,
                    1807.2857142857142
                ],
                [
                    1405.5714285714284,
                    1746.5714285714284
                ],
                [
                    951.9999999999998,
                    1746.5714285714284
                ],
                [
                    948.4285714285713,
                    1789.4285714285713
                ],
                [
                    323.42857142857133,
                    1792.9999999999998
                ]
            ],
            "group_id": null,
            "shape_type": "polygon",
            "flags": {}
        }
    ],
    "imagePath": "../../OlympusEPL6_PNG/OlympusEPL6_0096.PNG",
    "imageData": null,
    "imageHeight": 2320,
    "imageWidth": 1736
}