{
    "version": "4.5.6",
    "flags": {},
    "shapes": [
        {
            "label": "car",
            "points": [
                [
                    1383.9195979899498,
                    1367.8391959798996
                ],
                [
                    1453.7688442211056,
                    1367.8391959798996
                ],
                [
                    1470.3517587939698,
                    1389.4472361809046
                ],
                [
                    1378.894472361809,
                    1393.9698492462312
                ]
            ],
            "group_id": null,
            "shape_type": "polygon",
            "flags": {}
        },
        {
            "label": "car",
            "points": [
                [
                    1803.3472803347279,
                    1392.0502092050208
                ],
                [
                    1810.878661087866,
                    1384.1004184100418
                ],
                [
                    1830.125523012552,
                    1385.7740585774059
                ],
                [
                    1834.3096234309623,
                    1390.7949790794978
                ]
            ],
            "group_id": null,
            "shape_type": "polygon",
            "flags": {}
        },
        {
            "label": "car",
            "points": [
                [
                    1834.7280334728032,
                    1389.1213389121338
                ],
                [
                    1849.3723849372384,
                    1378.6610878661088
                ],
                [
                    1872.3849372384936,
                    1379.4979079497907
                ],
                [
                    1879.9163179916318,
                    1386.6108786610878
                ],
                [
                    1879.0794979079496,
                    1389.958158995816
                ]
            ],
            "group_id": null,
            "shape_type": "polygon",
            "flags": {}
        },
        {
            "label": "car",
            "points": [
                [
                    1665.2719665271966,
                    1388.2845188284518
                ],
                [
                    1674.8953974895396,
                    1380.7531380753137
                ],
                [
                    1695.397489539749,
                    1383.6820083682007
                ],
                [
                    1702.928870292887,
                    1389.958158995816
                ]
            ],
            "group_id": null,
            "shape_type": "polygon",
            "flags": {}
        },
        {
            "label": "truck",
            "points": [
                [
                    1488.702928870293,
                    1353.5564853556484
                ],
                [
                    1519.6652719665271,
                    1349.3723849372384
                ],
                [
                    1641.0041841004183,
                    1349.7907949790795
                ],
                [
                    1642.2594142259413,
                    1362.7615062761506
                ],
                [
                    1673.6401673640166,
                    1364.4351464435147
                ],
                [
                    1675.7322175732218,
                    1380.3347280334726
                ],
                [
                    1664.0167364016736,
                    1389.958158995816
                ],
                [
                    1487.8661087866108,
                    1389.1213389121338
                ]
            ],
            "group_id": null,
            "shape_type": "polygon",
            "flags": {}
        },
        {
            "label": "person",
            "points": [
                [
                    1881.0276679841895,
                    1388.9328063241105
                ],
                [
                    1880.0395256916995,
                    1376.482213438735
                ],
                [
                    1881.2252964426875,
                    1374.7035573122528
                ],
                [
                    1881.2252964426875,
                    1372.3320158102765
                ],
                [
                    1884.584980237154,
                    1371.9367588932805
                ],
                [
                    1885.177865612648,
                    1374.7035573122528
                ],
                [
                    1887.5494071146243,
                    1375.0988142292488
                ],
                [
                    1887.5494071146243,
                    1389.7233201581025
                ]
            ],
            "group_id": null,
            "shape_type": "polygon",
            "flags": {}
        },
        {
            "label": "person",
            "points": [
                [
                    1505.7312252964425,
                    1387.3517786561263
                ],
                [
                    1507.1146245059288,
                    1372.9249011857705
                ],
                [
                    1507.9051383399208,
                    1368.774703557312
                ],
                [
                    1510.8695652173913,
                    1368.181818181818
                ],
                [
                    1512.0553359683793,
                    1371.9367588932805
                ],
                [
                    1513.0434782608695,
                    1374.5059288537548
                ],
                [
                    1514.2292490118575,
                    1378.8537549407113
                ],
                [
                    1514.6245059288535,
                    1388.5375494071145
                ]
            ],
            "group_id": null,
            "shape_type": "polygon",
            "flags": {}
        },
        {
            "label": "person",
            "points": [
                [
                    1539.3280632411065,
                    1388.3399209486165
                ],
                [
                    1539.7233201581025,
                    1376.482213438735
                ],
                [
                    1539.7233201581025,
                    1372.1343873517785
                ],
                [
                    1542.490118577075,
                    1372.7272727272725
                ],
                [
                    1543.873517786561,
                    1376.284584980237
                ],
                [
                    1547.0355731225295,
                    1388.5375494071145
                ]
            ],
            "group_id": null,
            "shape_type": "polygon",
            "flags": {}
        }
    ],
    "imagePath": "../../OlympusEPL6_PNG/OlympusEPL6_0002.PNG",
    "imageData": null,
    "imageHeight": 1736,
    "imageWidth": 2320
}