{
    "version": "4.5.6",
    "flags": {},
    "shapes": [
        {
            "label": "potted plant",
            "points": [
                [
                    466.42857142857133,
                    1454.8571428571427
                ],
                [
                    519.9999999999998,
                    1469.142857142857
                ],
                [
                    530.7142857142856,
                    1576.2857142857142
                ],
                [
                    462.85714285714266,
                    1572.7142857142856
                ],
                [
                    377.1428571428571,
                    1572.7142857142856
                ],
                [
                    348.57142857142844,
                    1494.142857142857
                ]
            ],
            "group_id": null,
            "shape_type": "polygon",
            "flags": {}
        },
        {
            "label": "potted plant",
            "points": [
                [
                    1370.0,
                    1465.5714285714284
                ],
                [
                    1384.2857142857142,
                    1615.5714285714284
                ],
                [
                    1512.8571428571427,
                    1626.2857142857142
                ],
                [
                    1555.7142857142853,
                    1508.4285714285713
                ],
                [
                    1555.7142857142853,
                    1465.5714285714284
                ],
                [
                    1605.7142857142853,
                    1390.5714285714284
                ],
                [
                    1677.1428571428569,
                    1336.9999999999998
                ],
                [
                    1612.8571428571427,
                    1176.2857142857142
                ],
                [
                    1548.5714285714284,
                    1097.7142857142856
                ],
                [
                    1437.8571428571427,
                    1087.0
                ],
                [
                    1320.0,
                    1094.142857142857
                ],
                [
                    1209.2857142857142,
                    1151.2857142857142
                ],
                [
                    1205.7142857142853,
                    1258.4285714285713
                ],
                [
                    1312.8571428571427,
                    1365.5714285714284
                ]
            ],
            "group_id": null,
            "shape_type": "polygon",
            "flags": {}
        },
        {
            "label": "potted plant",
            "points": [
                [
                    660.7594936708861,
                    1312.6582278481012
                ],
                [
                    665.8227848101266,
                    1364.5569620253164
                ],
                [
                    703.7974683544303,
                    1367.0886075949365
                ],
                [
                    729.1139240506329,
                    1320.253164556962
                ],
                [
                    718.9873417721519,
                    1305.0632911392404
                ],
                [
                    762.0253164556962,
                    1283.5443037974683
                ],
                [
                    732.9113924050632,
                    1255.6962025316454
                ],
                [
                    705.0632911392405,
                    1251.8987341772151
                ],
                [
                    662.0253164556962,
                    1264.5569620253164
                ],
                [
                    660.7594936708861,
                    1292.4050632911392
                ]
            ],
            "group_id": null,
            "shape_type": "polygon",
            "flags": {}
        },
        {
            "label": "potted plant",
            "points": [
                [
                    575.9493670886076,
                    1351.8987341772151
                ],
                [
                    570.8860759493671,
                    1412.6582278481012
                ],
                [
                    537.9746835443037,
                    1413.9240506329113
                ],
                [
                    497.46835443037975,
                    1400.0
                ],
                [
                    484.8101265822785,
                    1355.6962025316454
                ],
                [
                    493.67088607594934,
                    1351.8987341772151
                ],
                [
                    489.873417721519,
                    1312.6582278481012
                ],
                [
                    501.2658227848101,
                    1289.873417721519
                ],
                [
                    543.0379746835442,
                    1294.9367088607594
                ],
                [
                    570.8860759493671,
                    1317.7215189873418
                ]
            ],
            "group_id": null,
            "shape_type": "polygon",
            "flags": {}
        },
        {
            "label": "potted plant",
            "points": [
                [
                    1307.936507936508,
                    1426.984126984127
                ],
                [
                    1317.4603174603174,
                    1547.6190476190477
                ],
                [
                    1355.5555555555557,
                    1549.2063492063492
                ],
                [
                    1373.015873015873,
                    1452.3809523809523
                ],
                [
                    1400.0,
                    1393.6507936507937
                ],
                [
                    1400.0,
                    1363.4920634920634
                ],
                [
                    1341.2698412698412,
                    1350.7936507936508
                ],
                [
                    1314.2857142857142,
                    1363.4920634920634
                ],
                [
                    1309.5238095238094,
                    1395.2380952380952
                ]
            ],
            "group_id": null,
            "shape_type": "polygon",
            "flags": {}
        },
        {
            "label": "potted plant",
            "points": [
                [
                    1252.3809523809523,
                    1385.7142857142858
                ],
                [
                    1257.142857142857,
                    1461.904761904762
                ],
                [
                    1287.3015873015872,
                    1504.7619047619048
                ],
                [
                    1306.3492063492063,
                    1517.4603174603174
                ],
                [
                    1315.873015873016,
                    1388.888888888889
                ],
                [
                    1347.6190476190477,
                    1338.095238095238
                ],
                [
                    1312.6984126984128,
                    1322.2222222222222
                ],
                [
                    1268.2539682539682,
                    1334.920634920635
                ],
                [
                    1236.5079365079364,
                    1369.8412698412699
                ]
            ],
            "group_id": null,
            "shape_type": "polygon",
            "flags": {}
        }
    ],
    "imagePath": "../../OlympusEPL6_PNG/OlympusEPL6_0080.PNG",
    "imageData": null,
    "imageHeight": 2320,
    "imageWidth": 1736
}