{
    "version": "4.5.6",
    "flags": {},
    "shapes": [
        {
            "label": "person",
            "points": [
                [
                    1330.167597765363,
                    1677.6536312849162
                ],
                [
                    1321.7877094972066,
                    1657.5418994413408
                ],
                [
                    1332.9608938547485,
                    1644.1340782122904
                ],
                [
                    1343.5754189944134,
                    1641.899441340782
                ],
                [
                    1337.9888268156424,
                    1634.63687150838
                ],
                [
                    1333.5195530726257,
                    1622.9050279329608
                ],
                [
                    1326.2569832402235,
                    1617.877094972067
                ],
                [
                    1313.9664804469273,
                    1617.877094972067
                ],
                [
                    1308.3798882681565,
                    1621.7877094972066
                ],
                [
                    1304.4692737430166,
                    1633.5195530726257
                ],
                [
                    1302.2346368715084,
                    1640.7821229050278
                ],
                [
                    1283.7988826815642,
                    1655.3072625698323
                ],
                [
                    1286.5921787709497,
                    1668.7150837988827
                ],
                [
                    1291.6201117318435,
                    1681.5642458100558
                ],
                [
                    1293.296089385475,
                    1693.854748603352
                ],
                [
                    1293.854748603352,
                    1709.4972067039105
                ],
                [
                    1288.826815642458,
                    1733.5195530726257
                ],
                [
                    1334.63687150838,
                    1734.0782122905027
                ],
                [
                    1354.1899441340781,
                    1732.9608938547485
                ],
                [
                    1355.3072625698323,
                    1725.6983240223462
                ],
                [
                    1351.9553072625697,
                    1720.1117318435754
                ],
                [
                    1332.4022346368715,
                    1707.8212290502793
                ],
                [
                    1329.608938547486,
                    1687.7094972067039
                ],
                [
                    1343.0167597765362,
                    1692.7374301675977
                ],
                [
                    1350.8379888268157,
                    1686.0335195530727
                ],
                [
                    1360.3351955307262,
                    1679.8882681564246
                ],
                [
                    1360.3351955307262,
                    1675.977653631285
                ],
                [
                    1349.7206703910615,
                    1677.6536312849162
                ],
                [
                    1341.340782122905,
                    1678.2122905027932
                ]
            ],
            "group_id": null,
            "shape_type": "polygon",
            "flags": {}
        },
        {
            "label": "backpack",
            "points": [
                [
                    1282.68156424581,
                    1657.5418994413408
                ],
                [
                    1272.6256983240223,
                    1663.1284916201116
                ],
                [
                    1267.0391061452515,
                    1673.7430167597765
                ],
                [
                    1263.1284916201116,
                    1681.0055865921788
                ],
                [
                    1258.659217877095,
                    1688.826815642458
                ],
                [
                    1258.659217877095,
                    1705.5865921787708
                ],
                [
                    1264.2458100558658,
                    1722.3463687150838
                ],
                [
                    1280.4469273743016,
                    1724.022346368715
                ],
                [
                    1290.5027932960893,
                    1707.2625698324023
                ],
                [
                    1291.0614525139665,
                    1694.413407821229
                ],
                [
                    1289.9441340782123,
                    1675.977653631285
                ],
                [
                    1286.5921787709497,
                    1671.508379888268
                ]
            ],
            "group_id": null,
            "shape_type": "polygon",
            "flags": {}
        }
    ],
    "imagePath": "../../OlympusEPL6_PNG/OlympusEPL6_0062.PNG",
    "imageData": null,
    "imageHeight": 1736,
    "imageWidth": 2320
}