{
    "version": "4.5.6",
    "flags": {},
    "shapes": [
        {
            "label": "bench",
            "points": [
                [
                    1380.5853658536585,
                    1514.6341463414633
                ],
                [
                    1731.8048780487802,
                    1519.5121951219512
                ],
                [
                    1731.8048780487802,
                    1731.7073170731705
                ],
                [
                    1726.9268292682927,
                    1653.6585365853657
                ],
                [
                    1370.8292682926829,
                    1634.1463414634145
                ],
                [
                    1370.8292682926829,
                    1678.0487804878048
                ],
                [
                    1326.9268292682925,
                    1675.6097560975609
                ],
                [
                    1309.8536585365853,
                    1656.0975609756097
                ],
                [
                    1317.170731707317,
                    1585.3658536585365
                ],
                [
                    1329.3658536585365,
                    1563.4146341463413
                ],
                [
                    1361.0731707317073,
                    1565.8536585365853
                ],
                [
                    1370.8292682926829,
                    1570.731707317073
                ]
            ],
            "group_id": null,
            "shape_type": "polygon",
            "flags": {}
        },
        {
            "label": "car",
            "points": [
                [
                    1505.6737588652484,
                    1318.4397163120568
                ],
                [
                    1559.5744680851064,
                    1316.3120567375888
                ],
                [
                    1577.3049645390072,
                    1353.1914893617022
                ],
                [
                    1580.1418439716313,
                    1371.631205673759
                ],
                [
                    1578.7234042553193,
                    1392.9078014184397
                ],
                [
                    1573.049645390071,
                    1397.163120567376
                ],
                [
                    1517.0212765957447,
                    1399.2907801418442
                ],
                [
                    1512.7659574468087,
                    1390.0709219858156
                ],
                [
                    1509.2198581560285,
                    1377.3049645390072
                ],
                [
                    1503.5460992907801,
                    1373.049645390071
                ],
                [
                    1499.2907801418442,
                    1358.8652482269504
                ]
            ],
            "group_id": null,
            "shape_type": "polygon",
            "flags": {}
        },
        {
            "label": "car",
            "points": [
                [
                    1497.163120567376,
                    1365.9574468085107
                ],
                [
                    1512.0567375886526,
                    1377.3049645390072
                ],
                [
                    1514.8936170212767,
                    1392.1985815602839
                ],
                [
                    1518.4397163120568,
                    1407.8014184397164
                ],
                [
                    1515.6028368794327,
                    1423.4042553191491
                ],
                [
                    1509.9290780141844,
                    1433.3333333333335
                ],
                [
                    1495.744680851064,
                    1431.9148936170213
                ]
            ],
            "group_id": null,
            "shape_type": "polygon",
            "flags": {}
        },
        {
            "label": "car",
            "points": [
                [
                    1571.631205673759,
                    1339.7163120567377
                ],
                [
                    1572.340425531915,
                    1321.985815602837
                ],
                [
                    1577.3049645390072,
                    1314.8936170212767
                ],
                [
                    1610.6382978723404,
                    1310.6382978723404
                ],
                [
                    1634.7517730496454,
                    1324.113475177305
                ],
                [
                    1641.1347517730496,
                    1329.7872340425533
                ],
                [
                    1639.7163120567377,
                    1346.099290780142
                ]
            ],
            "group_id": null,
            "shape_type": "polygon",
            "flags": {}
        },
        {
            "label": "car",
            "points": [
                [
                    1643.2624113475179,
                    1341.1347517730496
                ],
                [
                    1641.1347517730496,
                    1326.9503546099293
                ],
                [
                    1648.936170212766,
                    1324.113475177305
                ],
                [
                    1654.9815498154983,
                    1311.070110701107
                ],
                [
                    1677.3049645390072,
                    1309.9290780141844
                ],
                [
                    1687.9432624113476,
                    1314.1843971631206
                ],
                [
                    1691.4893617021278,
                    1324.113475177305
                ],
                [
                    1688.6524822695037,
                    1346.099290780142
                ],
                [
                    1648.936170212766,
                    1346.808510638298
                ]
            ],
            "group_id": null,
            "shape_type": "polygon",
            "flags": {}
        },
        {
            "label": "car",
            "points": [
                [
                    1643.5424354243542,
                    1323.6162361623617
                ],
                [
                    1645.018450184502,
                    1306.2730627306273
                ],
                [
                    1649.0774907749078,
                    1296.309963099631
                ],
                [
                    1681.180811808118,
                    1294.0959409594095
                ],
                [
                    1685.9778597785978,
                    1309.9630996309963
                ],
                [
                    1691.8819188191883,
                    1317.3431734317344
                ],
                [
                    1683.7638376383763,
                    1311.070110701107
                ],
                [
                    1673.0627306273063,
                    1309.9630996309963
                ],
                [
                    1653.8745387453876,
                    1311.439114391144
                ],
                [
                    1648.339483394834,
                    1325.461254612546
                ]
            ],
            "group_id": null,
            "shape_type": "polygon",
            "flags": {}
        },
        {
            "label": "car",
            "points": [
                [
                    1710.7011070110702,
                    1326.19926199262
                ],
                [
                    1716.6051660516605,
                    1313.6531365313654
                ],
                [
                    1722.8782287822878,
                    1309.9630996309963
                ],
                [
                    1727.6752767527676,
                    1310.3321033210332
                ],
                [
                    1725.8302583025832,
                    1329.1512915129151
                ]
            ],
            "group_id": null,
            "shape_type": "polygon",
            "flags": {}
        }
    ],
    "imagePath": "../../OlympusEPL6_PNG/OlympusEPL6_0071.PNG",
    "imageData": null,
    "imageHeight": 2320,
    "imageWidth": 1736
}