{
    "version": "4.5.6",
    "flags": {},
    "shapes": [
        {
            "label": "car",
            "points": [
                [
                    5.263157894736842,
                    85.96491228070174
                ],
                [
                    84.21052631578947,
                    77.19298245614034
                ],
                [
                    166.66666666666666,
                    71.9298245614035
                ],
                [
                    329.8245614035087,
                    77.19298245614034
                ],
                [
                    378.9473684210526,
                    80.7017543859649
                ],
                [
                    438.59649122807014,
                    114.03508771929823
                ],
                [
                    454.38596491228066,
                    135.0877192982456
                ],
                [
                    392.98245614035085,
                    135.0877192982456
                ],
                [
                    259.64912280701753,
                    270.1754385964912
                ],
                [
                    263.1578947368421,
                    405.2631578947368
                ],
                [
                    219.29824561403507,
                    436.84210526315786
                ],
                [
                    61.403508771929815,
                    501.7543859649122
                ],
                [
                    5.263157894736842,
                    508.77192982456137
                ]
            ],
            "group_id": null,
            "shape_type": "polygon",
            "flags": {}
        },
        {
            "label": "car",
            "points": [
                [
                    389.4736842105263,
                    73.68421052631578
                ],
                [
                    631.5789473684209,
                    71.9298245614035
                ],
                [
                    691.2280701754386,
                    92.98245614035086
                ],
                [
                    701.7543859649122,
                    131.57894736842104
                ],
                [
                    459.6491228070175,
                    138.59649122807016
                ],
                [
                    445.61403508771923,
                    114.03508771929823
                ]
            ],
            "group_id": null,
            "shape_type": "polygon",
            "flags": {}
        },
        {
            "label": "car",
            "points": [
                [
                    710.5263157894736,
                    129.82456140350877
                ],
                [
                    749.1228070175438,
                    110.52631578947367
                ],
                [
                    899.9999999999999,
                    115.78947368421052
                ],
                [
                    912.2807017543859,
                    128.07017543859646
                ]
            ],
            "group_id": null,
            "shape_type": "polygon",
            "flags": {}
        },
        {
            "label": "car",
            "points": [
                [
                    1356.1403508771928,
                    84.21052631578947
                ],
                [
                    1540.3508771929824,
                    87.71929824561403
                ],
                [
                    1571.9298245614034,
                    135.0877192982456
                ],
                [
                    1412.2807017543857,
                    131.57894736842104
                ]
            ],
            "group_id": null,
            "shape_type": "polygon",
            "flags": {}
        },
        {
            "label": "person",
            "points": [
                [
                    1625.1798561151077,
                    80.57553956834532
                ],
                [
                    1617.2661870503596,
                    91.36690647482014
                ],
                [
                    1617.2661870503596,
                    100.71942446043164
                ],
                [
                    1600.7194244604316,
                    107.19424460431654
                ],
                [
                    1594.9640287769782,
                    126.61870503597122
                ],
                [
                    1594.2446043165467,
                    131.6546762589928
                ],
                [
                    1641.726618705036,
                    132.37410071942446
                ],
                [
                    1643.165467625899,
                    110.7913669064748
                ],
                [
                    1637.410071942446,
                    106.47482014388488
                ],
                [
                    1638.848920863309,
                    95.68345323741006
                ],
                [
                    1638.848920863309,
                    86.33093525179855
                ]
            ],
            "group_id": null,
            "shape_type": "polygon",
            "flags": {}
        },
        {
            "label": "person",
            "points": [
                [
                    1676.9784172661869,
                    67.62589928057554
                ],
                [
                    1669.7841726618703,
                    75.53956834532373
                ],
                [
                    1666.9064748201438,
                    95.68345323741006
                ],
                [
                    1666.9064748201438,
                    102.87769784172662
                ],
                [
                    1657.5539568345323,
                    119.42446043165467
                ],
                [
                    1664.0287769784172,
                    130.2158273381295
                ],
                [
                    1674.8201438848919,
                    132.37410071942446
                ],
                [
                    1715.1079136690646,
                    131.6546762589928
                ],
                [
                    1704.3165467625897,
                    99.99999999999999
                ],
                [
                    1697.1223021582732,
                    99.99999999999999
                ],
                [
                    1692.0863309352517,
                    79.13669064748201
                ],
                [
                    1688.4892086330933,
                    70.50359712230215
                ]
            ],
            "group_id": null,
            "shape_type": "polygon",
            "flags": {}
        }
    ],
    "imagePath": "../../OlympusEPL6_PNG/OlympusEPL6_0066.PNG",
    "imageData": null,
    "imageHeight": 1736,
    "imageWidth": 2320
}