{
    "version": "4.5.6",
    "flags": {},
    "shapes": [
        {
            "label": "handbag",
            "points": [
                [
                    229.64864864864865,
                    108.02702702702703
                ],
                [
                    110.72972972972974,
                    464.7837837837838
                ],
                [
                    45.86486486486484,
                    608.0270270270271
                ],
                [
                    10.72972972972974,
                    675.5945945945946
                ],
                [
                    37.75675675675677,
                    762.081081081081
                ],
                [
                    102.62162162162161,
                    783.7027027027027
                ],
                [
                    348.5675675675676,
                    781.0
                ],
                [
                    440.4594594594595,
                    743.1621621621622
                ],
                [
                    462.08108108108104,
                    653.972972972973
                ],
                [
                    478.2972972972973,
                    572.8918918918919
                ],
                [
                    362.08108108108104,
                    429.64864864864865
                ],
                [
                    262.0810810810811,
                    108.02702702702703
                ]
            ],
            "group_id": null,
            "shape_type": "polygon",
            "flags": {}
        },
        {
            "label": "handbag",
            "points": [
                [
                    710.7297297297298,
                    113.43243243243242
                ],
                [
                    583.7027027027027,
                    445.8648648648649
                ],
                [
                    473.59459459459464,
                    616.8378378378379
                ],
                [
                    438.45945945945954,
                    684.4054054054054
                ],
                [
                    465.48648648648657,
                    770.8918918918919
                ],
                [
                    530.3513513513515,
                    792.5135135135135
                ],
                [
                    776.2972972972974,
                    789.8108108108108
                ],
                [
                    956.6756756756756,
                    764.7837837837837
                ],
                [
                    994.5135135135135,
                    686.4054054054054
                ],
                [
                    940.4594594594594,
                    551.2702702702703
                ],
                [
                    859.3783783783783,
                    416.13513513513516
                ],
                [
                    786.4054054054054,
                    116.13513513513513
                ]
            ],
            "group_id": null,
            "shape_type": "polygon",
            "flags": {}
        },
        {
            "label": "handbag",
            "points": [
                [
                    1189.1081081081081,
                    83.70270270270271
                ],
                [
                    1099.918918918919,
                    472.8918918918919
                ],
                [
                    1010.7297297297298,
                    597.2162162162163
                ],
                [
                    997.2162162162163,
                    672.8918918918919
                ],
                [
                    1005.3243243243244,
                    748.5675675675676
                ],
                [
                    1140.4594594594594,
                    810.7297297297297
                ],
                [
                    1308.027027027027,
                    805.3243243243244
                ],
                [
                    1513.4324324324325,
                    756.6756756756757
                ],
                [
                    1510.7297297297298,
                    656.6756756756757
                ],
                [
                    1478.2972972972973,
                    535.0540540540541
                ],
                [
                    1399.918918918919,
                    399.9189189189189
                ],
                [
                    1275.5945945945946,
                    72.89189189189189
                ]
            ],
            "group_id": null,
            "shape_type": "polygon",
            "flags": {}
        },
        {
            "label": "handbag",
            "points": [
                [
                    554.6756756756757,
                    984.4054054054054
                ],
                [
                    427.64864864864865,
                    1316.837837837838
                ],
                [
                    337.7567567567568,
                    1472.8918918918919
                ],
                [
                    332.35135135135135,
                    1562.081081081081
                ],
                [
                    356.67567567567573,
                    1643.162162162162
                ],
                [
                    435.05405405405406,
                    1691.8108108108108
                ],
                [
                    637.7567567567568,
                    1662.081081081081
                ],
                [
                    800.6216216216216,
                    1635.7567567567567
                ],
                [
                    875.5945945945946,
                    1497.2162162162163
                ],
                [
                    824.2432432432433,
                    1399.918918918919
                ],
                [
                    743.1621621621622,
                    1281.0
                ],
                [
                    630.3513513513514,
                    987.1081081081081
                ]
            ],
            "group_id": null,
            "shape_type": "polygon",
            "flags": {}
        },
        {
            "label": "handbag",
            "points": [
                [
                    202.6216216216216,
                    972.8918918918919
                ],
                [
                    153.97297297297297,
                    975.5945945945946
                ],
                [
                    121.54054054054052,
                    1010.7297297297298
                ],
                [
                    110.72972972972974,
                    1053.972972972973
                ],
                [
                    86.40540540540542,
                    1094.5135135135135
                ],
                [
                    81.0,
                    1153.972972972973
                ],
                [
                    78.29729729729729,
                    1199.918918918919
                ],
                [
                    75.59459459459458,
                    1248.5675675675675
                ],
                [
                    37.75675675675677,
                    1332.3513513513515
                ],
                [
                    29.648648648648646,
                    1364.7837837837837
                ],
                [
                    18.83783783783784,
                    1418.837837837838
                ],
                [
                    8.027027027027032,
                    1645.8648648648648
                ],
                [
                    221.54054054054052,
                    1708.027027027027
                ],
                [
                    383.7027027027027,
                    1672.8918918918919
                ],
                [
                    340.4594594594595,
                    1635.0540540540542
                ],
                [
                    321.5405405405405,
                    1548.5675675675675
                ],
                [
                    345.8648648648649,
                    1448.5675675675675
                ],
                [
                    397.21621621621625,
                    1394.5135135135135
                ],
                [
                    343.1621621621622,
                    1329.6486486486488
                ],
                [
                    313.4324324324324,
                    1232.3513513513515
                ],
                [
                    262.0810810810811,
                    1037.7567567567567
                ]
            ],
            "group_id": null,
            "shape_type": "polygon",
            "flags": {}
        },
        {
            "label": "handbag",
            "points": [
                [
                    1013.4324324324325,
                    997.2162162162163
                ],
                [
                    978.2972972972973,
                    1037.7567567567567
                ],
                [
                    964.7837837837837,
                    1099.918918918919
                ],
                [
                    943.1621621621621,
                    1237.7567567567567
                ],
                [
                    916.1351351351352,
                    1353.972972972973
                ],
                [
                    899.918918918919,
                    1405.3243243243244
                ],
                [
                    872.8918918918919,
                    1437.7567567567569
                ],
                [
                    867.4864864864865,
                    1494.5135135135135
                ],
                [
                    867.4864864864865,
                    1594.5135135135135
                ],
                [
                    910.7297297297298,
                    1656.6756756756756
                ],
                [
                    1210.7297297297298,
                    1629.6486486486488
                ],
                [
                    1226.945945945946,
                    1594.5135135135135
                ],
                [
                    1221.5405405405406,
                    1478.2972972972973
                ],
                [
                    1259.3783783783783,
                    1451.2702702702702
                ],
                [
                    1202.6216216216217,
                    1405.3243243243244
                ],
                [
                    1148.5675675675675,
                    1275.5945945945946
                ],
                [
                    1108.027027027027,
                    1137.7567567567567
                ],
                [
                    1075.5945945945946,
                    1010.7297297297298
                ]
            ],
            "group_id": null,
            "shape_type": "polygon",
            "flags": {}
        },
        {
            "label": "handbag",
            "points": [
                [
                    1472.8918918918919,
                    975.5945945945946
                ],
                [
                    1416.1351351351352,
                    1045.8648648648648
                ],
                [
                    1391.8108108108108,
                    1126.945945945946
                ],
                [
                    1335.0540540540542,
                    1208.027027027027
                ],
                [
                    1281.0,
                    1264.7837837837837
                ],
                [
                    1264.7837837837837,
                    1343.162162162162
                ],
                [
                    1240.4594594594594,
                    1448.5675675675675
                ],
                [
                    1224.2432432432433,
                    1494.5135135135135
                ],
                [
                    1232.3513513513515,
                    1621.5405405405406
                ],
                [
                    1289.1081081081081,
                    1672.8918918918919
                ],
                [
                    1616.1351351351352,
                    1659.3783783783783
                ],
                [
                    1753.972972972973,
                    1599.918918918919
                ],
                [
                    1737.7567567567569,
                    1451.2702702702702
                ],
                [
                    1689.1081081081081,
                    1351.2702702702702
                ],
                [
                    1640.4594594594596,
                    1240.4594594594594
                ],
                [
                    1572.8918918918919,
                    1075.5945945945946
                ],
                [
                    1526.945945945946,
                    975.5945945945946
                ]
            ],
            "group_id": null,
            "shape_type": "polygon",
            "flags": {}
        },
        {
            "label": "handbag",
            "points": [
                [
                    1710.7297297297298,
                    72.89189189189189
                ],
                [
                    1653.972972972973,
                    126.94594594594594
                ],
                [
                    1637.7567567567569,
                    175.5945945945946
                ],
                [
                    1610.7297297297298,
                    289.1081081081081
                ],
                [
                    1591.8108108108108,
                    370.1891891891892
                ],
                [
                    1581.0,
                    413.43243243243245
                ],
                [
                    1505.3243243243244,
                    429.64864864864865
                ],
                [
                    1505.3243243243244,
                    543.1621621621622
                ],
                [
                    1513.4324324324325,
                    681.0
                ],
                [
                    1591.8108108108108,
                    716.1351351351351
                ],
                [
                    1656.6756756756756,
                    732.3513513513514
                ],
                [
                    1648.5675675675675,
                    599.918918918919
                ],
                [
                    2024.2432432432433,
                    599.918918918919
                ],
                [
                    1978.2972972972975,
                    391.81081081081084
                ],
                [
                    1897.2162162162163,
                    378.2972972972973
                ],
                [
                    1843.162162162162,
                    316.13513513513516
                ],
                [
                    1816.1351351351352,
                    229.64864864864865
                ],
                [
                    1778.2972972972973,
                    124.24324324324326
                ],
                [
                    1756.6756756756756,
                    86.4054054054054
                ]
            ],
            "group_id": null,
            "shape_type": "polygon",
            "flags": {}
        },
        {
            "label": "handbag",
            "points": [
                [
                    2194.5135135135133,
                    83.70270270270271
                ],
                [
                    2143.162162162162,
                    137.75675675675677
                ],
                [
                    2129.6486486486488,
                    213.43243243243245
                ],
                [
                    2086.4054054054054,
                    283.7027027027027
                ],
                [
                    2081.0,
                    294.51351351351354
                ],
                [
                    2026.9459459459458,
                    367.4864864864865
                ],
                [
                    1994.5135135135133,
                    421.5405405405405
                ],
                [
                    2035.0540540540542,
                    602.6216216216217
                ],
                [
                    2118.837837837838,
                    602.6216216216217
                ],
                [
                    2118.837837837838,
                    645.8648648648649
                ],
                [
                    2235.054054054054,
                    662.081081081081
                ],
                [
                    2319,
                    645
                ],
                [
                    2319,
                    243
                ],
                [
                    2264.7837837837837,
                    121.54054054054055
                ],
                [
                    2243.162162162162,
                    94.51351351351352
                ]
            ],
            "group_id": null,
            "shape_type": "polygon",
            "flags": {}
        },
        {
            "label": "handbag",
            "points": [
                [
                    1940.4594594594596,
                    978.2972972972973
                ],
                [
                    1910.7297297297296,
                    1016.1351351351352
                ],
                [
                    1889.1081081081084,
                    1064.7837837837837
                ],
                [
                    1856.6756756756758,
                    1148.5675675675675
                ],
                [
                    1824.2432432432433,
                    1205.3243243243244
                ],
                [
                    1791.8108108108108,
                    1262.081081081081
                ],
                [
                    1756.6756756756756,
                    1324.2432432432433
                ],
                [
                    1726.945945945946,
                    1340.4594594594594
                ],
                [
                    1732.3513513513515,
                    1375.5945945945946
                ],
                [
                    1770.1891891891892,
                    1497.2162162162163
                ],
                [
                    1756.6756756756756,
                    1610.7297297297298
                ],
                [
                    1862.0810810810813,
                    1656.6756756756756
                ],
                [
                    2072.891891891892,
                    1662.081081081081
                ],
                [
                    2183.702702702703,
                    1597.2162162162163
                ],
                [
                    2153.972972972973,
                    1413.4324324324325
                ],
                [
                    2118.837837837838,
                    1372.8918918918919
                ],
                [
                    2062.0810810810813,
                    1197.2162162162163
                ],
                [
                    2008.027027027027,
                    1035.0540540540542
                ]
            ],
            "group_id": null,
            "shape_type": "polygon",
            "flags": {}
        },
        {
            "label": "handbag",
            "points": [
                [
                    2316.135135135135,
                    999.918918918919
                ],
                [
                    2283.702702702703,
                    1099.918918918919
                ],
                [
                    2248.5675675675675,
                    1245.8648648648648
                ],
                [
                    2229.6486486486488,
                    1294.5135135135135
                ],
                [
                    2172.891891891892,
                    1329.6486486486488
                ],
                [
                    2151.2702702702704,
                    1418.837837837838
                ],
                [
                    2181.0,
                    1551.2702702702702
                ],
                [
                    2319,
                    1561
                ]
            ],
            "group_id": null,
            "shape_type": "polygon",
            "flags": {}
        }
    ],
    "imagePath": "../../OlympusEPL6_PNG/OlympusEPL6_0087.PNG",
    "imageData": null,
    "imageHeight": 1736,
    "imageWidth": 2320
}