{
    "version": "4.5.6",
    "flags": {},
    "shapes": [
        {
            "label": "bench",
            "points": [
                [
                    569.8947368421052,
                    1032.1052631578948
                ],
                [
                    343.57894736842104,
                    1347.8947368421052
                ],
                [
                    351.47368421052636,
                    1387.3684210526317
                ],
                [
                    443.57894736842104,
                    1411.0526315789473
                ],
                [
                    469.8947368421052,
                    1600.5263157894738
                ],
                [
                    601.4736842105264,
                    1579.4736842105262
                ],
                [
                    754.1052631578947,
                    1321.578947368421
                ],
                [
                    743.578947368421,
                    1213.6842105263158
                ],
                [
                    804.1052631578947,
                    1071.578947368421
                ],
                [
                    788.3157894736842,
                    1029.4736842105262
                ]
            ],
            "group_id": null,
            "shape_type": "polygon",
            "flags": {}
        },
        {
            "label": "bench",
            "points": [
                [
                    108.51063829787235,
                    448.22695035461
                ],
                [
                    107.80141843971631,
                    456.7375886524823
                ],
                [
                    113.47517730496455,
                    458.15602836879435
                ],
                [
                    117.02127659574468,
                    494.3262411347518
                ],
                [
                    177.3049645390071,
                    496.4539007092199
                ],
                [
                    173.75886524822695,
                    457.44680851063833
                ],
                [
                    190.0709219858156,
                    455.3191489361702
                ],
                [
                    190.0709219858156,
                    446.09929078014187
                ],
                [
                    125.53191489361703,
                    446.09929078014187
                ]
            ],
            "group_id": null,
            "shape_type": "polygon",
            "flags": {}
        },
        {
            "label": "bench",
            "points": [
                [
                    325.53191489361706,
                    455.3191489361702
                ],
                [
                    322.6950354609929,
                    467.3758865248227
                ],
                [
                    350.35460992907804,
                    469.5035460992908
                ],
                [
                    354.6099290780142,
                    499.290780141844
                ],
                [
                    392.1985815602837,
                    501.4184397163121
                ],
                [
                    419.8581560283688,
                    510.63829787234044
                ],
                [
                    412.0567375886525,
                    468.7943262411348
                ],
                [
                    435.4609929078014,
                    460.9929078014185
                ],
                [
                    431.20567375886526,
                    448.936170212766
                ],
                [
                    370.21276595744683,
                    446.8085106382979
                ]
            ],
            "group_id": null,
            "shape_type": "polygon",
            "flags": {}
        }
    ],
    "imagePath": "../../OlympusEPL6_PNG/OlympusEPL6_0012.PNG",
    "imageData": null,
    "imageHeight": 1736,
    "imageWidth": 2320
}