{
    "version": "4.5.6",
    "flags": {},
    "shapes": [
        {
            "label": "potted plant",
            "points": [
                [
                    774.074074074074,
                    41.9753086419753
                ],
                [
                    939.5061728395061,
                    17.28395061728395
                ],
                [
                    940.7407407407406,
                    97.53086419753086
                ],
                [
                    783.9506172839506,
                    113.58024691358024
                ],
                [
                    783.9506172839506,
                    93.82716049382715
                ],
                [
                    783.9506172839506,
                    60.49382716049382
                ]
            ],
            "group_id": null,
            "shape_type": "polygon",
            "flags": {}
        }
    ],
    "imagePath": "../../OlympusEPL6_PNG/OlympusEPL6_0047.PNG",
    "imageData": null,
    "imageHeight": 1736,
    "imageWidth": 2320
}