{
    "version": "4.5.6",
    "flags": {},
    "shapes": [
        {
            "label": "potted plant",
            "points": [
                [
                    2309.684210526316,
                    1587.3684210526314
                ],
                [
                    2191.2631578947367,
                    1563.6842105263158
                ],
                [
                    2104.4210526315787,
                    1534.7368421052631
                ],
                [
                    2028.1052631578946,
                    1468.9473684210527
                ],
                [
                    1838.6315789473683,
                    1224.2105263157894
                ],
                [
                    1814.9473684210527,
                    1113.6842105263158
                ],
                [
                    1564.9473684210527,
                    1200.5263157894738
                ],
                [
                    1730.7368421052631,
                    1090.0
                ],
                [
                    1672.842105263158,
                    1058.421052631579
                ],
                [
                    1651.7894736842104,
                    918.9473684210526
                ],
                [
                    1757.0526315789473,
                    853.1578947368421
                ],
                [
                    1643.8947368421052,
                    763.6842105263157
                ],
                [
                    1662.3157894736842,
                    734.7368421052631
                ],
                [
                    1959.6842105263158,
                    876.8421052631579
                ],
                [
                    1964.9473684210525,
                    837.3684210526316
                ],
                [
                    1925.4736842105262,
                    805.7894736842105
                ],
                [
                    1996.5263157894738,
                    740.0
                ],
                [
                    1983.3684210526317,
                    632.1052631578947
                ],
                [
                    1954.4210526315787,
                    637.3684210526316
                ],
                [
                    1920.2105263157896,
                    668.9473684210526
                ],
                [
                    1909.6842105263158,
                    668.9473684210526
                ],
                [
                    1951.7894736842104,
                    561.0526315789474
                ],
                [
                    2012.3157894736842,
                    558.421052631579
                ],
                [
                    1970.2105263157896,
                    495.2631578947368
                ],
                [
                    1799.157894736842,
                    618.9473684210526
                ],
                [
                    1720.2105263157894,
                    629.4736842105264
                ],
                [
                    1680.7368421052631,
                    611.0526315789474
                ],
                [
                    1672.842105263158,
                    553.1578947368421
                ],
                [
                    1638.6315789473683,
                    566.3157894736842
                ],
                [
                    1575.4736842105262,
                    663.6842105263158
                ],
                [
                    1491.2631578947369,
                    724.2105263157895
                ],
                [
                    1425.4736842105262,
                    747.8947368421052
                ],
                [
                    1420.2105263157894,
                    695.2631578947369
                ],
                [
                    1417.578947368421,
                    618.9473684210526
                ],
                [
                    1486.0,
                    566.3157894736842
                ],
                [
                    1554.421052631579,
                    461.05263157894734
                ],
                [
                    1641.2631578947369,
                    416.3157894736842
                ],
                [
                    1701.7894736842104,
                    432.10526315789474
                ],
                [
                    1743.8947368421052,
                    374.2105263157895
                ],
                [
                    1704.421052631579,
                    337.36842105263156
                ],
                [
                    1672.842105263158,
                    334.7368421052632
                ],
                [
                    1649.157894736842,
                    376.84210526315786
                ],
                [
                    1575.4736842105262,
                    363.6842105263158
                ],
                [
                    1530.7368421052631,
                    321.57894736842104
                ],
                [
                    1446.5263157894738,
                    276.8421052631579
                ],
                [
                    1386.0,
                    229.4736842105263
                ],
                [
                    1420.2105263157894,
                    208.42105263157893
                ],
                [
                    1478.1052631578948,
                    168.94736842105263
                ],
                [
                    1659.6842105263158,
                    61.05263157894737
                ],
                [
                    1746.5263157894738,
                    103.15789473684211
                ],
                [
                    1799.157894736842,
                    132.10526315789474
                ],
                [
                    1833.3684210526314,
                    140.0
                ],
                [
                    1872.842105263158,
                    142.6315789473684
                ],
                [
                    1888.6315789473683,
                    76.84210526315789
                ],
                [
                    1962.3157894736842,
                    50.526315789473685
                ],
                [
                    2007.0526315789475,
                    118.94736842105263
                ],
                [
                    2009.6842105263158,
                    158.42105263157896
                ],
                [
                    2088.6315789473683,
                    187.3684210526316
                ],
                [
                    2133.3684210526317,
                    140.0
                ],
                [
                    2209.684210526316,
                    137.3684210526316
                ],
                [
                    2214.9473684210525,
                    53.1578947368421
                ],
                [
                    2201.7894736842104,
                    8.421052631578949
                ],
                [
                    2319,
                    10
                ]
            ],
            "group_id": null,
            "shape_type": "polygon",
            "flags": {}
        },
        {
            "label": "person",
            "points": [
                [
                    257.6470588235294,
                    848.2352941176471
                ],
                [
                    255.29411764705884,
                    822.3529411764706
                ],
                [
                    268.2352941176471,
                    815.8823529411765
                ],
                [
                    276.47058823529414,
                    818.2352941176471
                ],
                [
                    279.4117647058824,
                    839.4117647058823
                ],
                [
                    282.94117647058823,
                    849.4117647058823
                ]
            ],
            "group_id": null,
            "shape_type": "polygon",
            "flags": {}
        },
        {
            "label": "person",
            "points": [
                [
                    715.8823529411765,
                    855.8823529411765
                ],
                [
                    721.7647058823529,
                    837.0588235294118
                ],
                [
                    737.6470588235294,
                    837.0588235294118
                ],
                [
                    748.8235294117648,
                    846.4705882352941
                ],
                [
                    746.4705882352941,
                    851.7647058823529
                ],
                [
                    745.2941176470589,
                    858.2352941176471
                ],
                [
                    741.7647058823529,
                    860.0
                ],
                [
                    750.0,
                    885.8823529411765
                ],
                [
                    747.6470588235294,
                    895.8823529411765
                ],
                [
                    738.8235294117648,
                    896.4705882352941
                ],
                [
                    737.6470588235294,
                    860.0
                ]
            ],
            "group_id": null,
            "shape_type": "polygon",
            "flags": {}
        },
        {
            "label": "person",
            "points": [
                [
                    1278.8235294117646,
                    887.6470588235294
                ],
                [
                    1281.764705882353,
                    874.1176470588235
                ],
                [
                    1287.0588235294117,
                    853.5294117647059
                ],
                [
                    1297.6470588235295,
                    852.3529411764706
                ],
                [
                    1309.4117647058824,
                    857.6470588235294
                ],
                [
                    1308.8235294117646,
                    868.2352941176471
                ],
                [
                    1306.4705882352941,
                    878.2352941176471
                ],
                [
                    1301.764705882353,
                    880.0
                ],
                [
                    1304.1176470588236,
                    891.1764705882354
                ]
            ],
            "group_id": null,
            "shape_type": "polygon",
            "flags": {}
        },
        {
            "label": "person",
            "points": [
                [
                    1330.5882352941178,
                    883.5294117647059
                ],
                [
                    1330.0,
                    873.5294117647059
                ],
                [
                    1338.235294117647,
                    870.0
                ],
                [
                    1348.235294117647,
                    874.1176470588235
                ],
                [
                    1350.0,
                    888.8235294117648
                ],
                [
                    1330.0,
                    890.0
                ]
            ],
            "group_id": null,
            "shape_type": "polygon",
            "flags": {}
        },
        {
            "label": "person",
            "points": [
                [
                    764.7058823529412,
                    894.1176470588235
                ],
                [
                    763.5294117647059,
                    864.1176470588235
                ],
                [
                    769.4117647058823,
                    860.5882352941177
                ],
                [
                    777.6470588235294,
                    864.1176470588235
                ],
                [
                    777.6470588235294,
                    879.4117647058823
                ],
                [
                    781.1764705882354,
                    892.3529411764706
                ]
            ],
            "group_id": null,
            "shape_type": "polygon",
            "flags": {}
        },
        {
            "label": "person",
            "points": [
                [
                    1711.764705882353,
                    868.8235294117648
                ],
                [
                    1711.1764705882354,
                    861.7647058823529
                ],
                [
                    1706.4705882352941,
                    858.8235294117648
                ],
                [
                    1697.0588235294117,
                    849.4117647058823
                ],
                [
                    1697.6470588235295,
                    838.8235294117648
                ],
                [
                    1705.2941176470588,
                    835.8823529411765
                ],
                [
                    1717.0588235294117,
                    833.5294117647059
                ],
                [
                    1721.1764705882354,
                    851.1764705882354
                ],
                [
                    1731.764705882353,
                    858.2352941176471
                ],
                [
                    1734.1176470588236,
                    863.5294117647059
                ]
            ],
            "group_id": null,
            "shape_type": "polygon",
            "flags": {}
        }
    ],
    "imagePath": "../../OlympusEPL6_PNG/OlympusEPL6_0126.PNG",
    "imageData": null,
    "imageHeight": 1736,
    "imageWidth": 2320
}