{
    "version": "4.5.6",
    "flags": {},
    "shapes": [
        {
            "label": "dinning table",
            "points": [
                [
                    1757.2815533980581,
                    556.3106796116505
                ],
                [
                    1833.9805825242718,
                    544.6601941747573
                ],
                [
                    1966.019417475728,
                    556.3106796116505
                ],
                [
                    1961.1650485436892,
                    561.1650485436893
                ],
                [
                    1948.5436893203882,
                    566.0194174757281
                ],
                [
                    1941.7475728155339,
                    696.1165048543689
                ],
                [
                    1880.5825242718447,
                    711.6504854368932
                ],
                [
                    1766.019417475728,
                    694.1747572815534
                ],
                [
                    1769.902912621359,
                    566.0194174757281
                ],
                [
                    1756.3106796116504,
                    566.9902912621359
                ]
            ],
            "group_id": null,
            "shape_type": "polygon",
            "flags": {}
        }
    ],
    "imagePath": "../../OlympusEPL6_PNG/OlympusEPL6_0060.PNG",
    "imageData": null,
    "imageHeight": 1736,
    "imageWidth": 2320
}