{
    "version": "4.5.6",
    "flags": {},
    "shapes": [
        {
            "label": "chair",
            "points": [
                [
                    9.68421052631578,
                    561.0526315789474
                ],
                [
                    528.1052631578947,
                    561.0526315789474
                ],
                [
                    551.7894736842105,
                    584.7368421052631
                ],
                [
                    501.7894736842105,
                    713.6842105263158
                ],
                [
                    472.8421052631579,
                    795.2631578947369
                ],
                [
                    475.47368421052636,
                    866.3157894736842
                ],
                [
                    443.8947368421052,
                    887.3684210526316
                ],
                [
                    393.8947368421052,
                    1140.0
                ],
                [
                    488.63157894736844,
                    1524.2105263157894
                ],
                [
                    552,
                    1735
                ],
                [
                    4,
                    1735
                ]
            ],
            "group_id": null,
            "shape_type": "polygon",
            "flags": {}
        },
        {
            "label": "chair",
            "points": [
                [
                    575.4736842105264,
                    621.578947368421
                ],
                [
                    717.578947368421,
                    558.421052631579
                ],
                [
                    1578.1052631578948,
                    568.9473684210526
                ],
                [
                    1654.421052631579,
                    582.1052631578947
                ],
                [
                    1746.5263157894738,
                    645.2631578947369
                ],
                [
                    1617.578947368421,
                    1142.6315789473683
                ],
                [
                    1667,
                    1735
                ],
                [
                    638,
                    1735
                ],
                [
                    688.6315789473684,
                    1211.0526315789473
                ],
                [
                    649.1578947368421,
                    990.0
                ],
                [
                    557.0526315789474,
                    647.8947368421052
                ]
            ],
            "group_id": null,
            "shape_type": "polygon",
            "flags": {}
        },
        {
            "label": "chair",
            "points": [
                [
                    2309.684210526316,
                    558.421052631579
                ],
                [
                    1846.5263157894738,
                    558.421052631579
                ],
                [
                    1793.8947368421052,
                    568.9473684210526
                ],
                [
                    1783.3684210526314,
                    590.0
                ],
                [
                    1836.0,
                    734.7368421052631
                ],
                [
                    1846.5263157894738,
                    858.421052631579
                ],
                [
                    1849.157894736842,
                    879.4736842105264
                ],
                [
                    1883.3684210526317,
                    897.8947368421052
                ],
                [
                    1920.2105263157896,
                    1147.8947368421052
                ],
                [
                    1936.0,
                    1211.0526315789473
                ],
                [
                    1775.4736842105262,
                    1729.4736842105262
                ],
                [
                    2317.578947368421,
                    1729.4736842105262
                ]
            ],
            "group_id": null,
            "shape_type": "polygon",
            "flags": {}
        }
    ],
    "imagePath": "../../OlympusEPL6_PNG/OlympusEPL6_0098.PNG",
    "imageData": null,
    "imageHeight": 1736,
    "imageWidth": 2320
}