{
    "version": "4.5.6",
    "flags": {},
    "shapes": [
        {
            "label": "boat",
            "points": [
                [
                    772.4444444444445,
                    919.1111111111111
                ],
                [
                    813.3333333333334,
                    918.2222222222222
                ],
                [
                    896.4444444444445,
                    923.5555555555555
                ],
                [
                    896.8888888888889,
                    918.2222222222222
                ],
                [
                    877.3333333333334,
                    910.2222222222222
                ],
                [
                    810.2222222222222,
                    906.6666666666666
                ],
                [
                    771.1111111111111,
                    914.2222222222222
                ]
            ],
            "group_id": null,
            "shape_type": "polygon",
            "flags": {}
        },
        {
            "label": "boat",
            "points": [
                [
                    896.4444444444445,
                    918.2222222222222
                ],
                [
                    951.1111111111111,
                    920.0
                ],
                [
                    951.5555555555555,
                    916.8888888888889
                ],
                [
                    911.1111111111111,
                    908.8888888888889
                ],
                [
                    832.8888888888889,
                    905.7777777777778
                ],
                [
                    876.8888888888889,
                    910.2222222222222
                ]
            ],
            "group_id": null,
            "shape_type": "polygon",
            "flags": {}
        },
        {
            "label": "boat",
            "points": [
                [
                    1462.962962962963,
                    918.5185185185186
                ],
                [
                    1491.7211328976036,
                    918.082788671024
                ],
                [
                    1478.8671023965142,
                    920.6971677559914
                ],
                [
                    1470.3703703703704,
                    924.1830065359477
                ],
                [
                    1452.9411764705883,
                    923.9651416122005
                ]
            ],
            "group_id": null,
            "shape_type": "polygon",
            "flags": {}
        },
        {
            "label": "boat",
            "points": [
                [
                    1493.028322440087,
                    918.082788671024
                ],
                [
                    1535.2941176470588,
                    917.6470588235294
                ],
                [
                    1537.9084967320262,
                    920.6971677559914
                ],
                [
                    1514.8148148148148,
                    923.3115468409586
                ],
                [
                    1483.442265795207,
                    925.0544662309369
                ]
            ],
            "group_id": null,
            "shape_type": "polygon",
            "flags": {}
        },
        {
            "label": "boat",
            "points": [
                [
                    1584.313725490196,
                    915.686274509804
                ],
                [
                    1601.3071895424837,
                    914.8148148148149
                ],
                [
                    1600.4357298474947,
                    918.082788671024
                ],
                [
                    1595.8605664488018,
                    918.9542483660131
                ],
                [
                    1585.1851851851852,
                    920.0435729847495
                ]
            ],
            "group_id": null,
            "shape_type": "polygon",
            "flags": {}
        },
        {
            "label": "boat",
            "points": [
                [
                    1615.9041394335513,
                    915.0326797385621
                ],
                [
                    1628.976034858388,
                    914.3790849673203
                ],
                [
                    1625.9259259259259,
                    918.082788671024
                ],
                [
                    1618.3006535947713,
                    920.479302832244
                ]
            ],
            "group_id": null,
            "shape_type": "polygon",
            "flags": {}
        },
        {
            "label": "boat",
            "points": [
                [
                    1629.847494553377,
                    914.161220043573
                ],
                [
                    1639.2156862745098,
                    913.2897603485839
                ],
                [
                    1634.8583877995643,
                    918.3006535947712
                ],
                [
                    1623.9651416122006,
                    921.1328976034858
                ]
            ],
            "group_id": null,
            "shape_type": "polygon",
            "flags": {}
        }
    ],
    "imagePath": "../../OlympusEPL6_PNG/OlympusEPL6_0018.PNG",
    "imageData": null,
    "imageHeight": 1736,
    "imageWidth": 2320
}