{
    "version": "4.5.6",
    "flags": {},
    "shapes": [
        {
            "label": "bus",
            "points": [
                [
                    1490.721649484536,
                    965.979381443299
                ],
                [
                    1489.6907216494847,
                    1014.4329896907217
                ],
                [
                    1426.8041237113403,
                    1009.2783505154639
                ],
                [
                    1410.3092783505156,
                    1002.0618556701031
                ],
                [
                    1415.4639175257732,
                    951.5463917525774
                ],
                [
                    1431.958762886598,
                    948.4536082474227
                ],
                [
                    1459.7938144329896,
                    946.3917525773196
                ],
                [
                    1472.1649484536083,
                    949.4845360824743
                ],
                [
                    1455.6701030927836,
                    971.1340206185567
                ],
                [
                    1476.2886597938145,
                    982.4742268041238
                ]
            ],
            "group_id": null,
            "shape_type": "polygon",
            "flags": {}
        },
        {
            "label": "truck",
            "points": [
                [
                    1552.5773195876288,
                    1006.1855670103093
                ],
                [
                    1659.7938144329898,
                    1006.1855670103093
                ],
                [
                    1673.1958762886597,
                    1015.4639175257732
                ],
                [
                    1673.1958762886597,
                    1130.9278350515465
                ],
                [
                    1584.5360824742268,
                    1123.7113402061857
                ],
                [
                    1554.639175257732,
                    1100.0
                ]
            ],
            "group_id": null,
            "shape_type": "polygon",
            "flags": {}
        },
        {
            "label": "car",
            "points": [
                [
                    1536.0824742268042,
                    1367.0103092783506
                ],
                [
                    1548.4536082474228,
                    1367.0103092783506
                ],
                [
                    1553.6082474226805,
                    1334.020618556701
                ],
                [
                    1576.2886597938145,
                    1332.9896907216496
                ],
                [
                    1621.6494845360826,
                    1383.5051546391753
                ],
                [
                    1673.1958762886597,
                    1489.6907216494847
                ],
                [
                    1668.041237113402,
                    1513.4020618556701
                ],
                [
                    1659.7938144329898,
                    1524.7422680412371
                ],
                [
                    1563.9175257731958,
                    1534.020618556701
                ],
                [
                    1565.979381443299,
                    1495.8762886597938
                ],
                [
                    1591.7525773195878,
                    1438.1443298969073
                ],
                [
                    1535.0515463917527,
                    1415.4639175257732
                ]
            ],
            "group_id": null,
            "shape_type": "polygon",
            "flags": {}
        },
        {
            "label": "car",
            "points": [
                [
                    819.5876288659794,
                    1132.9896907216496
                ],
                [
                    805.1546391752578,
                    1155.6701030927836
                ],
                [
                    793.8144329896908,
                    1182.4742268041236
                ],
                [
                    789.6907216494845,
                    1213.4020618556701
                ],
                [
                    873.1958762886599,
                    1209.278350515464
                ],
                [
                    873.1958762886599,
                    1196.9072164948454
                ],
                [
                    834.020618556701,
                    1147.4226804123712
                ]
            ],
            "group_id": null,
            "shape_type": "polygon",
            "flags": {}
        },
        {
            "label": "car",
            "points": [
                [
                    735.0515463917526,
                    1068.041237113402
                ],
                [
                    734.020618556701,
                    1117.5257731958764
                ],
                [
                    763.9175257731958,
                    1113.4020618556701
                ],
                [
                    764.9484536082474,
                    1090.721649484536
                ]
            ],
            "group_id": null,
            "shape_type": "polygon",
            "flags": {}
        }
    ],
    "imagePath": "../../OlympusEPL6_PNG/OlympusEPL6_0075.PNG",
    "imageData": null,
    "imageHeight": 1736,
    "imageWidth": 2320
}