{
    "version": "4.5.6",
    "flags": {},
    "shapes": [
        {
            "label": "bench",
            "points": [
                [
                    855.8571428571427,
                    867.9999999999999
                ],
                [
                    437.9999999999998,
                    953.7142857142857
                ],
                [
                    323.71428571428555,
                    925.142857142857
                ],
                [
                    77.28571428571422,
                    978.7142857142857
                ],
                [
                    127.28571428571422,
                    1196.5714285714284
                ],
                [
                    170.1428571428571,
                    1464.4285714285713
                ],
                [
                    216.57142857142844,
                    1567.9999999999998
                ],
                [
                    291.57142857142844,
                    1696.5714285714284
                ],
                [
                    345.1428571428571,
                    1735.8571428571427
                ],
                [
                    380.85714285714266,
                    1875.1428571428569
                ],
                [
                    470.1428571428571,
                    1978.7142857142856
                ],
                [
                    541.5714285714284,
                    1946.5714285714284
                ],
                [
                    455.85714285714266,
                    1803.7142857142856
                ],
                [
                    459.42857142857133,
                    1714.4285714285713
                ],
                [
                    1130.8571428571427,
                    1514.4285714285713
                ],
                [
                    1591.5714285714284,
                    1407.2857142857142
                ],
                [
                    1577.2857142857142,
                    1307.2857142857142
                ],
                [
                    1537.9999999999995,
                    1267.9999999999998
                ],
                [
                    1373.7142857142853,
                    1182.2857142857142
                ],
                [
                    1352.2857142857142,
                    1075.142857142857
                ],
                [
                    1352.2857142857142,
                    1032.2857142857142
                ],
                [
                    1305.8571428571427,
                    925.142857142857
                ],
                [
                    1270.1428571428569,
                    803.7142857142857
                ]
            ],
            "group_id": null,
            "shape_type": "polygon",
            "flags": {}
        },
        {
            "label": "chair",
            "points": [
                [
                    1470.9302325581396,
                    866.2790697674419
                ],
                [
                    1609.3023255813953,
                    888.3720930232558
                ],
                [
                    1731.3953488372094,
                    869.7674418604652
                ],
                [
                    1732.5581395348838,
                    1137.2093023255813
                ],
                [
                    1722.093023255814,
                    1472.093023255814
                ],
                [
                    1703.4883720930234,
                    1472.093023255814
                ],
                [
                    1700.0,
                    1197.6744186046512
                ],
                [
                    1579.0697674418604,
                    1218.6046511627908
                ],
                [
                    1617.4418604651164,
                    1167.4418604651164
                ],
                [
                    1644.7272727272725,
                    1138.181818181818
                ],
                [
                    1639.272727272727,
                    1080.0
                ],
                [
                    1611.9999999999998,
                    1023.6363636363635
                ],
                [
                    1539.2727272727273,
                    1025.4545454545453
                ],
                [
                    1513.8181818181818,
                    1036.3636363636363
                ],
                [
                    1475.6363636363635,
                    1003.6363636363635
                ],
                [
                    1455.6363636363635,
                    952.7272727272726
                ],
                [
                    1453.8181818181818,
                    927.2727272727273
                ]
            ],
            "group_id": null,
            "shape_type": "polygon",
            "flags": {}
        },
        {
            "label": "chair",
            "points": [
                [
                    1499.2727272727273,
                    667.2727272727273
                ],
                [
                    1561.090909090909,
                    689.090909090909
                ],
                [
                    1673.8181818181818,
                    709.090909090909
                ],
                [
                    1704.7272727272725,
                    867.2727272727273
                ],
                [
                    1611.9999999999998,
                    889.090909090909
                ],
                [
                    1539.2727272727273,
                    870.9090909090909
                ],
                [
                    1531.9999999999998,
                    799.9999999999999
                ],
                [
                    1511.9999999999998,
                    727.2727272727273
                ]
            ],
            "group_id": null,
            "shape_type": "polygon",
            "flags": {}
        },
        {
            "label": "chair",
            "points": [
                [
                    1382.9090909090908,
                    505.45454545454544
                ],
                [
                    1446.5454545454545,
                    518.1818181818181
                ],
                [
                    1557.4545454545453,
                    525.4545454545454
                ],
                [
                    1555.6363636363635,
                    678.1818181818181
                ],
                [
                    1504.7272727272725,
                    663.6363636363636
                ],
                [
                    1531.9999999999998,
                    861.8181818181818
                ],
                [
                    1473.8181818181818,
                    861.8181818181818
                ],
                [
                    1473.8181818181818,
                    734.5454545454545
                ],
                [
                    1399.2727272727273,
                    730.9090909090909
                ],
                [
                    1361.090909090909,
                    670.9090909090909
                ],
                [
                    1370.181818181818,
                    641.8181818181818
                ],
                [
                    1371.9999999999998,
                    596.3636363636363
                ],
                [
                    1528.3636363636363,
                    590.9090909090909
                ],
                [
                    1513.8181818181818,
                    561.8181818181818
                ],
                [
                    1390.181818181818,
                    545.4545454545454
                ]
            ],
            "group_id": null,
            "shape_type": "polygon",
            "flags": {}
        },
        {
            "label": "chair",
            "points": [
                [
                    1192.0,
                    578.1818181818181
                ],
                [
                    1292.0,
                    581.8181818181818
                ],
                [
                    1315.6363636363635,
                    652.7272727272726
                ],
                [
                    1253.8181818181818,
                    629.090909090909
                ],
                [
                    1210.181818181818,
                    601.8181818181818
                ]
            ],
            "group_id": null,
            "shape_type": "polygon",
            "flags": {}
        },
        {
            "label": "chair",
            "points": [
                [
                    1695.6363636363635,
                    436.3636363636363
                ],
                [
                    1644.7272727272725,
                    434.5454545454545
                ],
                [
                    1626.5454545454545,
                    543.6363636363636
                ],
                [
                    1570.181818181818,
                    541.8181818181818
                ],
                [
                    1559.2727272727273,
                    581.8181818181818
                ],
                [
                    1619.272727272727,
                    585.4545454545454
                ],
                [
                    1624.7272727272725,
                    630.9090909090909
                ],
                [
                    1626.5454545454545,
                    580.0
                ],
                [
                    1642.9090909090908,
                    541.8181818181818
                ],
                [
                    1691.9999999999998,
                    525.4545454545454
                ]
            ],
            "group_id": null,
            "shape_type": "polygon",
            "flags": {}
        },
        {
            "label": "chair",
            "points": [
                [
                    1515.6363636363635,
                    430.9090909090909
                ],
                [
                    1575.6363636363635,
                    430.9090909090909
                ],
                [
                    1601.090909090909,
                    430.9090909090909
                ],
                [
                    1599.2727272727273,
                    461.81818181818176
                ],
                [
                    1590.181818181818,
                    540.0
                ],
                [
                    1588.3636363636363,
                    629.090909090909
                ],
                [
                    1571.9999999999998,
                    649.090909090909
                ],
                [
                    1557.4545454545453,
                    596.3636363636363
                ],
                [
                    1571.9999999999998,
                    527.2727272727273
                ],
                [
                    1508.3636363636363,
                    514.5454545454545
                ],
                [
                    1506.5454545454545,
                    499.99999999999994
                ],
                [
                    1606.5454545454545,
                    492.7272727272727
                ],
                [
                    1606.5454545454545,
                    476.3636363636363
                ],
                [
                    1497.4545454545453,
                    459.99999999999994
                ]
            ],
            "group_id": null,
            "shape_type": "polygon",
            "flags": {}
        },
        {
            "label": "chair",
            "points": [
                [
                    1352.0,
                    407.27272727272725
                ],
                [
                    1457.4545454545453,
                    399.99999999999994
                ],
                [
                    1453.8181818181818,
                    441.81818181818176
                ],
                [
                    1341.090909090909,
                    436.3636363636363
                ]
            ],
            "group_id": null,
            "shape_type": "polygon",
            "flags": {}
        },
        {
            "label": "chair",
            "points": [
                [
                    992.0,
                    370.9090909090909
                ],
                [
                    928.3636363636363,
                    374.5454545454545
                ],
                [
                    924.7272727272726,
                    469.09090909090907
                ],
                [
                    961.090909090909,
                    492.7272727272727
                ],
                [
                    973.8181818181818,
                    474.5454545454545
                ],
                [
                    971.9999999999999,
                    432.7272727272727
                ]
            ],
            "group_id": null,
            "shape_type": "polygon",
            "flags": {}
        },
        {
            "label": "dinning table",
            "points": [
                [
                    815.6363636363635,
                    454.5454545454545
                ],
                [
                    864.7272727272726,
                    461.81818181818176
                ],
                [
                    919.2727272727271,
                    489.09090909090907
                ],
                [
                    992.0,
                    503.63636363636357
                ],
                [
                    993.8181818181818,
                    514.5454545454545
                ],
                [
                    891.9999999999999,
                    520.0
                ],
                [
                    862.9090909090909,
                    492.7272727272727
                ],
                [
                    815.6363636363635,
                    472.7272727272727
                ]
            ],
            "group_id": null,
            "shape_type": "polygon",
            "flags": {}
        },
        {
            "label": "dinning table",
            "points": [
                [
                    1366.5454545454545,
                    538.1818181818181
                ],
                [
                    1273.8181818181818,
                    534.5454545454545
                ],
                [
                    1230.181818181818,
                    534.5454545454545
                ],
                [
                    1184.7272727272725,
                    567.2727272727273
                ],
                [
                    1290.181818181818,
                    581.8181818181818
                ],
                [
                    1321.090909090909,
                    603.6363636363636
                ],
                [
                    1322.9090909090908,
                    656.3636363636363
                ],
                [
                    1344.7272727272725,
                    665.4545454545454
                ],
                [
                    1348.3636363636363,
                    598.1818181818181
                ],
                [
                    1526.5454545454545,
                    590.9090909090909
                ],
                [
                    1522.9090909090908,
                    563.6363636363636
                ],
                [
                    1464.7272727272725,
                    554.5454545454545
                ]
            ],
            "group_id": null,
            "shape_type": "polygon",
            "flags": {}
        },
        {
            "label": "dinning table",
            "points": [
                [
                    1279.2727272727273,
                    469.09090909090907
                ],
                [
                    1342.9090909090908,
                    483.63636363636357
                ],
                [
                    1342.9090909090908,
                    530.9090909090909
                ],
                [
                    1357.4545454545453,
                    530.9090909090909
                ],
                [
                    1362.9090909090908,
                    490.9090909090909
                ],
                [
                    1451.9999999999998,
                    499.99999999999994
                ],
                [
                    1457.4545454545453,
                    516.3636363636364
                ],
                [
                    1473.8181818181818,
                    518.1818181818181
                ],
                [
                    1475.6363636363635,
                    503.63636363636357
                ],
                [
                    1599.2727272727273,
                    489.09090909090907
                ],
                [
                    1591.9999999999998,
                    470.9090909090909
                ],
                [
                    1388.3636363636363,
                    438.18181818181813
                ],
                [
                    1277.4545454545453,
                    450.9090909090909
                ]
            ],
            "group_id": null,
            "shape_type": "polygon",
            "flags": {}
        },
        {
            "label": "person",
            "points": [
                [
                    908.3636363636363,
                    238.18181818181816
                ],
                [
                    879.2727272727273,
                    238.18181818181816
                ],
                [
                    875.6363636363635,
                    281.8181818181818
                ],
                [
                    875.6363636363635,
                    314.5454545454545
                ],
                [
                    864.7272727272726,
                    343.6363636363636
                ],
                [
                    879.2727272727273,
                    379.99999999999994
                ],
                [
                    884.7272727272726,
                    410.9090909090909
                ],
                [
                    921.090909090909,
                    410.9090909090909
                ],
                [
                    928.3636363636363,
                    372.7272727272727
                ],
                [
                    984.7272727272727,
                    369.09090909090907
                ],
                [
                    971.9999999999999,
                    312.7272727272727
                ],
                [
                    951.9999999999999,
                    280.0
                ],
                [
                    935.6363636363635,
                    278.1818181818182
                ]
            ],
            "group_id": null,
            "shape_type": "polygon",
            "flags": {}
        },
        {
            "label": "person",
            "points": [
                [
                    1464.7272727272725,
                    301.8181818181818
                ],
                [
                    1439.2727272727273,
                    294.5454545454545
                ],
                [
                    1424.7272727272725,
                    321.8181818181818
                ],
                [
                    1426.5454545454545,
                    352.7272727272727
                ],
                [
                    1401.090909090909,
                    350.9090909090909
                ],
                [
                    1386.5454545454545,
                    365.45454545454544
                ],
                [
                    1430.181818181818,
                    372.7272727272727
                ],
                [
                    1422.9090909090908,
                    434.5454545454545
                ],
                [
                    1457.4545454545453,
                    443.6363636363636
                ],
                [
                    1493.8181818181818,
                    412.7272727272727
                ],
                [
                    1490.181818181818,
                    365.45454545454544
                ],
                [
                    1475.6363636363635,
                    352.7272727272727
                ]
            ],
            "group_id": null,
            "shape_type": "polygon",
            "flags": {}
        },
        {
            "label": "person",
            "points": [
                [
                    1590.181818181818,
                    309.09090909090907
                ],
                [
                    1570.181818181818,
                    294.5454545454545
                ],
                [
                    1541.090909090909,
                    294.5454545454545
                ],
                [
                    1526.5454545454545,
                    336.3636363636363
                ],
                [
                    1542.9090909090908,
                    358.18181818181813
                ],
                [
                    1537.4545454545453,
                    376.3636363636363
                ],
                [
                    1510.181818181818,
                    410.9090909090909
                ],
                [
                    1482.9090909090908,
                    443.6363636363636
                ],
                [
                    1533.8181818181818,
                    459.99999999999994
                ],
                [
                    1581.090909090909,
                    419.99999999999994
                ],
                [
                    1588.3636363636363,
                    390.9090909090909
                ],
                [
                    1568.3636363636363,
                    365.45454545454544
                ],
                [
                    1591.9999999999998,
                    340.0
                ]
            ],
            "group_id": null,
            "shape_type": "polygon",
            "flags": {}
        },
        {
            "label": "person",
            "points": [
                [
                    1730.181818181818,
                    396.3636363636363
                ],
                [
                    1708.3636363636363,
                    427.27272727272725
                ],
                [
                    1695.6363636363635,
                    489.09090909090907
                ],
                [
                    1686.5454545454545,
                    530.9090909090909
                ],
                [
                    1639.272727272727,
                    543.6363636363636
                ],
                [
                    1622.9090909090908,
                    623.6363636363636
                ],
                [
                    1591.9999999999998,
                    678.1818181818181
                ],
                [
                    1626.5454545454545,
                    698.1818181818181
                ],
                [
                    1675.6363636363635,
                    710.9090909090909
                ],
                [
                    1688.3636363636363,
                    749.090909090909
                ],
                [
                    1728.3636363636363,
                    781.8181818181818
                ]
            ],
            "group_id": null,
            "shape_type": "polygon",
            "flags": {}
        },
        {
            "label": "person",
            "points": [
                [
                    902.9090909090909,
                    181.8181818181818
                ],
                [
                    890.1818181818181,
                    181.8181818181818
                ],
                [
                    875.6363636363635,
                    210.90909090909088
                ],
                [
                    862.9090909090909,
                    234.54545454545453
                ],
                [
                    853.8181818181818,
                    265.45454545454544
                ],
                [
                    879.2727272727273,
                    274.5454545454545
                ],
                [
                    879.2727272727273,
                    239.99999999999997
                ],
                [
                    911.9999999999999,
                    229.09090909090907
                ],
                [
                    931.9999999999999,
                    258.1818181818182
                ],
                [
                    935.6363636363635,
                    234.54545454545453
                ],
                [
                    921.090909090909,
                    214.54545454545453
                ]
            ],
            "group_id": null,
            "shape_type": "polygon",
            "flags": {}
        },
        {
            "label": "person",
            "points": [
                [
                    968.3636363636363,
                    292.7272727272727
                ],
                [
                    981.090909090909,
                    272.7272727272727
                ],
                [
                    1008.3636363636363,
                    274.5454545454545
                ],
                [
                    1010.181818181818,
                    309.09090909090907
                ],
                [
                    1021.090909090909,
                    327.27272727272725
                ],
                [
                    995.6363636363635,
                    356.3636363636363
                ],
                [
                    975.6363636363635,
                    320.0
                ]
            ],
            "group_id": null,
            "shape_type": "polygon",
            "flags": {}
        },
        {
            "label": "person",
            "points": [
                [
                    1173.8181818181818,
                    290.9090909090909
                ],
                [
                    1215.6363636363635,
                    278.1818181818182
                ],
                [
                    1244.7272727272725,
                    320.0
                ],
                [
                    1266.5454545454545,
                    379.99999999999994
                ],
                [
                    1272.0,
                    499.99999999999994
                ],
                [
                    1275.6363636363635,
                    525.4545454545454
                ],
                [
                    1241.090909090909,
                    525.4545454545454
                ],
                [
                    1250.181818181818,
                    465.45454545454544
                ],
                [
                    1246.5454545454545,
                    407.27272727272725
                ],
                [
                    1230.181818181818,
                    356.3636363636363
                ],
                [
                    1206.5454545454545,
                    320.0
                ]
            ],
            "group_id": null,
            "shape_type": "polygon",
            "flags": {}
        }
    ],
    "imagePath": "../../OlympusEPL6_PNG/OlympusEPL6_0043.PNG",
    "imageData": null,
    "imageHeight": 2320,
    "imageWidth": 1736
}