{
    "version": "4.5.6",
    "flags": {},
    "shapes": [
        {
            "label": "bicycle",
            "points": [
                [
                    197.5555555555556,
                    317.11111111111114
                ],
                [
                    117.0,
                    306.0
                ],
                [
                    97.55555555555554,
                    292.11111111111114
                ],
                [
                    64.22222222222223,
                    286.55555555555554
                ],
                [
                    33.666666666666686,
                    297.6666666666667
                ],
                [
                    22.555555555555543,
                    306.0
                ],
                [
                    5.888888888888914,
                    303.22222222222223
                ],
                [
                    0,
                    892
                ],
                [
                    5.888888888888914,
                    1139.3333333333335
                ],
                [
                    61.44444444444446,
                    972.6666666666667
                ],
                [
                    55.888888888888914,
                    1139.3333333333335
                ],
                [
                    75.33333333333337,
                    1208.7777777777778
                ],
                [
                    94.77777777777777,
                    1239.3333333333335
                ],
                [
                    175.33333333333337,
                    1200.4444444444446
                ],
                [
                    233.66666666666669,
                    1075.4444444444446
                ],
                [
                    247.5555555555556,
                    928.2222222222223
                ],
                [
                    258.66666666666674,
                    761.5555555555555
                ],
                [
                    222.5555555555556,
                    631.0
                ],
                [
                    183.66666666666669,
                    608.7777777777778
                ],
                [
                    367.0,
                    611.5555555555555
                ],
                [
                    372.55555555555554,
                    414.33333333333337
                ],
                [
                    342.0,
                    406.0
                ],
                [
                    305.8888888888889,
                    406.0
                ],
                [
                    267.0,
                    411.5555555555556
                ],
                [
                    244.77777777777777,
                    356.0
                ],
                [
                    258.66666666666674,
                    306.0
                ]
            ],
            "group_id": null,
            "shape_type": "polygon",
            "flags": {}
        },
        {
            "label": "bicycle",
            "points": [
                [
                    578.1111111111111,
                    350.44444444444446
                ],
                [
                    672.5555555555555,
                    278.22222222222223
                ],
                [
                    722.5555555555555,
                    278.22222222222223
                ],
                [
                    908.6666666666667,
                    264.33333333333337
                ],
                [
                    908.6666666666667,
                    292.11111111111114
                ],
                [
                    814.2222222222222,
                    328.22222222222223
                ],
                [
                    783.6666666666667,
                    353.22222222222223
                ],
                [
                    833.6666666666667,
                    631.0
                ],
                [
                    764.2222222222223,
                    656.0
                ],
                [
                    861.4444444444446,
                    1047.6666666666667
                ],
                [
                    878.1111111111111,
                    1231.0
                ],
                [
                    864.2222222222222,
                    1258.7777777777778
                ],
                [
                    783.6666666666667,
                    1222.6666666666667
                ],
                [
                    600.3333333333334,
                    1211.5555555555557
                ],
                [
                    564.2222222222223,
                    1183.7777777777778
                ],
                [
                    522.5555555555555,
                    1211.5555555555557
                ],
                [
                    464.2222222222223,
                    1392.111111111111
                ],
                [
                    411.44444444444446,
                    1439.3333333333335
                ],
                [
                    297.55555555555554,
                    1464.3333333333335
                ],
                [
                    225.33333333333337,
                    1439.3333333333335
                ],
                [
                    153.11111111111114,
                    1344.888888888889
                ],
                [
                    80.88888888888891,
                    1192.111111111111
                ],
                [
                    78.11111111111114,
                    1000.4444444444446
                ],
                [
                    78.11111111111114,
                    908.7777777777778
                ],
                [
                    122.55555555555554,
                    778.2222222222223
                ],
                [
                    178.11111111111114,
                    681.0
                ],
                [
                    247.5555555555556,
                    633.7777777777778
                ],
                [
                    347.55555555555554,
                    642.1111111111111
                ],
                [
                    405.8888888888889,
                    686.5555555555555
                ],
                [
                    428.1111111111111,
                    644.8888888888889
                ],
                [
                    419.7777777777778,
                    622.6666666666667
                ],
                [
                    383.66666666666674,
                    611.5555555555555
                ],
                [
                    275.33333333333337,
                    608.7777777777778
                ],
                [
                    200.33333333333337,
                    603.2222222222223
                ],
                [
                    153.11111111111114,
                    539.3333333333334
                ],
                [
                    153.11111111111114,
                    492.1111111111111
                ],
                [
                    250.33333333333337,
                    464.33333333333337
                ],
                [
                    342.0,
                    461.5555555555556
                ],
                [
                    342.0,
                    447.6666666666667
                ],
                [
                    328.1111111111111,
                    408.77777777777777
                ],
                [
                    267.0,
                    394.8888888888889
                ],
                [
                    239.22222222222223,
                    339.33333333333337
                ],
                [
                    255.8888888888889,
                    300.44444444444446
                ],
                [
                    314.2222222222223,
                    286.55555555555554
                ],
                [
                    394.7777777777778,
                    278.22222222222223
                ],
                [
                    455.8888888888889,
                    303.22222222222223
                ],
                [
                    461.44444444444446,
                    347.6666666666667
                ],
                [
                    522.5555555555555,
                    344.8888888888889
                ]
            ],
            "group_id": null,
            "shape_type": "polygon",
            "flags": {}
        },
        {
            "label": "bicycle",
            "points": [
                [
                    1005.8888888888889,
                    703.2222222222223
                ],
                [
                    1000.3333333333335,
                    753.2222222222223
                ],
                [
                    1008.6666666666667,
                    808.7777777777778
                ],
                [
                    1028.111111111111,
                    853.2222222222223
                ],
                [
                    1075.3333333333335,
                    867.1111111111112
                ],
                [
                    1078.111111111111,
                    883.7777777777778
                ],
                [
                    1008.6666666666667,
                    897.6666666666667
                ],
                [
                    989.2222222222222,
                    925.4444444444445
                ],
                [
                    942.0,
                    992.1111111111111
                ],
                [
                    939.2222222222222,
                    1047.6666666666667
                ],
                [
                    953.1111111111111,
                    1106.0
                ],
                [
                    983.6666666666667,
                    1158.7777777777778
                ],
                [
                    1050.3333333333335,
                    1192.111111111111
                ],
                [
                    1061.4444444444446,
                    1206.0
                ],
                [
                    1089.2222222222222,
                    1303.2222222222222
                ],
                [
                    1130.888888888889,
                    1303.2222222222222
                ],
                [
                    1136.4444444444446,
                    1228.2222222222222
                ],
                [
                    1142.0,
                    1183.7777777777778
                ],
                [
                    1203.111111111111,
                    1139.3333333333335
                ],
                [
                    1222.5555555555557,
                    1053.2222222222222
                ],
                [
                    1175.3333333333335,
                    956.0
                ],
                [
                    1158.6666666666667,
                    936.5555555555555
                ],
                [
                    1097.5555555555557,
                    928.2222222222223
                ],
                [
                    1086.4444444444446,
                    853.2222222222223
                ],
                [
                    1192.0,
                    853.2222222222223
                ],
                [
                    1208.6666666666667,
                    806.0
                ],
                [
                    1197.5555555555557,
                    722.6666666666667
                ],
                [
                    1186.4444444444446,
                    647.6666666666667
                ],
                [
                    1150.3333333333335,
                    678.2222222222223
                ],
                [
                    1061.4444444444446,
                    706.0
                ]
            ],
            "group_id": null,
            "shape_type": "polygon",
            "flags": {}
        },
        {
            "label": "bicycle",
            "points": [
                [
                    950.3333333333335,
                    372.6666666666667
                ],
                [
                    1005.8888888888889,
                    356.0
                ],
                [
                    1055.888888888889,
                    339.33333333333337
                ],
                [
                    1111.4444444444446,
                    342.11111111111114
                ],
                [
                    1155.888888888889,
                    361.55555555555554
                ],
                [
                    1286.4444444444446,
                    344.8888888888889
                ],
                [
                    1300.3333333333335,
                    311.55555555555554
                ],
                [
                    1358.6666666666667,
                    294.8888888888889
                ],
                [
                    1430.888888888889,
                    300.44444444444446
                ],
                [
                    1517.0,
                    297.6666666666667
                ],
                [
                    1519.7777777777778,
                    328.22222222222223
                ],
                [
                    1467.0,
                    356.0
                ],
                [
                    1400.3333333333335,
                    358.77777777777777
                ],
                [
                    1408.6666666666667,
                    389.33333333333337
                ],
                [
                    1397.5555555555557,
                    436.5555555555556
                ],
                [
                    1389.2222222222222,
                    508.7777777777778
                ],
                [
                    1483.6666666666667,
                    472.66666666666674
                ],
                [
                    1503.111111111111,
                    478.2222222222223
                ],
                [
                    1558.6666666666667,
                    503.2222222222223
                ],
                [
                    1558.6666666666667,
                    583.7777777777778
                ],
                [
                    1580.888888888889,
                    603.2222222222223
                ],
                [
                    1569.7777777777778,
                    686.5555555555555
                ],
                [
                    1542.0,
                    742.1111111111111
                ],
                [
                    1392.0,
                    672.6666666666667
                ],
                [
                    1425.3333333333335,
                    1008.7777777777778
                ],
                [
                    1458.6666666666667,
                    1131.0
                ],
                [
                    1508.6666666666667,
                    1119.888888888889
                ],
                [
                    1508.6666666666667,
                    1217.111111111111
                ],
                [
                    1408.6666666666667,
                    1211.5555555555557
                ],
                [
                    1389.2222222222222,
                    1222.6666666666667
                ],
                [
                    1394.7777777777778,
                    1439.3333333333335
                ],
                [
                    1358.6666666666667,
                    1453.2222222222222
                ],
                [
                    1314.2222222222222,
                    1442.111111111111
                ],
                [
                    1289.2222222222222,
                    1292.111111111111
                ],
                [
                    1275.3333333333335,
                    1281.0
                ],
                [
                    1267.0,
                    1197.6666666666667
                ],
                [
                    1253.111111111111,
                    1069.888888888889
                ],
                [
                    1236.4444444444446,
                    986.5555555555557
                ],
                [
                    1236.4444444444446,
                    906.0
                ],
                [
                    1219.7777777777778,
                    717.1111111111111
                ],
                [
                    1247.5555555555557,
                    689.3333333333334
                ],
                [
                    1233.6666666666667,
                    619.8888888888889
                ],
                [
                    1197.5555555555557,
                    642.1111111111111
                ],
                [
                    1117.0,
                    669.8888888888889
                ],
                [
                    1078.111111111111,
                    697.6666666666667
                ],
                [
                    964.2222222222222,
                    700.4444444444445
                ],
                [
                    922.5555555555557,
                    681.0
                ],
                [
                    903.1111111111111,
                    589.3333333333334
                ],
                [
                    925.3333333333335,
                    531.0
                ],
                [
                    1014.2222222222222,
                    511.55555555555554
                ],
                [
                    1078.111111111111,
                    517.1111111111111
                ],
                [
                    1067.0,
                    392.11111111111114
                ],
                [
                    1011.4444444444446,
                    400.44444444444446
                ],
                [
                    950.3333333333335,
                    403.22222222222223
                ]
            ],
            "group_id": null,
            "shape_type": "polygon",
            "flags": {}
        },
        {
            "label": "bicycle",
            "points": [
                [
                    2264.222222222222,
                    386.5555555555556
                ],
                [
                    2253.1111111111113,
                    358.77777777777777
                ],
                [
                    2089.222222222222,
                    375.44444444444446
                ],
                [
                    2030.8888888888891,
                    400.44444444444446
                ],
                [
                    1958.666666666667,
                    419.8888888888889
                ],
                [
                    1858.666666666667,
                    419.8888888888889
                ],
                [
                    1797.5555555555557,
                    406.0
                ],
                [
                    1739.2222222222224,
                    344.8888888888889
                ],
                [
                    1653.111111111111,
                    331.0
                ],
                [
                    1564.2222222222224,
                    319.8888888888889
                ],
                [
                    1564.2222222222224,
                    344.8888888888889
                ],
                [
                    1583.6666666666667,
                    361.55555555555554
                ],
                [
                    1605.888888888889,
                    383.77777777777777
                ],
                [
                    1708.6666666666667,
                    383.77777777777777
                ],
                [
                    1742.0,
                    383.77777777777777
                ],
                [
                    1811.4444444444443,
                    481.0
                ],
                [
                    1828.1111111111113,
                    564.3333333333334
                ],
                [
                    1839.2222222222222,
                    608.7777777777778
                ],
                [
                    1850.3333333333335,
                    608.7777777777778
                ],
                [
                    1850.3333333333335,
                    681.0
                ],
                [
                    1855.8888888888891,
                    728.2222222222223
                ],
                [
                    1861.4444444444443,
                    783.7777777777778
                ],
                [
                    1880.8888888888891,
                    864.3333333333334
                ],
                [
                    1869.7777777777778,
                    900.4444444444445
                ],
                [
                    1986.4444444444443,
                    903.2222222222223
                ],
                [
                    1994.7777777777778,
                    1233.7777777777778
                ],
                [
                    1878.1111111111113,
                    1242.111111111111
                ],
                [
                    1878.1111111111113,
                    1303.2222222222222
                ],
                [
                    1878.1111111111113,
                    1367.111111111111
                ],
                [
                    1889.2222222222222,
                    1397.6666666666667
                ],
                [
                    1947.5555555555557,
                    1408.7777777777778
                ],
                [
                    1989.2222222222222,
                    1269.888888888889
                ],
                [
                    2008.666666666667,
                    1175.4444444444446
                ],
                [
                    2030.8888888888891,
                    894.8888888888889
                ],
                [
                    1972.5555555555557,
                    772.6666666666667
                ],
                [
                    1953.1111111111113,
                    728.2222222222223
                ],
                [
                    1953.1111111111113,
                    689.3333333333334
                ],
                [
                    2033.666666666667,
                    678.2222222222223
                ],
                [
                    2067.0,
                    672.6666666666667
                ],
                [
                    2078.1111111111113,
                    636.5555555555555
                ],
                [
                    2061.4444444444443,
                    606.0
                ],
                [
                    2011.4444444444443,
                    589.3333333333334
                ],
                [
                    1953.1111111111113,
                    592.1111111111111
                ],
                [
                    1953.1111111111113,
                    547.6666666666667
                ],
                [
                    1978.1111111111113,
                    511.55555555555554
                ],
                [
                    2033.666666666667,
                    450.44444444444446
                ],
                [
                    2094.777777777778,
                    403.22222222222223
                ]
            ],
            "group_id": null,
            "shape_type": "polygon",
            "flags": {}
        },
        {
            "label": "bicycle",
            "points": [
                [
                    2269.777777777778,
                    244.8888888888889
                ],
                [
                    2186.4444444444443,
                    272.6666666666667
                ],
                [
                    2128.1111111111113,
                    272.6666666666667
                ],
                [
                    2089.222222222222,
                    300.44444444444446
                ],
                [
                    2058.666666666667,
                    325.44444444444446
                ],
                [
                    1983.666666666667,
                    361.55555555555554
                ],
                [
                    1972.5555555555557,
                    369.8888888888889
                ],
                [
                    2033.666666666667,
                    375.44444444444446
                ],
                [
                    2083.666666666667,
                    369.8888888888889
                ],
                [
                    2155.888888888889,
                    456.0
                ],
                [
                    2142.0,
                    592.1111111111111
                ],
                [
                    2105.888888888889,
                    647.6666666666667
                ],
                [
                    2100.3333333333335,
                    667.1111111111111
                ],
                [
                    2028.1111111111113,
                    669.8888888888889
                ],
                [
                    1953.1111111111113,
                    686.5555555555555
                ],
                [
                    1978.1111111111113,
                    775.4444444444445
                ],
                [
                    1997.5555555555557,
                    825.4444444444445
                ],
                [
                    2025.3333333333335,
                    922.6666666666667
                ],
                [
                    2003.1111111111113,
                    1025.4444444444446
                ],
                [
                    2000.3333333333335,
                    1186.5555555555557
                ],
                [
                    2042.0,
                    1217.111111111111
                ],
                [
                    2097.5555555555557,
                    1225.4444444444446
                ],
                [
                    2217.0,
                    1225.4444444444446
                ],
                [
                    2319,
                    1171
                ],
                [
                    2319,
                    539
                ],
                [
                    2214.222222222222,
                    467.11111111111114
                ],
                [
                    2211.4444444444443,
                    406.0
                ],
                [
                    2205.888888888889,
                    353.22222222222223
                ],
                [
                    2183.666666666667,
                    350.44444444444446
                ],
                [
                    2167.0,
                    336.55555555555554
                ],
                [
                    2180.888888888889,
                    314.33333333333337
                ],
                [
                    2294.777777777778,
                    275.44444444444446
                ]
            ],
            "group_id": null,
            "shape_type": "polygon",
            "flags": {}
        }
    ],
    "imagePath": "../../OlympusEPL6_PNG/OlympusEPL6_0065.PNG",
    "imageData": null,
    "imageHeight": 1736,
    "imageWidth": 2320
}