{
    "version": "4.5.6",
    "flags": {},
    "shapes": [
        {
            "label": "person",
            "points": [
                [
                    2194.4444444444443,
                    53.7037037037037
                ],
                [
                    2184.259259259259,
                    58.33333333333333
                ],
                [
                    2180.555555555555,
                    93.51851851851852
                ],
                [
                    2163.8888888888887,
                    109.25925925925925
                ],
                [
                    2161.111111111111,
                    146.29629629629628
                ],
                [
                    2168.5185185185182,
                    137.03703703703704
                ],
                [
                    2170.3703703703704,
                    162.96296296296296
                ],
                [
                    2164.814814814815,
                    174.07407407407408
                ],
                [
                    2163.8888888888887,
                    216.66666666666666
                ],
                [
                    2178.7037037037035,
                    266.66666666666663
                ],
                [
                    2187.037037037037,
                    310.18518518518516
                ],
                [
                    2204.6296296296296,
                    304.6296296296296
                ],
                [
                    2202.777777777778,
                    273.14814814814815
                ],
                [
                    2228.7037037037035,
                    221.29629629629628
                ],
                [
                    2227.777777777778,
                    191.66666666666666
                ],
                [
                    2225.0,
                    179.62962962962962
                ],
                [
                    2206.4814814814813,
                    179.62962962962962
                ],
                [
                    2201.8518518518517,
                    183.33333333333331
                ],
                [
                    2204.6296296296296,
                    126.85185185185185
                ],
                [
                    2225.0,
                    115.74074074074073
                ],
                [
                    2231.4814814814813,
                    150.92592592592592
                ],
                [
                    2243.5185185185182,
                    163.88888888888889
                ],
                [
                    2237.9629629629626,
                    103.7037037037037
                ],
                [
                    2217.5925925925926,
                    91.66666666666666
                ],
                [
                    2212.9629629629626,
                    57.407407407407405
                ]
            ],
            "group_id": null,
            "shape_type": "polygon",
            "flags": {}
        },
        {
            "label": "handbag",
            "points": [
                [
                    2226.8518518518517,
                    114.81481481481481
                ],
                [
                    2204.6296296296296,
                    124.99999999999999
                ],
                [
                    2200.9259259259256,
                    180.55555555555554
                ],
                [
                    2230.555555555555,
                    179.62962962962962
                ],
                [
                    2233.333333333333,
                    194.44444444444443
                ],
                [
                    2251.8518518518517,
                    184.25925925925924
                ],
                [
                    2245.3703703703704,
                    160.18518518518516
                ],
                [
                    2228.7037037037035,
                    149.07407407407408
                ]
            ],
            "group_id": null,
            "shape_type": "polygon",
            "flags": {}
        },
        {
            "label": "bottle",
            "points": [
                [
                    2251.7241379310344,
                    334.48275862068965
                ],
                [
                    2254.022988505747,
                    364.367816091954
                ],
                [
                    2270.114942528736,
                    365.51724137931035
                ],
                [
                    2270.114942528736,
                    334.48275862068965
                ]
            ],
            "group_id": null,
            "shape_type": "polygon",
            "flags": {}
        },
        {
            "label": "chair",
            "points": [
                [
                    2224.137931034483,
                    301.14942528735634
                ],
                [
                    2160.919540229885,
                    318.39080459770116
                ],
                [
                    2158.6206896551726,
                    374.71264367816093
                ],
                [
                    2183.9080459770116,
                    386.2068965517241
                ],
                [
                    2196.551724137931,
                    517.2413793103449
                ],
                [
                    2316.0919540229884,
                    532.183908045977
                ],
                [
                    2316.0919540229884,
                    491.95402298850576
                ],
                [
                    2245.977011494253,
                    483.9080459770115
                ],
                [
                    2228.735632183908,
                    480.45977011494256
                ],
                [
                    2239.080459770115,
                    445.97701149425285
                ],
                [
                    2245.977011494253,
                    400.0
                ]
            ],
            "group_id": null,
            "shape_type": "polygon",
            "flags": {}
        },
        {
            "label": "chair",
            "points": [
                [
                    2243.6781609195405,
                    442.5287356321839
                ],
                [
                    2258.6206896551726,
                    459.7701149425287
                ],
                [
                    2317.2413793103447,
                    459.7701149425287
                ],
                [
                    2316.0919540229884,
                    491.95402298850576
                ],
                [
                    2243.6781609195405,
                    483.9080459770115
                ],
                [
                    2231.034482758621,
                    479.3103448275862
                ]
            ],
            "group_id": null,
            "shape_type": "polygon",
            "flags": {}
        },
        {
            "label": "chair",
            "points": [
                [
                    2177.0114942528735,
                    390.8045977011494
                ],
                [
                    2160.919540229885,
                    373.5632183908046
                ],
                [
                    2157.4712643678163,
                    518.3908045977012
                ],
                [
                    2190.8045977011493,
                    529.8850574712644
                ],
                [
                    2250.574712643678,
                    536.7816091954023
                ],
                [
                    2268.9655172413795,
                    549.4252873563219
                ],
                [
                    2273.5632183908046,
                    575.8620689655172
                ],
                [
                    2316.0919540229884,
                    572.4137931034483
                ],
                [
                    2317.2413793103447,
                    558.6206896551724
                ],
                [
                    2256.32183908046,
                    531.0344827586207
                ],
                [
                    2225.287356321839,
                    521.8390804597701
                ],
                [
                    2197.7011494252874,
                    524.1379310344828
                ]
            ],
            "group_id": null,
            "shape_type": "polygon",
            "flags": {}
        },
        {
            "label": "cup",
            "points": [
                [
                    49.090909090909086,
                    583.6363636363636
                ],
                [
                    70.9090909090909,
                    625.4545454545454
                ],
                [
                    83.63636363636363,
                    669.090909090909
                ],
                [
                    136.36363636363635,
                    656.3636363636363
                ],
                [
                    123.63636363636363,
                    605.4545454545454
                ],
                [
                    140.0,
                    565.4545454545454
                ]
            ],
            "group_id": null,
            "shape_type": "polygon",
            "flags": {}
        },
        {
            "label": "cup",
            "points": [
                [
                    861.6363636363636,
                    216.1818181818182
                ],
                [
                    883.4545454545454,
                    257.99999999999994
                ],
                [
                    896.1818181818181,
                    301.63636363636357
                ],
                [
                    950.9090909090909,
                    296.3636363636363
                ],
                [
                    943.6363636363635,
                    239.99999999999997
                ],
                [
                    952.7272727272726,
                    209.09090909090907
                ]
            ],
            "group_id": null,
            "shape_type": "polygon",
            "flags": {}
        },
        {
            "label": "cup",
            "points": [
                [
                    1119.6363636363635,
                    188.72727272727275
                ],
                [
                    1141.4545454545455,
                    230.5454545454545
                ],
                [
                    1154.1818181818182,
                    274.18181818181813
                ],
                [
                    1208.9090909090905,
                    268.9090909090909
                ],
                [
                    1201.6363636363635,
                    212.54545454545453
                ],
                [
                    1210.7272727272725,
                    181.63636363636363
                ]
            ],
            "group_id": null,
            "shape_type": "polygon",
            "flags": {}
        },
        {
            "label": "cup",
            "points": [
                [
                    1606.7272727272725,
                    152.18181818181822
                ],
                [
                    1628.5454545454545,
                    193.99999999999997
                ],
                [
                    1641.2727272727273,
                    237.63636363636363
                ],
                [
                    1695.9999999999995,
                    232.36363636363635
                ],
                [
                    1688.7272727272725,
                    176.0
                ],
                [
                    1697.8181818181815,
                    145.0909090909091
                ]
            ],
            "group_id": null,
            "shape_type": "polygon",
            "flags": {}
        },
        {
            "label": "cup",
            "points": [
                [
                    1628.3636363636358,
                    559.2727272727271
                ],
                [
                    1650.1818181818178,
                    601.090909090909
                ],
                [
                    1662.9090909090905,
                    644.7272727272726
                ],
                [
                    1717.6363636363628,
                    639.4545454545454
                ],
                [
                    1710.3636363636358,
                    583.090909090909
                ],
                [
                    1719.4545454545448,
                    552.1818181818181
                ]
            ],
            "group_id": null,
            "shape_type": "polygon",
            "flags": {}
        },
        {
            "label": "cup",
            "points": [
                [
                    1400.9090909090905,
                    769.9999999999999
                ],
                [
                    1422.7272727272725,
                    811.8181818181818
                ],
                [
                    1434.5454545454545,
                    881.8181818181818
                ],
                [
                    1487.2727272727273,
                    876.3636363636363
                ],
                [
                    1482.9090909090905,
                    793.8181818181818
                ],
                [
                    1491.9999999999995,
                    762.9090909090909
                ]
            ],
            "group_id": null,
            "shape_type": "polygon",
            "flags": {}
        },
        {
            "label": "cup",
            "points": [
                [
                    1177.2727272727268,
                    626.3636363636363
                ],
                [
                    1199.0909090909088,
                    668.1818181818181
                ],
                [
                    1211.8181818181815,
                    711.8181818181818
                ],
                [
                    1261.8181818181818,
                    705.4545454545454
                ],
                [
                    1259.2727272727268,
                    650.1818181818181
                ],
                [
                    1268.3636363636358,
                    619.2727272727273
                ]
            ],
            "group_id": null,
            "shape_type": "polygon",
            "flags": {}
        },
        {
            "label": "cup",
            "points": [
                [
                    296.3636363636363,
                    298.18181818181813
                ],
                [
                    313.45454545454515,
                    333.4545454545455
                ],
                [
                    326.1818181818179,
                    377.0909090909091
                ],
                [
                    376.18181818181813,
                    370.7272727272727
                ],
                [
                    374.5454545454545,
                    327.27272727272725
                ],
                [
                    382.7272727272722,
                    284.5454545454546
                ]
            ],
            "group_id": null,
            "shape_type": "polygon",
            "flags": {}
        },
        {
            "label": "cup",
            "points": [
                [
                    163.4545454545454,
                    1021.6363636363635
                ],
                [
                    180.54545454545425,
                    1056.9090909090908
                ],
                [
                    193.272727272727,
                    1100.5454545454545
                ],
                [
                    243.27272727272722,
                    1094.181818181818
                ],
                [
                    241.6363636363636,
                    1050.7272727272725
                ],
                [
                    249.81818181818127,
                    1008.0
                ]
            ],
            "group_id": null,
            "shape_type": "polygon",
            "flags": {}
        },
        {
            "label": "cup",
            "points": [
                [
                    587.2727272727273,
                    0.0
                ],
                [
                    602.1818181818178,
                    47.9090909090909
                ],
                [
                    614.9090909090905,
                    91.545454545455
                ],
                [
                    664.9090909090909,
                    85.18181818181851
                ],
                [
                    663.2727272727274,
                    41.727272727272705
                ],
                [
                    671.4545454545449,
                    -0.9999999999998153
                ]
            ],
            "group_id": null,
            "shape_type": "polygon",
            "flags": {}
        },
        {
            "label": "cup",
            "points": [
                [
                    632.7272727272726,
                    505.45454545454544
                ],
                [
                    680.0,
                    498.18181818181813
                ],
                [
                    703.6363636363636,
                    498.18181818181813
                ],
                [
                    714.5454545454545,
                    510.9090909090909
                ],
                [
                    730.9090909090909,
                    520.0
                ],
                [
                    732.7272727272726,
                    541.8181818181818
                ],
                [
                    712.7272727272726,
                    552.7272727272726
                ],
                [
                    703.6363636363636,
                    561.8181818181818
                ],
                [
                    650.9090909090909,
                    570.9090909090909
                ]
            ],
            "group_id": null,
            "shape_type": "polygon",
            "flags": {}
        },
        {
            "label": "cup",
            "points": [
                [
                    374.5454545454545,
                    745.4545454545454
                ],
                [
                    463.6363636363636,
                    729.090909090909
                ],
                [
                    465.45454545454544,
                    739.9999999999999
                ],
                [
                    490.9090909090909,
                    752.7272727272726
                ],
                [
                    501.81818181818176,
                    801.8181818181818
                ],
                [
                    476.3636363636363,
                    814.5454545454545
                ],
                [
                    469.09090909090907,
                    836.3636363636363
                ],
                [
                    401.8181818181818,
                    849.090909090909
                ]
            ],
            "group_id": null,
            "shape_type": "polygon",
            "flags": {}
        },
        {
            "label": "cup",
            "points": [
                [
                    908.9090909090909,
                    657.9999999999999
                ],
                [
                    997.9999999999999,
                    641.6363636363635
                ],
                [
                    1001.8181818181818,
                    665.4545454545454
                ],
                [
                    1025.2727272727266,
                    665.2727272727271
                ],
                [
                    1036.1818181818176,
                    714.3636363636363
                ],
                [
                    1010.7272727272718,
                    727.090909090909
                ],
                [
                    1003.4545454545452,
                    748.9090909090908
                ],
                [
                    936.1818181818181,
                    761.6363636363635
                ]
            ],
            "group_id": null,
            "shape_type": "polygon",
            "flags": {}
        },
        {
            "label": "cup",
            "points": [
                [
                    699.8181818181818,
                    925.2727272727273
                ],
                [
                    716.9090909090905,
                    960.5454545454546
                ],
                [
                    729.6363636363633,
                    1004.181818181818
                ],
                [
                    779.6363636363636,
                    997.8181818181815
                ],
                [
                    777.9999999999999,
                    954.3636363636364
                ],
                [
                    786.1818181818177,
                    911.6363636363637
                ]
            ],
            "group_id": null,
            "shape_type": "polygon",
            "flags": {}
        },
        {
            "label": "cup",
            "points": [
                [
                    1383.6363636363635,
                    376.3636363636363
                ],
                [
                    1478.181818181818,
                    369.09090909090907
                ],
                [
                    1478.181818181818,
                    387.27272727272725
                ],
                [
                    1501.8181818181818,
                    390.9090909090909
                ],
                [
                    1501.8181818181818,
                    430.9090909090909
                ],
                [
                    1485.2727272727273,
                    441.63636363636374
                ],
                [
                    1477.9999999999998,
                    463.45454545454544
                ],
                [
                    1410.7272727272725,
                    476.18181818181836
                ]
            ],
            "group_id": null,
            "shape_type": "polygon",
            "flags": {}
        },
        {
            "label": "backback",
            "points": [
                [
                    1176.3636363636363,
                    27.27272727272727
                ],
                [
                    1118.181818181818,
                    47.272727272727266
                ],
                [
                    1070.9090909090908,
                    109.09090909090908
                ],
                [
                    1050.9090909090908,
                    185.45454545454544
                ],
                [
                    1060.0,
                    263.6363636363636
                ],
                [
                    1087.2727272727273,
                    276.3636363636363
                ],
                [
                    1112.7272727272727,
                    303.6363636363636
                ],
                [
                    1229.090909090909,
                    309.09090909090907
                ],
                [
                    1256.3636363636363,
                    252.72727272727272
                ],
                [
                    1256.3636363636363,
                    194.54545454545453
                ],
                [
                    1209.090909090909,
                    58.18181818181818
                ]
            ],
            "group_id": null,
            "shape_type": "polygon",
            "flags": {}
        },
        {
            "label": "backback",
            "points": [
                [
                    309.09090909090907,
                    152.72727272727272
                ],
                [
                    445.45454545454544,
                    147.27272727272725
                ],
                [
                    469.09090909090907,
                    229.09090909090907
                ],
                [
                    474.5454545454545,
                    334.5454545454545
                ],
                [
                    398.18181818181813,
                    356.3636363636363
                ],
                [
                    385.45454545454544,
                    283.6363636363636
                ],
                [
                    318.18181818181813,
                    294.5454545454545
                ]
            ],
            "group_id": null,
            "shape_type": "polygon",
            "flags": {}
        }
    ],
    "imagePath": "../../OlympusEPL6_PNG/OlympusEPL6_0036.PNG",
    "imageData": null,
    "imageHeight": 1736,
    "imageWidth": 2320
}