{
    "version": "4.5.6",
    "flags": {},
    "shapes": [
        {
            "label": "person",
            "points": [
                [
                    2000.6451612903224,
                    874.8387096774193
                ],
                [
                    1990.3225806451612,
                    879.3548387096774
                ],
                [
                    1985.8064516129032,
                    894.1935483870967
                ],
                [
                    1996.1290322580644,
                    912.9032258064516
                ],
                [
                    2005.1612903225805,
                    917.4193548387096
                ],
                [
                    2005.8064516129032,
                    925.8064516129032
                ],
                [
                    1992.9032258064515,
                    932.9032258064516
                ],
                [
                    1990.967741935484,
                    939.3548387096774
                ],
                [
                    1994.1935483870968,
                    948.3870967741935
                ],
                [
                    2003.8709677419354,
                    967.0967741935484
                ],
                [
                    2008.3870967741934,
                    981.9354838709677
                ],
                [
                    1996.1290322580644,
                    986.4516129032257
                ],
                [
                    1994.1935483870968,
                    988.3870967741935
                ],
                [
                    2013.5483870967741,
                    989.0322580645161
                ],
                [
                    2018.0645161290322,
                    991.6129032258065
                ],
                [
                    2025.8064516129032,
                    989.6774193548387
                ],
                [
                    2018.7096774193549,
                    959.3548387096774
                ],
                [
                    2009.6774193548385,
                    945.1612903225806
                ],
                [
                    2027.0967741935483,
                    944.516129032258
                ],
                [
                    2042.5806451612902,
                    941.9354838709677
                ],
                [
                    2038.7096774193549,
                    971.6129032258065
                ],
                [
                    2041.2903225806451,
                    985.8064516129032
                ],
                [
                    2048.3870967741937,
                    1010.3225806451612
                ],
                [
                    2054.8387096774195,
                    1013.5483870967741
                ],
                [
                    2060.0,
                    1014.1935483870967
                ],
                [
                    2061.290322580645,
                    985.1612903225806
                ],
                [
                    2057.4193548387098,
                    980.6451612903226
                ],
                [
                    2060.0,
                    954.1935483870967
                ],
                [
                    2066.451612903226,
                    931.6129032258065
                ],
                [
                    2065.1612903225805,
                    918.0645161290322
                ],
                [
                    2050.3225806451615,
                    898.0645161290322
                ],
                [
                    2022.5806451612902,
                    887.741935483871
                ],
                [
                    2015.483870967742,
                    878.0645161290322
                ]
            ],
            "group_id": null,
            "shape_type": "polygon",
            "flags": {}
        }
    ],
    "imagePath": "../../OlympusEPL6_PNG/OlympusEPL6_0058.PNG",
    "imageData": null,
    "imageHeight": 1736,
    "imageWidth": 2320
}