{
    "version": "4.5.6",
    "flags": {},
    "shapes": [
        {
            "label": "bus",
            "points": [
                [
                    3.3333333333333335,
                    1763.3333333333335
                ],
                [
                    90.0,
                    1800.0
                ],
                [
                    101.66666666666667,
                    1870.0
                ],
                [
                    100.0,
                    1943.3333333333335
                ],
                [
                    95.0,
                    1975.0
                ],
                [
                    3.3333333333333335,
                    1958.3333333333335
                ]
            ],
            "group_id": null,
            "shape_type": "polygon",
            "flags": {}
        }
    ],
    "imagePath": "../../OlympusEPL6_PNG/OlympusEPL6_0112.PNG",
    "imageData": null,
    "imageHeight": 2320,
    "imageWidth": 1736
}