{
    "version": "4.5.6",
    "flags": {},
    "shapes": [
        {
            "label": "bicycle",
            "points": [
                [
                    215.18987341772151,
                    41.77215189873417
                ],
                [
                    182.27848101265823,
                    40.506329113924046
                ],
                [
                    173.41772151898732,
                    58.22784810126582
                ],
                [
                    137.9746835443038,
                    67.0886075949367
                ],
                [
                    164.55696202531644,
                    75.94936708860759
                ],
                [
                    197.46835443037975,
                    79.74683544303797
                ],
                [
                    205.0632911392405,
                    88.60759493670885
                ],
                [
                    172.1518987341772,
                    158.2278481012658
                ],
                [
                    98.73417721518987,
                    174.68354430379745
                ],
                [
                    230.37974683544303,
                    220.25316455696202
                ],
                [
                    212.65822784810126,
                    188.60759493670886
                ],
                [
                    198.73417721518987,
                    177.2151898734177
                ],
                [
                    193.67088607594937,
                    148.1012658227848
                ],
                [
                    205.0632911392405,
                    135.44303797468353
                ],
                [
                    312.65822784810126,
                    249.36708860759492
                ],
                [
                    324.05063291139237,
                    267.0886075949367
                ],
                [
                    505.0632911392405,
                    156.96202531645568
                ],
                [
                    481.0126582278481,
                    148.1012658227848
                ],
                [
                    439.2405063291139,
                    155.69620253164555
                ],
                [
                    403.79746835443035,
                    165.82278481012656
                ],
                [
                    392.40506329113924,
                    120.25316455696202
                ],
                [
                    432.9113924050633,
                    101.26582278481013
                ],
                [
                    436.70886075949363,
                    77.21518987341771
                ],
                [
                    350.63291139240505,
                    78.48101265822784
                ],
                [
                    351.89873417721515,
                    96.20253164556962
                ],
                [
                    365.82278481012656,
                    107.59493670886076
                ],
                [
                    360.75949367088606,
                    144.30379746835442
                ],
                [
                    267.0886075949367,
                    160.75949367088606
                ],
                [
                    211.39240506329114,
                    103.79746835443038
                ],
                [
                    216.45569620253164,
                    62.0253164556962
                ],
                [
                    236.70886075949366,
                    51.89873417721519
                ]
            ],
            "group_id": null,
            "shape_type": "polygon",
            "flags": {}
        },
        {
            "label": "car",
            "points": [
                [
                    155.69620253164555,
                    1.2658227848101264
                ],
                [
                    163.2911392405063,
                    12.658227848101266
                ],
                [
                    187.34177215189874,
                    16.455696202531644
                ],
                [
                    231.64556962025316,
                    31.645569620253163
                ],
                [
                    256.9620253164557,
                    21.51898734177215
                ],
                [
                    489.873417721519,
                    22.78481012658228
                ],
                [
                    618.9873417721519,
                    15.189873417721518
                ],
                [
                    720.253164556962,
                    12.658227848101266
                ],
                [
                    715.1898734177215,
                    3.7974683544303796
                ]
            ],
            "group_id": null,
            "shape_type": "polygon",
            "flags": {}
        }
    ],
    "imagePath": "../../OlympusEPL6_PNG/OlympusEPL6_0041.PNG",
    "imageData": null,
    "imageHeight": 2320,
    "imageWidth": 1736
}