{
    "version": "4.5.6",
    "flags": {},
    "shapes": [
        {
            "label": "bed",
            "points": [
                [
                    441.57142857142844,
                    243.0
                ],
                [
                    359.42857142857133,
                    239.4285714285714
                ],
                [
                    337.9999999999998,
                    278.71428571428567
                ],
                [
                    309.42857142857133,
                    321.57142857142856
                ],
                [
                    302.2857142857142,
                    435.85714285714283
                ],
                [
                    352.2857142857142,
                    482.2857142857142
                ],
                [
                    0,
                    977
                ],
                [
                    2,
                    2319
                ],
                [
                    1730.8571428571427,
                    2314.428571428571
                ],
                [
                    1734.428571428571,
                    925.142857142857
                ],
                [
                    1441.5714285714284,
                    564.4285714285713
                ],
                [
                    1484.428571428571,
                    450.1428571428571
                ],
                [
                    1516.5714285714284,
                    435.85714285714283
                ],
                [
                    1470.1428571428569,
                    332.2857142857143
                ],
                [
                    1384.428571428571,
                    253.71428571428567
                ],
                [
                    1320.1428571428569,
                    228.71428571428567
                ],
                [
                    1195.1428571428569,
                    250.1428571428571
                ],
                [
                    1184.428571428571,
                    189.42857142857142
                ],
                [
                    1130.8571428571427,
                    150.14285714285714
                ],
                [
                    1037.9999999999998,
                    142.99999999999997
                ],
                [
                    616.5714285714284,
                    150.14285714285714
                ],
                [
                    466.57142857142844,
                    139.42857142857142
                ],
                [
                    434.42857142857133,
                    171.57142857142856
                ]
            ],
            "group_id": null,
            "shape_type": "polygon",
            "flags": {}
        }
    ],
    "imagePath": "../../OlympusEPL6_PNG/OlympusEPL6_0052.PNG",
    "imageData": null,
    "imageHeight": 2320,
    "imageWidth": 1736
}