{
    "version": "4.5.6",
    "flags": {},
    "shapes": [
        {
            "label": "chair",
            "points": [
                [
                    438.63157894736844,
                    461.05263157894734
                ],
                [
                    420.2105263157895,
                    482.10526315789474
                ],
                [
                    396.52631578947364,
                    482.10526315789474
                ],
                [
                    346.52631578947364,
                    505.7894736842105
                ],
                [
                    307.0526315789474,
                    521.578947368421
                ],
                [
                    307.0526315789474,
                    558.421052631579
                ],
                [
                    222.84210526315786,
                    561.0526315789474
                ],
                [
                    217.57894736842104,
                    745.2631578947369
                ],
                [
                    114.9473684210526,
                    768.9473684210526
                ],
                [
                    99.15789473684208,
                    826.8421052631579
                ],
                [
                    99.15789473684208,
                    1029.4736842105262
                ],
                [
                    67.57894736842104,
                    1058.421052631579
                ],
                [
                    75.4736842105263,
                    1292.6315789473683
                ],
                [
                    96.5263157894737,
                    1313.6842105263158
                ],
                [
                    99.15789473684208,
                    1342.6315789473683
                ],
                [
                    307.0526315789474,
                    1358.421052631579
                ],
                [
                    312.31578947368416,
                    1405.7894736842104
                ],
                [
                    214.9473684210526,
                    1540.0
                ],
                [
                    722.8421052631579,
                    1542.6315789473683
                ],
                [
                    728.1052631578947,
                    1618.9473684210527
                ],
                [
                    812.3157894736842,
                    1621.578947368421
                ],
                [
                    867.578947368421,
                    1405.7894736842104
                ],
                [
                    857.0526315789473,
                    982.1052631578947
                ],
                [
                    854.421052631579,
                    753.1578947368421
                ],
                [
                    841.2631578947369,
                    737.3684210526316
                ],
                [
                    836.0,
                    555.7894736842105
                ],
                [
                    746.5263157894736,
                    547.8947368421052
                ],
                [
                    743.8947368421052,
                    505.7894736842105
                ],
                [
                    686.0,
                    503.1578947368421
                ],
                [
                    659.6842105263157,
                    482.10526315789474
                ],
                [
                    630.7368421052631,
                    463.6842105263158
                ],
                [
                    554.421052631579,
                    474.2105263157895
                ],
                [
                    546.5263157894736,
                    487.36842105263156
                ],
                [
                    525.4736842105264,
                    497.89473684210526
                ],
                [
                    486.0,
                    466.3157894736842
                ]
            ],
            "group_id": null,
            "shape_type": "polygon",
            "flags": {}
        },
        {
            "label": "chair",
            "points": [
                [
                    1496.5263157894738,
                    561.0526315789474
                ],
                [
                    1567.578947368421,
                    561.0526315789474
                ],
                [
                    1575.4736842105262,
                    508.42105263157896
                ],
                [
                    1620.2105263157894,
                    487.36842105263156
                ],
                [
                    1651.7894736842104,
                    474.2105263157895
                ],
                [
                    1725.4736842105262,
                    471.57894736842104
                ],
                [
                    1778.1052631578948,
                    511.0526315789474
                ],
                [
                    1849.157894736842,
                    471.57894736842104
                ],
                [
                    1872.842105263158,
                    471.57894736842104
                ],
                [
                    1933.3684210526317,
                    500.5263157894737
                ],
                [
                    1986.0,
                    518.9473684210526
                ],
                [
                    1999.157894736842,
                    579.4736842105264
                ],
                [
                    2080.7368421052633,
                    579.4736842105264
                ],
                [
                    2088.6315789473683,
                    742.6315789473684
                ],
                [
                    2193.8947368421054,
                    792.6315789473684
                ],
                [
                    2191.2631578947367,
                    1026.842105263158
                ],
                [
                    2220.2105263157896,
                    1068.9473684210527
                ],
                [
                    2207.0526315789475,
                    1100.5263157894738
                ],
                [
                    2225.4736842105262,
                    1145.2631578947369
                ],
                [
                    2222.842105263158,
                    1321.578947368421
                ],
                [
                    2214.9473684210525,
                    1342.6315789473683
                ],
                [
                    2199.157894736842,
                    1532.1052631578948
                ],
                [
                    2209.684210526316,
                    1576.842105263158
                ],
                [
                    2209.684210526316,
                    1605.7894736842104
                ],
                [
                    2151.7894736842104,
                    1603.157894736842
                ],
                [
                    1493.8947368421052,
                    1608.421052631579
                ],
                [
                    1443.8947368421052,
                    1418.9473684210527
                ],
                [
                    1441.2631578947369,
                    1379.4736842105262
                ],
                [
                    1457.0526315789473,
                    1363.6842105263158
                ],
                [
                    1451.7894736842104,
                    1211.0526315789473
                ],
                [
                    1443.8947368421052,
                    1192.6315789473683
                ],
                [
                    1451.7894736842104,
                    1032.1052631578948
                ],
                [
                    1464.9473684210527,
                    1000.5263157894736
                ],
                [
                    1451.7894736842104,
                    958.421052631579
                ],
                [
                    1464.9473684210527,
                    934.7368421052631
                ],
                [
                    1475.4736842105262,
                    795.2631578947369
                ],
                [
                    1451.7894736842104,
                    763.6842105263157
                ],
                [
                    1462.3157894736842,
                    737.3684210526316
                ],
                [
                    1480.7368421052631,
                    729.4736842105264
                ],
                [
                    1475.4736842105262,
                    584.7368421052631
                ]
            ],
            "group_id": null,
            "shape_type": "polygon",
            "flags": {}
        },
        {
            "label": "vase",
            "points": [
                [
                    1117.578947368421,
                    1142.6315789473683
                ],
                [
                    1057.0526315789473,
                    1161.0526315789473
                ],
                [
                    1059.6842105263158,
                    1190.0
                ],
                [
                    1091.2631578947369,
                    1211.0526315789473
                ],
                [
                    1099.157894736842,
                    1313.6842105263158
                ],
                [
                    1086.0,
                    1334.7368421052631
                ],
                [
                    1078.1052631578948,
                    1382.1052631578948
                ],
                [
                    1104.421052631579,
                    1440.0
                ],
                [
                    1112.3157894736842,
                    1476.842105263158
                ],
                [
                    1072.842105263158,
                    1542.6315789473683
                ],
                [
                    1086.0,
                    1568.9473684210527
                ],
                [
                    1162.3157894736842,
                    1592.6315789473683
                ],
                [
                    1267.578947368421,
                    1590.0
                ],
                [
                    1309.6842105263158,
                    1566.3157894736842
                ],
                [
                    1264.9473684210527,
                    1455.7894736842104
                ],
                [
                    1296.5263157894738,
                    1387.3684210526317
                ],
                [
                    1296.5263157894738,
                    1334.7368421052631
                ],
                [
                    1280.7368421052631,
                    1303.157894736842
                ],
                [
                    1291.2631578947369,
                    1218.9473684210527
                ],
                [
                    1325.4736842105262,
                    1200.5263157894738
                ],
                [
                    1328.1052631578948,
                    1166.3157894736842
                ],
                [
                    1299.157894736842,
                    1147.8947368421052
                ],
                [
                    1259.6842105263158,
                    1142.6315789473683
                ]
            ],
            "group_id": null,
            "shape_type": "polygon",
            "flags": {}
        },
        {
            "label": "cup",
            "points": [
                [
                    1054.421052631579,
                    650.5263157894736
                ],
                [
                    1075.4736842105262,
                    718.9473684210526
                ],
                [
                    1151.7894736842104,
                    716.3157894736842
                ],
                [
                    1170.2105263157894,
                    655.7894736842105
                ],
                [
                    1151.7894736842104,
                    632.1052631578947
                ],
                [
                    1125.4736842105262,
                    618.9473684210526
                ],
                [
                    1086.0,
                    632.1052631578947
                ]
            ],
            "group_id": null,
            "shape_type": "polygon",
            "flags": {}
        },
        {
            "label": "cup",
            "points": [
                [
                    1228.1052631578948,
                    629.4736842105264
                ],
                [
                    1259.6842105263158,
                    626.8421052631579
                ],
                [
                    1291.2631578947369,
                    647.8947368421052
                ],
                [
                    1307.0526315789473,
                    668.9473684210526
                ],
                [
                    1280.7368421052631,
                    716.3157894736842
                ],
                [
                    1207.0526315789473,
                    721.578947368421
                ],
                [
                    1196.5263157894738,
                    684.7368421052631
                ],
                [
                    1183.3684210526317,
                    653.1578947368421
                ]
            ],
            "group_id": null,
            "shape_type": "polygon",
            "flags": {}
        }
    ],
    "imagePath": "../../OlympusEPL6_PNG/OlympusEPL6_0099.PNG",
    "imageData": null,
    "imageHeight": 1736,
    "imageWidth": 2320
}