{
    "version": "4.5.6",
    "flags": {},
    "shapes": [
        {
            "label": "potted plant",
            "points": [
                [
                    832.5581395348837,
                    997.6744186046511
                ],
                [
                    863.5658914728682,
                    998.4496124031008
                ],
                [
                    859.6899224806201,
                    1013.953488372093
                ],
                [
                    803.8759689922481,
                    1014.7286821705426
                ],
                [
                    803.1007751937984,
                    1003.1007751937984
                ],
                [
                    799.2248062015503,
                    962.015503875969
                ],
                [
                    793.798449612403,
                    935.6589147286821
                ],
                [
                    774.4186046511628,
                    913.953488372093
                ],
                [
                    737.2093023255813,
                    907.7519379844961
                ],
                [
                    713.953488372093,
                    917.0542635658915
                ],
                [
                    739.5348837209302,
                    881.3953488372093
                ],
                [
                    770.5426356589147,
                    843.4108527131783
                ],
                [
                    800.7751937984495,
                    843.4108527131783
                ],
                [
                    820.1550387596899,
                    845.7364341085271
                ],
                [
                    840.3100775193798,
                    880.6201550387597
                ],
                [
                    872.0930232558139,
                    912.4031007751938
                ],
                [
                    895.3488372093022,
                    924.8062015503875
                ],
                [
                    865.1162790697674,
                    930.2325581395348
                ],
                [
                    826.3565891472869,
                    930.2325581395348
                ],
                [
                    805.4263565891473,
                    923.2558139534883
                ],
                [
                    811.6279069767442,
                    939.5348837209302
                ],
                [
                    816.2790697674418,
                    953.4883720930233
                ],
                [
                    823.2558139534883,
                    981.3953488372093
                ]
            ],
            "group_id": null,
            "shape_type": "polygon",
            "flags": {}
        },
        {
            "label": "potted plant",
            "points": [
                [
                    1479.0697674418604,
                    999.2248062015503
                ],
                [
                    1462.7906976744187,
                    999.2248062015503
                ],
                [
                    1466.6666666666665,
                    1018.6046511627907
                ],
                [
                    1479.84496124031,
                    1023.2558139534883
                ],
                [
                    1567.4418604651162,
                    1021.7054263565891
                ],
                [
                    1570.5426356589146,
                    1008.5271317829457
                ],
                [
                    1563.565891472868,
                    1002.3255813953488
                ],
                [
                    1541.0852713178294,
                    1000.7751937984495
                ],
                [
                    1529.4573643410852,
                    987.5968992248062
                ],
                [
                    1528.6821705426355,
                    974.4186046511628
                ],
                [
                    1532.5581395348836,
                    945.7364341085271
                ],
                [
                    1547.2868217054263,
                    936.4341085271318
                ],
                [
                    1562.7906976744187,
                    931.0077519379845
                ],
                [
                    1553.4883720930231,
                    917.829457364341
                ],
                [
                    1551.1627906976744,
                    903.8759689922481
                ],
                [
                    1567.4418604651162,
                    893.0232558139535
                ],
                [
                    1581.3953488372092,
                    891.4728682170543
                ],
                [
                    1579.0697674418604,
                    861.2403100775193
                ],
                [
                    1568.2170542635658,
                    849.6124031007752
                ],
                [
                    1550.3875968992247,
                    820.9302325581396
                ],
                [
                    1539.53488372093,
                    814.7286821705426
                ],
                [
                    1507.7519379844962,
                    827.9069767441861
                ],
                [
                    1492.2480620155038,
                    840.3100775193798
                ],
                [
                    1502.3255813953488,
                    851.937984496124
                ],
                [
                    1488.3720930232557,
                    872.0930232558139
                ],
                [
                    1479.0697674418604,
                    884.4961240310078
                ],
                [
                    1458.9147286821706,
                    884.4961240310078
                ],
                [
                    1449.612403100775,
                    896.1240310077519
                ],
                [
                    1445.7364341085272,
                    918.6046511627907
                ],
                [
                    1472.8682170542636,
                    937.984496124031
                ],
                [
                    1487.596899224806,
                    943.4108527131783
                ],
                [
                    1498.4496124031007,
                    967.4418604651163
                ],
                [
                    1497.674418604651,
                    983.7209302325581
                ],
                [
                    1487.596899224806,
                    992.2480620155038
                ]
            ],
            "group_id": null,
            "shape_type": "polygon",
            "flags": {}
        }
    ],
    "imagePath": "../../OlympusEPL6_PNG/OlympusEPL6_0024.PNG",
    "imageData": null,
    "imageHeight": 1736,
    "imageWidth": 2320
}