{
    "version": "4.5.6",
    "flags": {},
    "shapes": [
        {
            "label": "bench",
            "points": [
                [
                    401.5151515151515,
                    1936.3636363636363
                ],
                [
                    354.5454545454545,
                    1939.3939393939393
                ],
                [
                    362.1212121212121,
                    1877.2727272727273
                ],
                [
                    354.5454545454545,
                    1850.0
                ],
                [
                    312.1212121212121,
                    1854.5454545454545
                ],
                [
                    322.7272727272727,
                    1916.6666666666665
                ],
                [
                    325.75757575757575,
                    1942.4242424242423
                ],
                [
                    268.1818181818182,
                    1942.4242424242423
                ],
                [
                    256.06060606060606,
                    2104.5454545454545
                ],
                [
                    265.1515151515151,
                    2025.7575757575758
                ],
                [
                    328.78787878787875,
                    2022.7272727272725
                ],
                [
                    327.27272727272725,
                    1933.3333333333333
                ],
                [
                    318.1818181818182,
                    1919.6969696969695
                ],
                [
                    313.6363636363636,
                    1856.060606060606
                ],
                [
                    360.60606060606057,
                    1850.0
                ],
                [
                    362.1212121212121,
                    1883.3333333333333
                ],
                [
                    356.06060606060606,
                    1948.4848484848485
                ],
                [
                    359.09090909090907,
                    2022.7272727272725
                ],
                [
                    407.57575757575756,
                    2022.7272727272725
                ]
            ],
            "group_id": null,
            "shape_type": "polygon",
            "flags": {}
        }
    ],
    "imagePath": "../../OlympusEPL6_PNG/OlympusEPL6_0022.PNG",
    "imageData": null,
    "imageHeight": 2320,
    "imageWidth": 1736
}