{
    "version": "4.5.6",
    "flags": {},
    "shapes": [
        {
            "label": "bench",
            "points": [
                [
                    86.20689655172414,
                    922.4137931034484
                ],
                [
                    25.862068965517242,
                    917.2413793103449
                ],
                [
                    24.13793103448276,
                    1006.896551724138
                ],
                [
                    65.51724137931035,
                    1013.7931034482759
                ],
                [
                    103.44827586206897,
                    1006.896551724138
                ],
                [
                    100.0,
                    970.6896551724138
                ],
                [
                    82.75862068965517,
                    956.896551724138
                ]
            ],
            "group_id": null,
            "shape_type": "polygon",
            "flags": {}
        },
        {
            "label": "bench",
            "points": [
                [
                    468.96551724137936,
                    1001.7241379310345
                ],
                [
                    881.0344827586207,
                    1017.2413793103449
                ],
                [
                    886.2068965517242,
                    1077.5862068965519
                ],
                [
                    905.1724137931035,
                    1072.4137931034484
                ],
                [
                    910.344827586207,
                    1084.4827586206898
                ],
                [
                    475.86206896551727,
                    1091.3793103448277
                ]
            ],
            "group_id": null,
            "shape_type": "polygon",
            "flags": {}
        },
        {
            "label": "bench",
            "points": [
                [
                    655.1724137931035,
                    998.2758620689656
                ],
                [
                    967.2413793103449,
                    1012.0689655172414
                ],
                [
                    977.5862068965517,
                    1084.4827586206898
                ],
                [
                    1015.5172413793105,
                    1081.0344827586207
                ],
                [
                    1017.2413793103449,
                    1101.7241379310346
                ],
                [
                    912.0689655172414,
                    1094.8275862068967
                ],
                [
                    913.7931034482759,
                    1072.4137931034484
                ],
                [
                    887.9310344827587,
                    1074.1379310344828
                ],
                [
                    884.4827586206898,
                    1013.7931034482759
                ]
            ],
            "group_id": null,
            "shape_type": "polygon",
            "flags": {}
        },
        {
            "label": "bench",
            "points": [
                [
                    1075.8620689655172,
                    998.2758620689656
                ],
                [
                    1215.5172413793105,
                    1000.0000000000001
                ],
                [
                    1224.1379310344828,
                    1068.9655172413793
                ],
                [
                    1106.896551724138,
                    1067.2413793103449
                ],
                [
                    1087.9310344827586,
                    1036.2068965517242
                ],
                [
                    1070.689655172414,
                    1039.6551724137933
                ]
            ],
            "group_id": null,
            "shape_type": "polygon",
            "flags": {}
        },
        {
            "label": "bench",
            "points": [
                [
                    1025.8620689655172,
                    1100.0
                ],
                [
                    1063.793103448276,
                    1153.448275862069
                ],
                [
                    1113.793103448276,
                    1168.9655172413793
                ],
                [
                    1105.1724137931035,
                    1189.6551724137933
                ],
                [
                    1132.7586206896553,
                    1208.6206896551726
                ],
                [
                    1153.448275862069,
                    1218.9655172413793
                ],
                [
                    1141.3793103448277,
                    1279.3103448275863
                ],
                [
                    1087.9310344827586,
                    1272.4137931034484
                ],
                [
                    1006.896551724138,
                    1279.3103448275863
                ],
                [
                    1067.2413793103449,
                    1206.896551724138
                ],
                [
                    1077.5862068965519,
                    1187.9310344827586
                ],
                [
                    1077.5862068965519,
                    1163.793103448276
                ],
                [
                    1032.7586206896553,
                    1172.4137931034484
                ]
            ],
            "group_id": null,
            "shape_type": "polygon",
            "flags": {}
        },
        {
            "label": "bench",
            "points": [
                [
                    1324.1379310344828,
                    1074.1379310344828
                ],
                [
                    1353.448275862069,
                    1122.4137931034484
                ],
                [
                    1356.8965517241381,
                    1162.0689655172414
                ],
                [
                    1441.3793103448277,
                    1162.0689655172414
                ],
                [
                    1441.3793103448277,
                    1170.689655172414
                ],
                [
                    1427.5862068965519,
                    1168.9655172413793
                ],
                [
                    1425.8620689655174,
                    1196.5517241379312
                ],
                [
                    1456.8965517241381,
                    1203.448275862069
                ],
                [
                    1463.793103448276,
                    1277.5862068965519
                ],
                [
                    1393.103448275862,
                    1277.5862068965519
                ],
                [
                    1346.5517241379312,
                    1274.1379310344828
                ],
                [
                    1341.3793103448277,
                    1200.0
                ],
                [
                    1398.2758620689656,
                    1196.5517241379312
                ],
                [
                    1394.8275862068967,
                    1175.8620689655172
                ],
                [
                    1344.8275862068967,
                    1172.4137931034484
                ],
                [
                    1336.2068965517242,
                    1113.793103448276
                ]
            ],
            "group_id": null,
            "shape_type": "polygon",
            "flags": {}
        },
        {
            "label": "bench",
            "points": [
                [
                    1627.5862068965519,
                    1043.103448275862
                ],
                [
                    1660.344827586207,
                    1077.5862068965519
                ],
                [
                    1675.8620689655174,
                    1136.2068965517242
                ],
                [
                    1765.5172413793105,
                    1132.7586206896553
                ],
                [
                    1784.4827586206898,
                    1167.2413793103449
                ],
                [
                    1751.7241379310346,
                    1167.2413793103449
                ],
                [
                    1746.5517241379312,
                    1205.1724137931035
                ],
                [
                    1781.034482758621,
                    1268.9655172413793
                ],
                [
                    1734.4827586206898,
                    1270.689655172414
                ],
                [
                    1665.5172413793105,
                    1277.5862068965519
                ],
                [
                    1612.0689655172414,
                    1205.1724137931035
                ],
                [
                    1682.7586206896553,
                    1196.5517241379312
                ],
                [
                    1677.5862068965519,
                    1174.1379310344828
                ],
                [
                    1625.8620689655174,
                    1103.448275862069
                ]
            ],
            "group_id": null,
            "shape_type": "polygon",
            "flags": {}
        },
        {
            "label": "suitcase",
            "points": [
                [
                    1806.8965517241381,
                    1084.4827586206898
                ],
                [
                    1863.793103448276,
                    1084.4827586206898
                ],
                [
                    1862.0689655172414,
                    1201.7241379310346
                ],
                [
                    1846.5517241379312,
                    1201.7241379310346
                ],
                [
                    1843.103448275862,
                    1141.3793103448277
                ],
                [
                    1805.1724137931035,
                    1101.7241379310346
                ]
            ],
            "group_id": null,
            "shape_type": "polygon",
            "flags": {}
        },
        {
            "label": "suitcase",
            "points": [
                [
                    1868.5185185185185,
                    983.3333333333333
                ],
                [
                    1905.5555555555554,
                    1028.7037037037037
                ],
                [
                    1887.037037037037,
                    1042.5925925925926
                ],
                [
                    1853.7037037037037,
                    997.2222222222222
                ]
            ],
            "group_id": null,
            "shape_type": "polygon",
            "flags": {}
        },
        {
            "label": "person",
            "points": [
                [
                    263.88888888888886,
                    825.9259259259259
                ],
                [
                    249.07407407407405,
                    826.8518518518518
                ],
                [
                    249.99999999999997,
                    854.6296296296296
                ],
                [
                    231.48148148148147,
                    873.148148148148
                ],
                [
                    229.62962962962962,
                    918.5185185185185
                ],
                [
                    240.74074074074073,
                    979.6296296296296
                ],
                [
                    229.62962962962962,
                    1033.3333333333333
                ],
                [
                    235.18518518518516,
                    1070.3703703703702
                ],
                [
                    237.037037037037,
                    1086.111111111111
                ],
                [
                    284.25925925925924,
                    1084.2592592592591
                ],
                [
                    275.0,
                    1066.6666666666665
                ],
                [
                    278.7037037037037,
                    1023.148148148148
                ],
                [
                    295.3703703703703,
                    970.3703703703703
                ],
                [
                    290.7407407407407,
                    918.5185185185185
                ],
                [
                    304.6296296296296,
                    924.9999999999999
                ],
                [
                    291.66666666666663,
                    871.2962962962962
                ],
                [
                    270.3703703703704,
                    862.9629629629629
                ],
                [
                    274.0740740740741,
                    831.4814814814814
                ]
            ],
            "group_id": null,
            "shape_type": "polygon",
            "flags": {}
        },
        {
            "label": "person",
            "points": [
                [
                    368.5185185185185,
                    891.6666666666666
                ],
                [
                    353.7037037037037,
                    889.8148148148148
                ],
                [
                    346.29629629629625,
                    900.9259259259259
                ],
                [
                    349.0740740740741,
                    918.5185185185185
                ],
                [
                    331.48148148148147,
                    937.9629629629629
                ],
                [
                    325.0,
                    950.9259259259259
                ],
                [
                    325.0,
                    959.2592592592592
                ],
                [
                    357.4074074074074,
                    962.037037037037
                ],
                [
                    393.5185185185185,
                    978.7037037037037
                ],
                [
                    394.4444444444444,
                    953.7037037037037
                ],
                [
                    377.77777777777777,
                    939.8148148148148
                ],
                [
                    371.29629629629625,
                    920.3703703703703
                ],
                [
                    378.7037037037037,
                    914.8148148148148
                ],
                [
                    371.29629629629625,
                    900.9259259259259
                ]
            ],
            "group_id": null,
            "shape_type": "polygon",
            "flags": {}
        },
        {
            "label": "person",
            "points": [
                [
                    215.74074074074073,
                    930.5555555555555
                ],
                [
                    206.48148148148147,
                    911.1111111111111
                ],
                [
                    207.4074074074074,
                    891.6666666666666
                ],
                [
                    193.5185185185185,
                    891.6666666666666
                ],
                [
                    183.33333333333331,
                    905.5555555555555
                ],
                [
                    169.44444444444443,
                    914.8148148148148
                ],
                [
                    165.74074074074073,
                    930.5555555555555
                ],
                [
                    173.14814814814812,
                    959.2592592592592
                ],
                [
                    175.92592592592592,
                    978.7037037037037
                ],
                [
                    185.18518518518516,
                    984.2592592592592
                ],
                [
                    206.48148148148147,
                    987.9629629629629
                ],
                [
                    200.0,
                    1039.8148148148148
                ],
                [
                    200.92592592592592,
                    1050.9259259259259
                ],
                [
                    225.92592592592592,
                    1035.1851851851852
                ],
                [
                    231.48148148148147,
                    1005.5555555555555
                ],
                [
                    219.44444444444443,
                    983.3333333333333
                ],
                [
                    219.44444444444443,
                    969.4444444444443
                ]
            ],
            "group_id": null,
            "shape_type": "polygon",
            "flags": {}
        },
        {
            "label": "person",
            "points": [
                [
                    116.66666666666666,
                    898.148148148148
                ],
                [
                    127.77777777777777,
                    904.6296296296296
                ],
                [
                    137.96296296296296,
                    910.1851851851851
                ],
                [
                    150.92592592592592,
                    921.2962962962962
                ],
                [
                    162.03703703703704,
                    928.7037037037037
                ],
                [
                    162.03703703703704,
                    950.9259259259259
                ],
                [
                    159.25925925925924,
                    990.7407407407406
                ],
                [
                    158.33333333333331,
                    1001.8518518518517
                ],
                [
                    107.4074074074074,
                    999.074074074074
                ],
                [
                    100.0,
                    968.5185185185185
                ],
                [
                    84.25925925925925,
                    954.6296296296296
                ],
                [
                    96.29629629629629,
                    932.4074074074074
                ],
                [
                    107.4074074074074,
                    919.4444444444443
                ],
                [
                    107.4074074074074,
                    901.8518518518518
                ]
            ],
            "group_id": null,
            "shape_type": "polygon",
            "flags": {}
        },
        {
            "label": "person",
            "points": [
                [
                    527.7777777777777,
                    953.7037037037037
                ],
                [
                    512.9629629629629,
                    934.2592592592592
                ],
                [
                    509.25925925925924,
                    910.1851851851851
                ],
                [
                    504.6296296296296,
                    901.8518518518518
                ],
                [
                    483.3333333333333,
                    902.7777777777777
                ],
                [
                    472.2222222222222,
                    911.1111111111111
                ],
                [
                    469.4444444444444,
                    924.9999999999999
                ],
                [
                    471.29629629629625,
                    950.9259259259259
                ],
                [
                    479.6296296296296,
                    988.8888888888888
                ],
                [
                    497.2222222222222,
                    993.5185185185185
                ],
                [
                    533.3333333333333,
                    996.2962962962962
                ],
                [
                    550.9259259259259,
                    983.3333333333333
                ],
                [
                    534.2592592592592,
                    967.5925925925925
                ]
            ],
            "group_id": null,
            "shape_type": "polygon",
            "flags": {}
        },
        {
            "label": "person",
            "points": [
                [
                    514.8148148148148,
                    927.7777777777777
                ],
                [
                    513.8888888888888,
                    903.7037037037037
                ],
                [
                    527.7777777777777,
                    897.2222222222222
                ],
                [
                    540.7407407407408,
                    909.2592592592592
                ],
                [
                    546.2962962962963,
                    927.7777777777777
                ],
                [
                    548.1481481481482,
                    941.6666666666666
                ],
                [
                    561.1111111111111,
                    953.7037037037037
                ],
                [
                    564.8148148148148,
                    972.2222222222222
                ],
                [
                    546.2962962962963,
                    974.9999999999999
                ],
                [
                    522.2222222222222,
                    953.7037037037037
                ]
            ],
            "group_id": null,
            "shape_type": "polygon",
            "flags": {}
        },
        {
            "label": "person",
            "points": [
                [
                    540.7407407407408,
                    1000.9259259259259
                ],
                [
                    550.9259259259259,
                    987.037037037037
                ],
                [
                    569.4444444444445,
                    972.2222222222222
                ],
                [
                    562.9629629629629,
                    944.4444444444443
                ],
                [
                    574.074074074074,
                    929.6296296296296
                ],
                [
                    587.037037037037,
                    926.8518518518518
                ],
                [
                    598.1481481481482,
                    949.9999999999999
                ],
                [
                    605.5555555555555,
                    974.9999999999999
                ],
                [
                    637.9629629629629,
                    984.2592592592592
                ],
                [
                    650.0,
                    993.5185185185185
                ],
                [
                    646.2962962962963,
                    1006.4814814814814
                ],
                [
                    636.1111111111111,
                    1006.4814814814814
                ],
                [
                    640.7407407407406,
                    1067.5925925925926
                ],
                [
                    621.2962962962963,
                    1072.2222222222222
                ],
                [
                    604.6296296296296,
                    1013.8888888888888
                ],
                [
                    546.2962962962963,
                    1011.1111111111111
                ]
            ],
            "group_id": null,
            "shape_type": "polygon",
            "flags": {}
        },
        {
            "label": "person",
            "points": [
                [
                    700.0,
                    837.037037037037
                ],
                [
                    692.5925925925925,
                    837.037037037037
                ],
                [
                    686.1111111111111,
                    851.8518518518518
                ],
                [
                    676.8518518518518,
                    859.2592592592592
                ],
                [
                    662.9629629629629,
                    873.148148148148
                ],
                [
                    660.1851851851851,
                    920.3703703703703
                ],
                [
                    667.5925925925925,
                    928.7037037037037
                ],
                [
                    672.2222222222222,
                    967.5925925925925
                ],
                [
                    690.7407407407406,
                    986.1111111111111
                ],
                [
                    703.7037037037037,
                    967.5925925925925
                ],
                [
                    702.7777777777777,
                    941.6666666666666
                ],
                [
                    710.1851851851851,
                    925.9259259259259
                ],
                [
                    716.6666666666666,
                    899.9999999999999
                ],
                [
                    709.2592592592592,
                    862.9629629629629
                ],
                [
                    701.8518518518518,
                    857.4074074074074
                ]
            ],
            "group_id": null,
            "shape_type": "polygon",
            "flags": {}
        },
        {
            "label": "person",
            "points": [
                [
                    746.2962962962962,
                    919.4444444444443
                ],
                [
                    731.4814814814814,
                    917.5925925925925
                ],
                [
                    721.2962962962963,
                    927.7777777777777
                ],
                [
                    715.7407407407406,
                    952.7777777777777
                ],
                [
                    711.1111111111111,
                    966.6666666666666
                ],
                [
                    697.2222222222222,
                    974.074074074074
                ],
                [
                    700.0,
                    991.6666666666666
                ],
                [
                    703.7037037037037,
                    1041.6666666666665
                ],
                [
                    710.1851851851851,
                    1057.4074074074074
                ],
                [
                    722.2222222222222,
                    1059.2592592592591
                ],
                [
                    725.0,
                    1005.5555555555555
                ],
                [
                    785.1851851851851,
                    999.9999999999999
                ],
                [
                    780.5555555555555,
                    962.9629629629629
                ],
                [
                    760.1851851851851,
                    961.1111111111111
                ],
                [
                    756.4814814814814,
                    944.4444444444443
                ],
                [
                    755.5555555555555,
                    923.148148148148
                ]
            ],
            "group_id": null,
            "shape_type": "polygon",
            "flags": {}
        },
        {
            "label": "person",
            "points": [
                [
                    764.8148148148148,
                    826.8518518518518
                ],
                [
                    750.0,
                    827.7777777777777
                ],
                [
                    749.074074074074,
                    843.5185185185185
                ],
                [
                    750.0,
                    859.2592592592592
                ],
                [
                    731.4814814814814,
                    864.8148148148148
                ],
                [
                    732.4074074074074,
                    881.4814814814814
                ],
                [
                    733.3333333333333,
                    895.3703703703703
                ],
                [
                    743.5185185185185,
                    903.7037037037037
                ],
                [
                    744.4444444444443,
                    912.037037037037
                ],
                [
                    761.1111111111111,
                    914.8148148148148
                ],
                [
                    763.8888888888888,
                    930.5555555555555
                ],
                [
                    764.8148148148148,
                    954.6296296296296
                ],
                [
                    774.074074074074,
                    958.3333333333333
                ],
                [
                    775.9259259259259,
                    912.9629629629629
                ],
                [
                    785.1851851851851,
                    897.2222222222222
                ],
                [
                    777.7777777777777,
                    869.4444444444443
                ],
                [
                    765.7407407407406,
                    864.8148148148148
                ]
            ],
            "group_id": null,
            "shape_type": "polygon",
            "flags": {}
        },
        {
            "label": "person",
            "points": [
                [
                    861.1111111111111,
                    859.2592592592592
                ],
                [
                    850.0,
                    858.3333333333333
                ],
                [
                    849.074074074074,
                    873.148148148148
                ],
                [
                    829.6296296296296,
                    883.3333333333333
                ],
                [
                    822.2222222222222,
                    892.5925925925925
                ],
                [
                    815.7407407407406,
                    920.3703703703703
                ],
                [
                    820.3703703703703,
                    936.1111111111111
                ],
                [
                    825.9259259259259,
                    948.148148148148
                ],
                [
                    821.2962962962962,
                    988.8888888888888
                ],
                [
                    819.4444444444443,
                    1005.5555555555555
                ],
                [
                    833.3333333333333,
                    1005.5555555555555
                ],
                [
                    840.7407407407406,
                    970.3703703703703
                ],
                [
                    848.148148148148,
                    970.3703703703703
                ],
                [
                    845.3703703703703,
                    1005.5555555555555
                ],
                [
                    861.1111111111111,
                    1002.7777777777777
                ],
                [
                    866.6666666666666,
                    921.2962962962962
                ],
                [
                    884.2592592592592,
                    913.8888888888888
                ],
                [
                    885.1851851851851,
                    901.8518518518518
                ],
                [
                    877.7777777777777,
                    895.3703703703703
                ],
                [
                    865.7407407407406,
                    892.5925925925925
                ],
                [
                    862.9629629629629,
                    876.8518518518518
                ]
            ],
            "group_id": null,
            "shape_type": "polygon",
            "flags": {}
        },
        {
            "label": "person",
            "points": [
                [
                    1165.7407407407406,
                    872.2222222222222
                ],
                [
                    1148.148148148148,
                    857.4074074074074
                ],
                [
                    1146.2962962962963,
                    846.2962962962962
                ],
                [
                    1141.6666666666665,
                    840.7407407407406
                ],
                [
                    1126.8518518518517,
                    840.7407407407406
                ],
                [
                    1121.2962962962963,
                    845.3703703703703
                ],
                [
                    1124.074074074074,
                    861.1111111111111
                ],
                [
                    1124.074074074074,
                    871.2962962962962
                ],
                [
                    1115.7407407407406,
                    888.8888888888888
                ],
                [
                    1114.8148148148148,
                    910.1851851851851
                ],
                [
                    1121.2962962962963,
                    941.6666666666666
                ],
                [
                    1122.2222222222222,
                    962.037037037037
                ],
                [
                    1123.148148148148,
                    982.4074074074074
                ],
                [
                    1120.3703703703702,
                    994.4444444444443
                ],
                [
                    1133.3333333333333,
                    999.074074074074
                ],
                [
                    1134.2592592592591,
                    1035.1851851851852
                ],
                [
                    1148.148148148148,
                    1037.037037037037
                ],
                [
                    1157.4074074074074,
                    942.5925925925925
                ],
                [
                    1162.037037037037,
                    937.037037037037
                ],
                [
                    1166.6666666666665,
                    927.7777777777777
                ]
            ],
            "group_id": null,
            "shape_type": "polygon",
            "flags": {}
        },
        {
            "label": "person",
            "points": [
                [
                    1082.4074074074074,
                    864.8148148148148
                ],
                [
                    1089.8148148148148,
                    850.0
                ],
                [
                    1085.1851851851852,
                    837.037037037037
                ],
                [
                    1072.2222222222222,
                    836.1111111111111
                ],
                [
                    1068.5185185185185,
                    855.5555555555555
                ],
                [
                    1070.3703703703702,
                    869.4444444444443
                ],
                [
                    1049.074074074074,
                    878.7037037037037
                ],
                [
                    1048.148148148148,
                    908.3333333333333
                ],
                [
                    1055.5555555555554,
                    930.5555555555555
                ],
                [
                    1064.8148148148148,
                    969.4444444444443
                ],
                [
                    1065.7407407407406,
                    999.074074074074
                ],
                [
                    1065.7407407407406,
                    1021.2962962962962
                ],
                [
                    1069.4444444444443,
                    1022.2222222222222
                ],
                [
                    1073.148148148148,
                    997.2222222222222
                ],
                [
                    1092.5925925925926,
                    997.2222222222222
                ],
                [
                    1087.037037037037,
                    965.7407407407406
                ],
                [
                    1096.2962962962963,
                    939.8148148148148
                ],
                [
                    1111.111111111111,
                    936.1111111111111
                ],
                [
                    1116.6666666666665,
                    901.8518518518518
                ],
                [
                    1108.3333333333333,
                    883.3333333333333
                ],
                [
                    1100.9259259259259,
                    871.2962962962962
                ]
            ],
            "group_id": null,
            "shape_type": "polygon",
            "flags": {}
        },
        {
            "label": "person",
            "points": [
                [
                    1051.8518518518517,
                    874.074074074074
                ],
                [
                    1042.5925925925926,
                    862.037037037037
                ],
                [
                    1030.5555555555554,
                    858.3333333333333
                ],
                [
                    1025.9259259259259,
                    868.5185185185185
                ],
                [
                    1015.7407407407406,
                    906.4814814814814
                ],
                [
                    1012.9629629629629,
                    925.9259259259259
                ],
                [
                    1012.037037037037,
                    951.8518518518517
                ],
                [
                    1011.1111111111111,
                    981.4814814814814
                ],
                [
                    1020.3703703703703,
                    997.2222222222222
                ],
                [
                    1042.5925925925926,
                    993.5185185185185
                ],
                [
                    1044.4444444444443,
                    979.6296296296296
                ],
                [
                    1052.7777777777776,
                    956.4814814814814
                ],
                [
                    1052.7777777777776,
                    919.4444444444443
                ],
                [
                    1047.2222222222222,
                    905.5555555555555
                ],
                [
                    1047.2222222222222,
                    891.6666666666666
                ]
            ],
            "group_id": null,
            "shape_type": "polygon",
            "flags": {}
        },
        {
            "label": "person",
            "points": [
                [
                    959.2592592592592,
                    924.9999999999999
                ],
                [
                    941.6666666666666,
                    921.2962962962962
                ],
                [
                    927.7777777777777,
                    929.6296296296296
                ],
                [
                    935.1851851851851,
                    948.148148148148
                ],
                [
                    925.9259259259259,
                    962.9629629629629
                ],
                [
                    904.6296296296296,
                    968.5185185185185
                ],
                [
                    897.2222222222222,
                    978.7037037037037
                ],
                [
                    896.2962962962962,
                    1004.6296296296296
                ],
                [
                    965.7407407407406,
                    1012.9629629629629
                ],
                [
                    974.074074074074,
                    1073.148148148148
                ],
                [
                    987.9629629629629,
                    1071.2962962962963
                ],
                [
                    993.5185185185185,
                    1041.6666666666665
                ],
                [
                    999.9999999999999,
                    1034.2592592592591
                ],
                [
                    989.8148148148148,
                    969.4444444444443
                ],
                [
                    962.037037037037,
                    962.9629629629629
                ],
                [
                    962.037037037037,
                    940.7407407407406
                ]
            ],
            "group_id": null,
            "shape_type": "polygon",
            "flags": {}
        },
        {
            "label": "person",
            "points": [
                [
                    937.9629629629629,
                    924.074074074074
                ],
                [
                    921.2962962962962,
                    912.9629629629629
                ],
                [
                    908.3333333333333,
                    935.1851851851851
                ],
                [
                    910.1851851851851,
                    952.7777777777777
                ],
                [
                    893.5185185185185,
                    962.037037037037
                ],
                [
                    892.5925925925925,
                    987.037037037037
                ],
                [
                    884.2592592592592,
                    1003.7037037037036
                ],
                [
                    888.8888888888888,
                    1026.8518518518517
                ],
                [
                    887.9629629629629,
                    1055.5555555555554
                ],
                [
                    903.7037037037037,
                    1055.5555555555554
                ],
                [
                    899.074074074074,
                    1012.037037037037
                ],
                [
                    899.9999999999999,
                    983.3333333333333
                ],
                [
                    923.148148148148,
                    964.8148148148148
                ],
                [
                    933.3333333333333,
                    958.3333333333333
                ],
                [
                    927.7777777777777,
                    934.2592592592592
                ]
            ],
            "group_id": null,
            "shape_type": "polygon",
            "flags": {}
        },
        {
            "label": "person",
            "points": [
                [
                    1062.037037037037,
                    973.148148148148
                ],
                [
                    1045.3703703703702,
                    967.5925925925925
                ],
                [
                    1030.5555555555554,
                    969.4444444444443
                ],
                [
                    1012.037037037037,
                    980.5555555555555
                ],
                [
                    1016.6666666666666,
                    1007.4074074074074
                ],
                [
                    1013.8888888888888,
                    1029.6296296296296
                ],
                [
                    992.5925925925925,
                    1042.5925925925926
                ],
                [
                    987.037037037037,
                    1075.0
                ],
                [
                    1026.8518518518517,
                    1072.2222222222222
                ],
                [
                    1037.9629629629628,
                    1111.111111111111
                ],
                [
                    1062.9629629629628,
                    1151.8518518518517
                ],
                [
                    1090.7407407407406,
                    1166.6666666666665
                ],
                [
                    1126.8518518518517,
                    1175.9259259259259
                ],
                [
                    1155.5555555555554,
                    1177.7777777777776
                ],
                [
                    1157.4074074074074,
                    1278.7037037037037
                ],
                [
                    1279.6296296296296,
                    1275.0
                ],
                [
                    1268.5185185185185,
                    1266.6666666666665
                ],
                [
                    1254.6296296296296,
                    1266.6666666666665
                ],
                [
                    1258.3333333333333,
                    1239.8148148148148
                ],
                [
                    1237.037037037037,
                    1131.4814814814813
                ],
                [
                    1184.2592592592591,
                    1129.6296296296296
                ],
                [
                    1175.0,
                    1107.4074074074074
                ],
                [
                    1110.1851851851852,
                    1071.2962962962963
                ],
                [
                    1073.148148148148,
                    1039.8148148148148
                ],
                [
                    1063.888888888889,
                    1031.4814814814815
                ],
                [
                    1062.9629629629628,
                    1001.8518518518517
                ]
            ],
            "group_id": null,
            "shape_type": "polygon",
            "flags": {}
        },
        {
            "label": "person",
            "points": [
                [
                    1510.185185185185,
                    1133.3333333333333
                ],
                [
                    1462.9629629629628,
                    1117.5925925925926
                ],
                [
                    1437.9629629629628,
                    1100.9259259259259
                ],
                [
                    1411.111111111111,
                    1072.2222222222222
                ],
                [
                    1416.6666666666665,
                    1057.4074074074074
                ],
                [
                    1405.5555555555554,
                    1044.4444444444443
                ],
                [
                    1396.2962962962963,
                    1047.2222222222222
                ],
                [
                    1375.9259259259259,
                    1022.2222222222222
                ],
                [
                    1377.7777777777776,
                    1000.9259259259259
                ],
                [
                    1385.185185185185,
                    983.3333333333333
                ],
                [
                    1379.6296296296296,
                    964.8148148148148
                ],
                [
                    1364.8148148148148,
                    958.3333333333333
                ],
                [
                    1343.5185185185185,
                    964.8148148148148
                ],
                [
                    1337.9629629629628,
                    976.8518518518517
                ],
                [
                    1335.185185185185,
                    1006.4814814814814
                ],
                [
                    1317.5925925925926,
                    1017.5925925925925
                ],
                [
                    1322.2222222222222,
                    1073.148148148148
                ],
                [
                    1350.9259259259259,
                    1123.148148148148
                ],
                [
                    1354.6296296296296,
                    1162.9629629629628
                ],
                [
                    1441.6666666666665,
                    1162.9629629629628
                ],
                [
                    1465.7407407407406,
                    1170.3703703703702
                ],
                [
                    1461.111111111111,
                    1255.5555555555554
                ],
                [
                    1486.111111111111,
                    1262.037037037037
                ],
                [
                    1507.4074074074074,
                    1274.074074074074
                ],
                [
                    1557.4074074074074,
                    1277.7777777777776
                ],
                [
                    1589.8148148148148,
                    1273.148148148148
                ],
                [
                    1580.5555555555554,
                    1263.888888888889
                ],
                [
                    1556.4814814814813,
                    1250.9259259259259
                ],
                [
                    1539.8148148148148,
                    1253.7037037037037
                ],
                [
                    1523.148148148148,
                    1145.3703703703702
                ]
            ],
            "group_id": null,
            "shape_type": "polygon",
            "flags": {}
        },
        {
            "label": "person",
            "points": [
                [
                    1629.6296296296296,
                    978.7037037037037
                ],
                [
                    1637.037037037037,
                    962.037037037037
                ],
                [
                    1640.7407407407406,
                    954.6296296296296
                ],
                [
                    1659.2592592592591,
                    949.074074074074
                ],
                [
                    1679.6296296296296,
                    959.2592592592592
                ],
                [
                    1685.185185185185,
                    975.9259259259259
                ],
                [
                    1687.037037037037,
                    999.9999999999999
                ],
                [
                    1672.2222222222222,
                    1002.7777777777777
                ],
                [
                    1687.037037037037,
                    1019.4444444444443
                ],
                [
                    1695.3703703703702,
                    1034.2592592592591
                ],
                [
                    1692.5925925925924,
                    1131.4814814814813
                ],
                [
                    1674.074074074074,
                    1124.074074074074
                ],
                [
                    1660.185185185185,
                    1081.4814814814815
                ],
                [
                    1625.9259259259259,
                    1039.8148148148148
                ],
                [
                    1626.8518518518517,
                    1018.5185185185185
                ],
                [
                    1629.6296296296296,
                    995.3703703703703
                ]
            ],
            "group_id": null,
            "shape_type": "polygon",
            "flags": {}
        },
        {
            "label": "person",
            "points": [
                [
                    1693.5185185185185,
                    1013.8888888888888
                ],
                [
                    1719.4444444444443,
                    999.9999999999999
                ],
                [
                    1725.0,
                    957.4074074074074
                ],
                [
                    1731.4814814814813,
                    951.8518518518517
                ],
                [
                    1752.7777777777776,
                    949.9999999999999
                ],
                [
                    1767.5925925925924,
                    964.8148148148148
                ],
                [
                    1771.296296296296,
                    997.2222222222222
                ],
                [
                    1781.4814814814813,
                    1024.074074074074
                ],
                [
                    1800.9259259259259,
                    1071.2962962962963
                ],
                [
                    1796.296296296296,
                    1091.6666666666665
                ],
                [
                    1788.8888888888887,
                    1100.9259259259259
                ],
                [
                    1812.9629629629628,
                    1111.111111111111
                ],
                [
                    1830.5555555555554,
                    1125.0
                ],
                [
                    1849.9999999999998,
                    1153.7037037037037
                ],
                [
                    1846.296296296296,
                    1196.2962962962963
                ],
                [
                    1833.3333333333333,
                    1212.037037037037
                ],
                [
                    1822.2222222222222,
                    1232.4074074074074
                ],
                [
                    1771.296296296296,
                    1235.185185185185
                ],
                [
                    1745.3703703703702,
                    1204.6296296296296
                ],
                [
                    1752.7777777777776,
                    1168.5185185185185
                ],
                [
                    1783.3333333333333,
                    1167.5925925925926
                ],
                [
                    1762.037037037037,
                    1133.3333333333333
                ],
                [
                    1694.4444444444443,
                    1132.4074074074074
                ],
                [
                    1689.8148148148148,
                    1050.0
                ],
                [
                    1691.6666666666665,
                    1032.4074074074074
                ]
            ],
            "group_id": null,
            "shape_type": "polygon",
            "flags": {}
        },
        {
            "label": "person",
            "points": [
                [
                    1803.7037037037037,
                    1040.7407407407406
                ],
                [
                    1810.185185185185,
                    1015.7407407407406
                ],
                [
                    1818.5185185185185,
                    1010.1851851851851
                ],
                [
                    1824.9999999999998,
                    989.8148148148148
                ],
                [
                    1843.5185185185185,
                    989.8148148148148
                ],
                [
                    1849.9999999999998,
                    1010.1851851851851
                ],
                [
                    1851.8518518518517,
                    1020.3703703703703
                ],
                [
                    1865.7407407407406,
                    1064.8148148148148
                ],
                [
                    1863.8888888888887,
                    1082.4074074074074
                ],
                [
                    1824.074074074074,
                    1082.4074074074074
                ],
                [
                    1812.037037037037,
                    1066.6666666666665
                ],
                [
                    1804.6296296296296,
                    1053.7037037037037
                ]
            ],
            "group_id": null,
            "shape_type": "polygon",
            "flags": {}
        },
        {
            "label": "person",
            "points": [
                [
                    1936.111111111111,
                    927.7777777777777
                ],
                [
                    1935.185185185185,
                    901.8518518518518
                ],
                [
                    1952.7777777777776,
                    904.6296296296296
                ],
                [
                    1959.2592592592591,
                    925.9259259259259
                ],
                [
                    1967.5925925925924,
                    935.1851851851851
                ],
                [
                    1978.7037037037035,
                    959.2592592592592
                ],
                [
                    1970.3703703703702,
                    972.2222222222222
                ],
                [
                    1965.7407407407406,
                    1022.2222222222222
                ],
                [
                    1969.4444444444443,
                    1059.2592592592591
                ],
                [
                    1969.4444444444443,
                    1078.7037037037037
                ],
                [
                    1938.8888888888887,
                    1086.111111111111
                ],
                [
                    1932.4074074074074,
                    1042.5925925925926
                ],
                [
                    1933.3333333333333,
                    1020.3703703703703
                ],
                [
                    1927.7777777777776,
                    1012.037037037037
                ],
                [
                    1914.8148148148148,
                    1012.037037037037
                ],
                [
                    1918.5185185185185,
                    984.2592592592592
                ],
                [
                    1916.6666666666665,
                    957.4074074074074
                ],
                [
                    1921.296296296296,
                    940.7407407407406
                ],
                [
                    1924.074074074074,
                    930.5555555555555
                ]
            ],
            "group_id": null,
            "shape_type": "polygon",
            "flags": {}
        },
        {
            "label": "person",
            "points": [
                [
                    2147.222222222222,
                    897.2222222222222
                ],
                [
                    2150.0,
                    884.2592592592592
                ],
                [
                    2143.5185185185182,
                    870.3703703703703
                ],
                [
                    2130.555555555555,
                    867.5925925925925
                ],
                [
                    2125.0,
                    867.5925925925925
                ],
                [
                    2123.148148148148,
                    875.9259259259259
                ],
                [
                    2128.7037037037035,
                    893.5185185185185
                ],
                [
                    2116.6666666666665,
                    899.074074074074
                ],
                [
                    2125.0,
                    957.4074074074074
                ],
                [
                    2123.148148148148,
                    979.6296296296296
                ],
                [
                    2125.9259259259256,
                    997.2222222222222
                ],
                [
                    2119.4444444444443,
                    1018.5185185185185
                ],
                [
                    2125.0,
                    1049.074074074074
                ],
                [
                    2127.777777777778,
                    1075.9259259259259
                ],
                [
                    2178.7037037037035,
                    1074.074074074074
                ],
                [
                    2165.7407407407404,
                    1063.888888888889
                ],
                [
                    2160.185185185185,
                    1030.5555555555554
                ],
                [
                    2167.5925925925926,
                    995.3703703703703
                ],
                [
                    2171.296296296296,
                    972.2222222222222
                ],
                [
                    2178.7037037037035,
                    959.2592592592592
                ]
            ],
            "group_id": null,
            "shape_type": "polygon",
            "flags": {}
        },
        {
            "label": "person",
            "points": [
                [
                    2201.8518518518517,
                    876.8518518518518
                ],
                [
                    2198.148148148148,
                    866.6666666666666
                ],
                [
                    2197.222222222222,
                    852.7777777777777
                ],
                [
                    2203.7037037037035,
                    847.2222222222222
                ],
                [
                    2220.3703703703704,
                    844.4444444444443
                ],
                [
                    2223.148148148148,
                    860.1851851851851
                ],
                [
                    2233.333333333333,
                    876.8518518518518
                ],
                [
                    2242.5925925925926,
                    887.9629629629629
                ],
                [
                    2247.222222222222,
                    899.9999999999999
                ],
                [
                    2228.7037037037035,
                    918.5185185185185
                ],
                [
                    2216.6666666666665,
                    932.4074074074074
                ],
                [
                    2215.7407407407404,
                    962.037037037037
                ],
                [
                    2219.4444444444443,
                    973.148148148148
                ],
                [
                    2225.9259259259256,
                    992.5925925925925
                ],
                [
                    2220.3703703703704,
                    1021.2962962962962
                ],
                [
                    2218.5185185185182,
                    1051.8518518518517
                ],
                [
                    2205.555555555555,
                    1054.6296296296296
                ],
                [
                    2193.5185185185182,
                    977.7777777777777
                ],
                [
                    2184.259259259259,
                    964.8148148148148
                ],
                [
                    2187.037037037037,
                    946.2962962962962
                ],
                [
                    2192.5925925925926,
                    915.7407407407406
                ],
                [
                    2188.8888888888887,
                    892.5925925925925
                ]
            ],
            "group_id": null,
            "shape_type": "polygon",
            "flags": {}
        },
        {
            "label": "person",
            "points": [
                [
                    2287.037037037037,
                    884.2592592592592
                ],
                [
                    2278.7037037037035,
                    870.3703703703703
                ],
                [
                    2261.111111111111,
                    867.5925925925925
                ],
                [
                    2247.222222222222,
                    874.9999999999999
                ],
                [
                    2255.555555555555,
                    900.9259259259259
                ],
                [
                    2244.4444444444443,
                    906.4814814814814
                ],
                [
                    2238.8888888888887,
                    912.037037037037
                ],
                [
                    2229.6296296296296,
                    928.7037037037037
                ],
                [
                    2222.222222222222,
                    961.1111111111111
                ],
                [
                    2226.8518518518517,
                    986.1111111111111
                ],
                [
                    2223.148148148148,
                    1022.2222222222222
                ],
                [
                    2217.5925925925926,
                    1071.2962962962963
                ],
                [
                    2293.5185185185182,
                    1074.074074074074
                ],
                [
                    2291.6666666666665,
                    980.5555555555555
                ],
                [
                    2290.7407407407404,
                    952.7777777777777
                ],
                [
                    2299.074074074074,
                    947.2222222222222
                ],
                [
                    2289.814814814815,
                    916.6666666666666
                ],
                [
                    2280.555555555555,
                    904.6296296296296
                ]
            ],
            "group_id": null,
            "shape_type": "polygon",
            "flags": {}
        }
    ],
    "imagePath": "../../OlympusEPL6_PNG/OlympusEPL6_0132.PNG",
    "imageData": null,
    "imageHeight": 1736,
    "imageWidth": 2320
}