{
    "version": "4.5.6",
    "flags": {},
    "shapes": [
        {
            "label": "potted plant",
            "points": [
                [
                    456.67567567567573,
                    1056.6756756756756
                ],
                [
                    483.7027027027027,
                    1110.7297297297298
                ],
                [
                    483.7027027027027,
                    1167.4864864864865
                ],
                [
                    472.8918918918919,
                    1235.0540540540542
                ],
                [
                    448.5675675675676,
                    1386.4054054054054
                ],
                [
                    367.48648648648646,
                    1326.945945945946
                ],
                [
                    318.8378378378378,
                    1321.5405405405406
                ],
                [
                    189.10810810810813,
                    1321.5405405405406
                ],
                [
                    159.3783783783784,
                    1229.6486486486488
                ],
                [
                    183.7027027027027,
                    1205.3243243243244
                ],
                [
                    202.6216216216216,
                    1137.7567567567567
                ],
                [
                    226.94594594594594,
                    1078.2972972972973
                ],
                [
                    329.64864864864865,
                    1037.7567567567567
                ]
            ],
            "group_id": null,
            "shape_type": "polygon",
            "flags": {}
        },
        {
            "label": "potted plant",
            "points": [
                [
                    1813.4324324324325,
                    1151.2702702702702
                ],
                [
                    1829.6486486486488,
                    1367.4864864864865
                ],
                [
                    1851.2702702702704,
                    1426.945945945946
                ],
                [
                    2070.189189189189,
                    1429.6486486486488
                ],
                [
                    2108.027027027027,
                    1313.4324324324325
                ],
                [
                    2116.135135135135,
                    1172.8918918918919
                ],
                [
                    2108.027027027027,
                    1116.1351351351352
                ],
                [
                    2232.3513513513512,
                    1002.6216216216217
                ],
                [
                    2226.945945945946,
                    840.4594594594595
                ],
                [
                    2132.3513513513512,
                    645.8648648648649
                ],
                [
                    1889.1081081081084,
                    602.6216216216217
                ],
                [
                    1724.2432432432433,
                    599.918918918919
                ],
                [
                    1689.1081081081081,
                    670.1891891891892
                ],
                [
                    1753.972972972973,
                    775.5945945945946
                ],
                [
                    1805.3243243243244,
                    937.7567567567568
                ],
                [
                    1824.2432432432433,
                    1091.8108108108108
                ]
            ],
            "group_id": null,
            "shape_type": "polygon",
            "flags": {}
        },
        {
            "label": "potted plant",
            "points": [
                [
                    1702.6216216216217,
                    1094.5135135135135
                ],
                [
                    1726.945945945946,
                    1291.8108108108108
                ],
                [
                    1808.027027027027,
                    1326.945945945946
                ],
                [
                    1808.027027027027,
                    1137.7567567567567
                ],
                [
                    1932.3513513513512,
                    1143.162162162162
                ],
                [
                    1932.3513513513512,
                    959.3783783783784
                ],
                [
                    1835.0540540540542,
                    835.0540540540541
                ],
                [
                    1667.4864864864865,
                    824.2432432432432
                ],
                [
                    1640.4594594594596,
                    926.9459459459459
                ]
            ],
            "group_id": null,
            "shape_type": "polygon",
            "flags": {}
        },
        {
            "label": "potted plant",
            "points": [
                [
                    1629.6486486486488,
                    1021.5405405405406
                ],
                [
                    1648.5675675675675,
                    1210.7297297297298
                ],
                [
                    1686.4054054054054,
                    1267.4864864864865
                ],
                [
                    1710.7297297297298,
                    1267.4864864864865
                ],
                [
                    1735.0540540540542,
                    1124.2432432432433
                ],
                [
                    1848.5675675675675,
                    1126.945945945946
                ],
                [
                    1837.7567567567567,
                    1072.8918918918919
                ],
                [
                    1826.945945945946,
                    999.918918918919
                ],
                [
                    1808.027027027027,
                    940.4594594594595
                ],
                [
                    1699.918918918919,
                    926.9459459459459
                ],
                [
                    1648.5675675675675,
                    991.8108108108108
                ]
            ],
            "group_id": null,
            "shape_type": "polygon",
            "flags": {}
        },
        {
            "label": "potted plant",
            "points": [
                [
                    694.5135135135135,
                    986.4054054054054
                ],
                [
                    694.5135135135135,
                    1040.4594594594594
                ],
                [
                    729.6486486486486,
                    1078.2972972972973
                ],
                [
                    759.3783783783784,
                    1078.2972972972973
                ],
                [
                    794.5135135135135,
                    1024.2432432432433
                ],
                [
                    802.6216216216217,
                    964.7837837837837
                ],
                [
                    783.7027027027027,
                    921.5405405405405
                ],
                [
                    735.0540540540541,
                    916.1351351351351
                ],
                [
                    705.3243243243244,
                    956.6756756756757
                ]
            ],
            "group_id": null,
            "shape_type": "polygon",
            "flags": {}
        },
        {
            "label": "potted plant",
            "points": [
                [
                    553.972972972973,
                    1059.3783783783783
                ],
                [
                    556.6756756756757,
                    1108.027027027027
                ],
                [
                    548.5675675675676,
                    1143.162162162162
                ],
                [
                    472.8918918918919,
                    1135.0540540540542
                ],
                [
                    462.08108108108104,
                    1072.8918918918919
                ],
                [
                    467.48648648648646,
                    1043.162162162162
                ],
                [
                    475.5945945945946,
                    1016.1351351351352
                ],
                [
                    499.91891891891896,
                    1010.7297297297298
                ],
                [
                    535.0540540540541,
                    1035.0540540540542
                ]
            ],
            "group_id": null,
            "shape_type": "polygon",
            "flags": {}
        }
    ],
    "imagePath": "../../OlympusEPL6_PNG/OlympusEPL6_0081.PNG",
    "imageData": null,
    "imageHeight": 1736,
    "imageWidth": 2320
}