{
    "version": "4.5.6",
    "flags": {},
    "shapes": [
        {
            "label": "bicycle",
            "points": [
                [
                    104.10526315789474,
                    392.63157894736844
                ],
                [
                    159.36842105263156,
                    408.42105263157896
                ],
                [
                    238.31578947368422,
                    411.05263157894734
                ],
                [
                    288.3157894736842,
                    492.63157894736844
                ],
                [
                    317.2631578947368,
                    534.7368421052631
                ],
                [
                    322.5263157894737,
                    632.1052631578947
                ],
                [
                    143.57894736842104,
                    658.421052631579
                ],
                [
                    101.4736842105263,
                    590.0
                ],
                [
                    117.26315789473682,
                    553.1578947368421
                ],
                [
                    64.63157894736841,
                    529.4736842105264
                ],
                [
                    0,
                    523
                ],
                [
                    0,
                    558
                ],
                [
                    51.4736842105263,
                    568.9473684210526
                ],
                [
                    96.21052631578948,
                    666.3157894736842
                ],
                [
                    172.5263157894737,
                    705.7894736842105
                ],
                [
                    201.4736842105263,
                    790.0
                ],
                [
                    359.36842105263156,
                    668.9473684210526
                ],
                [
                    335.68421052631584,
                    532.1052631578947
                ],
                [
                    377.7894736842105,
                    503.1578947368421
                ],
                [
                    401.47368421052636,
                    413.6842105263158
                ],
                [
                    425.1578947368421,
                    413.6842105263158
                ],
                [
                    390.9473684210526,
                    387.36842105263156
                ],
                [
                    338.31578947368416,
                    400.5263157894737
                ],
                [
                    217.26315789473682,
                    379.4736842105263
                ],
                [
                    164.63157894736844,
                    363.6842105263158
                ],
                [
                    96.21052631578948,
                    361.05263157894734
                ]
            ],
            "group_id": null,
            "shape_type": "polygon",
            "flags": {}
        },
        {
            "label": "bicycle",
            "points": [
                [
                    283.05263157894734,
                    366.3157894736842
                ],
                [
                    398.8421052631579,
                    353.1578947368421
                ],
                [
                    467.2631578947369,
                    390.0
                ],
                [
                    525.1578947368421,
                    382.10526315789474
                ],
                [
                    580.421052631579,
                    340.0
                ],
                [
                    680.421052631579,
                    324.2105263157895
                ],
                [
                    677.7894736842105,
                    358.42105263157896
                ],
                [
                    601.4736842105264,
                    371.57894736842104
                ],
                [
                    569.8947368421052,
                    390.0
                ],
                [
                    696.2105263157895,
                    384.7368421052632
                ],
                [
                    685.6842105263157,
                    574.2105263157895
                ],
                [
                    593.578947368421,
                    587.3684210526316
                ],
                [
                    569.8947368421052,
                    513.6842105263158
                ],
                [
                    659.3684210526316,
                    479.4736842105263
                ],
                [
                    609.3684210526316,
                    455.7894736842105
                ],
                [
                    580.421052631579,
                    474.2105263157895
                ],
                [
                    496.2105263157895,
                    463.6842105263158
                ],
                [
                    446.2105263157895,
                    474.2105263157895
                ],
                [
                    454.1052631578947,
                    537.3684210526316
                ],
                [
                    477.7894736842105,
                    537.3684210526316
                ],
                [
                    533.0526315789474,
                    534.7368421052631
                ],
                [
                    572.5263157894736,
                    666.3157894736842
                ],
                [
                    535.6842105263158,
                    718.9473684210526
                ],
                [
                    438.31578947368416,
                    740.0
                ],
                [
                    348.8421052631579,
                    855.7894736842105
                ],
                [
                    356.7368421052631,
                    932.1052631578947
                ],
                [
                    340.9473684210526,
                    1008.421052631579
                ],
                [
                    214.63157894736844,
                    1013.6842105263157
                ],
                [
                    112.0,
                    1147.8947368421052
                ],
                [
                    0,
                    1187
                ],
                [
                    0,
                    592
                ],
                [
                    51.4736842105263,
                    595.2631578947369
                ],
                [
                    96.21052631578948,
                    590.0
                ],
                [
                    151.4736842105263,
                    666.3157894736842
                ],
                [
                    190.9473684210526,
                    650.5263157894736
                ],
                [
                    154.10526315789474,
                    553.1578947368421
                ],
                [
                    93.57894736842104,
                    534.7368421052631
                ],
                [
                    62.0,
                    490.0
                ],
                [
                    130.42105263157896,
                    476.84210526315786
                ],
                [
                    251.4736842105263,
                    468.9473684210526
                ],
                [
                    222.5263157894737,
                    521.578947368421
                ],
                [
                    209.36842105263156,
                    563.6842105263158
                ],
                [
                    246.21052631578948,
                    737.3684210526316
                ],
                [
                    319.89473684210526,
                    684.7368421052631
                ],
                [
                    393.57894736842104,
                    674.2105263157895
                ],
                [
                    483.0526315789474,
                    547.8947368421052
                ],
                [
                    433.0526315789474,
                    537.3684210526316
                ],
                [
                    440.9473684210526,
                    484.7368421052632
                ],
                [
                    475.1578947368421,
                    458.42105263157896
                ],
                [
                    475.1578947368421,
                    429.4736842105263
                ],
                [
                    425.1578947368421,
                    405.7894736842105
                ],
                [
                    388.31578947368416,
                    392.63157894736844
                ],
                [
                    277.7894736842105,
                    397.89473684210526
                ]
            ],
            "group_id": null,
            "shape_type": "polygon",
            "flags": {}
        },
        {
            "label": "bicycle",
            "points": [
                [
                    875.1578947368421,
                    424.2105263157895
                ],
                [
                    801.4736842105264,
                    397.89473684210526
                ],
                [
                    693.578947368421,
                    400.5263157894737
                ],
                [
                    677.7894736842105,
                    434.7368421052632
                ],
                [
                    772.5263157894736,
                    429.4736842105263
                ],
                [
                    843.578947368421,
                    440.0
                ],
                [
                    835.6842105263157,
                    490.0
                ],
                [
                    854.1052631578948,
                    592.6315789473684
                ],
                [
                    767.2631578947369,
                    666.3157894736842
                ],
                [
                    619.8947368421052,
                    679.4736842105264
                ],
                [
                    569.8947368421052,
                    518.9473684210526
                ],
                [
                    648.8421052631579,
                    490.0
                ],
                [
                    630.421052631579,
                    453.1578947368421
                ],
                [
                    585.6842105263157,
                    463.6842105263158
                ],
                [
                    462.0,
                    463.6842105263158
                ],
                [
                    456.7368421052631,
                    532.1052631578947
                ],
                [
                    527.7894736842105,
                    545.2631578947369
                ],
                [
                    577.7894736842105,
                    674.2105263157895
                ],
                [
                    543.578947368421,
                    732.1052631578947
                ],
                [
                    469.8947368421052,
                    682.1052631578947
                ],
                [
                    380.42105263157896,
                    682.1052631578947
                ],
                [
                    280.42105263157896,
                    732.1052631578947
                ],
                [
                    193.57894736842104,
                    797.8947368421052
                ],
                [
                    175.15789473684208,
                    916.3157894736842
                ],
                [
                    185.68421052631578,
                    1058.421052631579
                ],
                [
                    233.05263157894734,
                    1176.842105263158
                ],
                [
                    343.57894736842104,
                    1226.842105263158
                ],
                [
                    483.0526315789474,
                    1187.3684210526317
                ],
                [
                    533.0526315789474,
                    1116.3157894736842
                ],
                [
                    546.2105263157895,
                    1090.0
                ],
                [
                    669.8947368421052,
                    1087.3684210526317
                ],
                [
                    675.1578947368421,
                    1024.2105263157894
                ],
                [
                    769.8947368421052,
                    976.8421052631579
                ],
                [
                    772.5263157894736,
                    884.7368421052631
                ],
                [
                    748.8421052631579,
                    811.0526315789474
                ],
                [
                    790.9473684210526,
                    732.1052631578947
                ],
                [
                    862.0,
                    650.5263157894736
                ],
                [
                    862.0,
                    697.8947368421052
                ],
                [
                    825.1578947368421,
                    758.421052631579
                ],
                [
                    812.0,
                    853.1578947368421
                ],
                [
                    806.7368421052631,
                    953.1578947368421
                ],
                [
                    833.0526315789474,
                    1018.9473684210527
                ],
                [
                    917.2631578947369,
                    911.0526315789474
                ],
                [
                    972.5263157894738,
                    897.8947368421052
                ],
                [
                    1062.0,
                    753.1578947368421
                ],
                [
                    1027.7894736842104,
                    687.3684210526316
                ],
                [
                    977.7894736842104,
                    668.9473684210526
                ],
                [
                    935.6842105263158,
                    668.9473684210526
                ],
                [
                    896.2105263157894,
                    642.6315789473684
                ],
                [
                    872.5263157894738,
                    492.63157894736844
                ],
                [
                    896.2105263157894,
                    453.1578947368421
                ],
                [
                    1062.0,
                    421.57894736842104
                ],
                [
                    1062.0,
                    397.89473684210526
                ],
                [
                    998.8421052631579,
                    390.0
                ],
                [
                    962.0,
                    400.5263157894737
                ]
            ],
            "group_id": null,
            "shape_type": "polygon",
            "flags": {}
        },
        {
            "label": "bicycle",
            "points": [
                [
                    1127.7894736842104,
                    497.89473684210526
                ],
                [
                    1072.5263157894738,
                    521.578947368421
                ],
                [
                    985.6842105263158,
                    513.6842105263158
                ],
                [
                    964.6315789473683,
                    550.5263157894736
                ],
                [
                    980.421052631579,
                    576.8421052631579
                ],
                [
                    1001.4736842105262,
                    603.1578947368421
                ],
                [
                    1048.842105263158,
                    597.8947368421052
                ],
                [
                    1075.157894736842,
                    603.1578947368421
                ],
                [
                    1072.5263157894738,
                    740.0
                ],
                [
                    996.2105263157894,
                    863.6842105263157
                ],
                [
                    959.3684210526317,
                    905.7894736842105
                ],
                [
                    880.421052631579,
                    929.4736842105264
                ],
                [
                    838.3157894736842,
                    982.1052631578947
                ],
                [
                    825.1578947368421,
                    1055.7894736842104
                ],
                [
                    793.578947368421,
                    1163.6842105263158
                ],
                [
                    819.8947368421052,
                    1258.421052631579
                ],
                [
                    883.0526315789473,
                    1292.6315789473683
                ],
                [
                    980.421052631579,
                    1242.6315789473683
                ],
                [
                    1088.3157894736842,
                    1155.7894736842104
                ],
                [
                    1154.1052631578948,
                    1103.157894736842
                ],
                [
                    1159.3684210526317,
                    1013.6842105263157
                ],
                [
                    1301.4736842105262,
                    916.3157894736842
                ],
                [
                    1433.0526315789473,
                    753.1578947368421
                ],
                [
                    1348.842105263158,
                    747.8947368421052
                ],
                [
                    1325.157894736842,
                    629.4736842105264
                ],
                [
                    1222.5263157894738,
                    547.8947368421052
                ],
                [
                    1219.8947368421052,
                    505.7894736842105
                ],
                [
                    1290.9473684210527,
                    482.10526315789474
                ],
                [
                    1348.842105263158,
                    500.5263157894737
                ],
                [
                    1340.9473684210527,
                    382.10526315789474
                ],
                [
                    1427.7894736842104,
                    355.7894736842105
                ],
                [
                    1569.8947368421052,
                    368.9473684210526
                ],
                [
                    1559.3684210526314,
                    337.36842105263156
                ],
                [
                    1472.5263157894738,
                    321.57894736842104
                ],
                [
                    1443.578947368421,
                    297.89473684210526
                ],
                [
                    1419.8947368421052,
                    297.89473684210526
                ],
                [
                    1406.7368421052631,
                    313.6842105263158
                ],
                [
                    1380.421052631579,
                    321.57894736842104
                ],
                [
                    1325.157894736842,
                    321.57894736842104
                ],
                [
                    1269.8947368421052,
                    305.7894736842105
                ],
                [
                    1264.6315789473683,
                    268.9473684210526
                ],
                [
                    1227.7894736842104,
                    261.05263157894734
                ],
                [
                    1206.7368421052631,
                    284.7368421052632
                ],
                [
                    1114.6315789473683,
                    290.0
                ],
                [
                    1093.578947368421,
                    305.7894736842105
                ],
                [
                    1159.3684210526317,
                    316.3157894736842
                ],
                [
                    1233.0526315789473,
                    326.8421052631579
                ],
                [
                    1306.7368421052631,
                    345.2631578947368
                ],
                [
                    1312.0,
                    474.2105263157895
                ],
                [
                    1217.2631578947369,
                    503.1578947368421
                ],
                [
                    1212.0,
                    545.2631578947369
                ],
                [
                    1314.6315789473683,
                    626.8421052631579
                ],
                [
                    1298.842105263158,
                    766.3157894736842
                ],
                [
                    1240.9473684210527,
                    837.3684210526316
                ],
                [
                    1167.2631578947369,
                    890.0
                ],
                [
                    1122.5263157894738,
                    863.6842105263157
                ],
                [
                    1096.2105263157894,
                    608.421052631579
                ],
                [
                    1146.2105263157894,
                    582.1052631578947
                ],
                [
                    1138.3157894736842,
                    540.0
                ]
            ],
            "group_id": null,
            "shape_type": "polygon",
            "flags": {}
        },
        {
            "label": "bicycle",
            "points": [
                [
                    1593.578947368421,
                    416.3157894736842
                ],
                [
                    1540.9473684210527,
                    408.42105263157896
                ],
                [
                    1501.4736842105262,
                    392.63157894736844
                ],
                [
                    1477.7894736842104,
                    361.05263157894734
                ],
                [
                    1448.842105263158,
                    374.2105263157895
                ],
                [
                    1443.578947368421,
                    403.1578947368421
                ],
                [
                    1356.7368421052631,
                    429.4736842105263
                ],
                [
                    1340.9473684210527,
                    453.1578947368421
                ],
                [
                    1456.7368421052631,
                    440.0
                ],
                [
                    1551.4736842105262,
                    432.10526315789474
                ],
                [
                    1577.7894736842104,
                    445.2631578947368
                ],
                [
                    1551.4736842105262,
                    503.1578947368421
                ],
                [
                    1548.842105263158,
                    558.421052631579
                ],
                [
                    1512.0,
                    645.2631578947369
                ],
                [
                    1412.0,
                    624.2105263157895
                ],
                [
                    1409.3684210526314,
                    540.0
                ],
                [
                    1417.2631578947369,
                    511.0526315789474
                ],
                [
                    1356.7368421052631,
                    495.2631578947368
                ],
                [
                    1296.2105263157894,
                    492.63157894736844
                ],
                [
                    1219.8947368421052,
                    492.63157894736844
                ],
                [
                    1219.8947368421052,
                    542.6315789473684
                ],
                [
                    1304.1052631578948,
                    611.0526315789474
                ],
                [
                    1369.8947368421052,
                    792.6315789473684
                ],
                [
                    1340.9473684210527,
                    845.2631578947369
                ],
                [
                    1283.0526315789473,
                    729.4736842105264
                ],
                [
                    1214.6315789473683,
                    705.7894736842105
                ],
                [
                    1148.842105263158,
                    705.7894736842105
                ],
                [
                    1083.0526315789473,
                    729.4736842105264
                ],
                [
                    1009.3684210526317,
                    832.1052631578947
                ],
                [
                    962.0,
                    1005.7894736842105
                ],
                [
                    988.3157894736842,
                    1168.9473684210527
                ],
                [
                    1062.0,
                    1353.157894736842
                ],
                [
                    1167.2631578947369,
                    1392.6315789473683
                ],
                [
                    1298.842105263158,
                    1358.421052631579
                ],
                [
                    1364.6315789473683,
                    1224.2105263157894
                ],
                [
                    1398.842105263158,
                    1124.2105263157894
                ],
                [
                    1506.7368421052631,
                    1068.9473684210527
                ],
                [
                    1556.7368421052631,
                    1113.6842105263158
                ],
                [
                    1590.9473684210527,
                    1129.4736842105262
                ],
                [
                    1648.842105263158,
                    1205.7894736842104
                ],
                [
                    1759.3684210526314,
                    1190.0
                ],
                [
                    1804.1052631578948,
                    1116.3157894736842
                ],
                [
                    1827.7894736842104,
                    897.8947368421052
                ],
                [
                    1804.1052631578948,
                    792.6315789473684
                ],
                [
                    1762.0,
                    724.2105263157895
                ],
                [
                    1675.157894736842,
                    666.3157894736842
                ],
                [
                    1659.3684210526314,
                    597.8947368421052
                ],
                [
                    1609.3684210526314,
                    582.1052631578947
                ],
                [
                    1606.7368421052631,
                    524.2105263157895
                ],
                [
                    1640.9473684210527,
                    450.5263157894737
                ],
                [
                    1706.7368421052631,
                    411.05263157894734
                ],
                [
                    1864.6315789473683,
                    387.36842105263156
                ],
                [
                    1862.0,
                    371.57894736842104
                ],
                [
                    1677.7894736842104,
                    384.7368421052632
                ],
                [
                    1654.1052631578948,
                    403.1578947368421
                ]
            ],
            "group_id": null,
            "shape_type": "polygon",
            "flags": {}
        },
        {
            "label": "bicycle",
            "points": [
                [
                    1633.0526315789473,
                    358.42105263157896
                ],
                [
                    1719.8947368421052,
                    347.89473684210526
                ],
                [
                    1833.0526315789473,
                    358.42105263157896
                ],
                [
                    1919.8947368421054,
                    358.42105263157896
                ],
                [
                    1990.9473684210525,
                    340.0
                ],
                [
                    2067.2631578947367,
                    311.05263157894734
                ],
                [
                    2146.2105263157896,
                    321.57894736842104
                ],
                [
                    2167.2631578947367,
                    337.36842105263156
                ],
                [
                    2056.7368421052633,
                    371.57894736842104
                ],
                [
                    1998.842105263158,
                    397.89473684210526
                ],
                [
                    1943.5789473684208,
                    400.5263157894737
                ],
                [
                    1925.157894736842,
                    429.4736842105263
                ],
                [
                    1962.0,
                    445.2631578947368
                ],
                [
                    2001.4736842105262,
                    621.578947368421
                ],
                [
                    2025.157894736842,
                    876.8421052631579
                ],
                [
                    2038.3157894736842,
                    1018.9473684210527
                ],
                [
                    2056.7368421052633,
                    1137.3684210526317
                ],
                [
                    2167.2631578947367,
                    1147.8947368421052
                ],
                [
                    2159.3684210526317,
                    1192.6315789473683
                ],
                [
                    2075.157894736842,
                    1205.7894736842104
                ],
                [
                    2025.157894736842,
                    1221.578947368421
                ],
                [
                    2022.5263157894738,
                    1305.7894736842104
                ],
                [
                    2001.4736842105262,
                    1484.7368421052631
                ],
                [
                    1935.6842105263158,
                    1471.578947368421
                ],
                [
                    1901.4736842105262,
                    1174.2105263157894
                ],
                [
                    1864.6315789473683,
                    1184.7368421052631
                ],
                [
                    1769.8947368421052,
                    1421.578947368421
                ],
                [
                    1740.9473684210527,
                    1416.3157894736842
                ],
                [
                    1840.9473684210527,
                    1187.3684210526317
                ],
                [
                    1859.3684210526314,
                    1108.421052631579
                ],
                [
                    1848.842105263158,
                    1047.8947368421052
                ],
                [
                    1840.9473684210527,
                    950.5263157894736
                ],
                [
                    1846.2105263157894,
                    921.578947368421
                ],
                [
                    1780.421052631579,
                    945.2631578947369
                ],
                [
                    1740.9473684210527,
                    911.0526315789474
                ],
                [
                    1754.1052631578948,
                    866.3157894736842
                ],
                [
                    1825.157894736842,
                    866.3157894736842
                ],
                [
                    1856.7368421052631,
                    882.1052631578947
                ],
                [
                    1867.2631578947367,
                    776.8421052631579
                ],
                [
                    1864.6315789473683,
                    682.1052631578947
                ],
                [
                    1838.3157894736842,
                    603.1578947368421
                ],
                [
                    1825.157894736842,
                    518.9473684210526
                ],
                [
                    1822.5263157894738,
                    466.3157894736842
                ],
                [
                    1809.3684210526314,
                    424.2105263157895
                ],
                [
                    1812.0,
                    405.7894736842105
                ],
                [
                    1640.9473684210527,
                    395.2631578947368
                ]
            ],
            "group_id": null,
            "shape_type": "polygon",
            "flags": {}
        },
        {
            "label": "person",
            "points": [
                [
                    1394.6666666666667,
                    28.0
                ],
                [
                    1357.3333333333333,
                    44.0
                ],
                [
                    1340.0,
                    89.33333333333333
                ],
                [
                    1341.3333333333333,
                    144.0
                ],
                [
                    1349.3333333333333,
                    164.0
                ],
                [
                    1345.3333333333333,
                    177.33333333333334
                ],
                [
                    1294.6666666666667,
                    202.66666666666666
                ],
                [
                    1294.6666666666667,
                    312.0
                ],
                [
                    1336.0,
                    325.3333333333333
                ],
                [
                    1398.6666666666667,
                    328.0
                ],
                [
                    1418.6666666666667,
                    304.0
                ],
                [
                    1449.3333333333333,
                    298.6666666666667
                ],
                [
                    1469.3333333333333,
                    326.6666666666667
                ],
                [
                    1534.6666666666667,
                    330.6666666666667
                ],
                [
                    1609.3333333333333,
                    342.6666666666667
                ],
                [
                    1589.3333333333333,
                    302.6666666666667
                ],
                [
                    1561.3333333333333,
                    296.0
                ],
                [
                    1554.6666666666667,
                    268.0
                ],
                [
                    1508.0,
                    230.66666666666666
                ],
                [
                    1466.6666666666667,
                    194.66666666666666
                ],
                [
                    1450.6666666666667,
                    188.0
                ],
                [
                    1473.3333333333333,
                    86.66666666666667
                ],
                [
                    1449.3333333333333,
                    37.333333333333336
                ],
                [
                    1412.0,
                    25.333333333333332
                ]
            ],
            "group_id": null,
            "shape_type": "polygon",
            "flags": {}
        },
        {
            "label": "person",
            "points": [
                [
                    961.3333333333334,
                    162.66666666666666
                ],
                [
                    977.3333333333334,
                    165.33333333333334
                ],
                [
                    977.3333333333334,
                    201.33333333333334
                ],
                [
                    997.3333333333334,
                    209.33333333333334
                ],
                [
                    998.6666666666666,
                    234.66666666666666
                ],
                [
                    988.0,
                    258.6666666666667
                ],
                [
                    958.6666666666666,
                    260.0
                ],
                [
                    957.3333333333334,
                    208.0
                ]
            ],
            "group_id": null,
            "shape_type": "polygon",
            "flags": {}
        },
        {
            "label": "person",
            "points": [
                [
                    1040.0,
                    154.66666666666666
                ],
                [
                    1057.3333333333333,
                    158.66666666666666
                ],
                [
                    1065.3333333333333,
                    184.0
                ],
                [
                    1066.6666666666667,
                    212.0
                ],
                [
                    1066.6666666666667,
                    258.6666666666667
                ],
                [
                    1024.0,
                    252.0
                ],
                [
                    1028.0,
                    205.33333333333334
                ],
                [
                    1036.0,
                    194.66666666666666
                ]
            ],
            "group_id": null,
            "shape_type": "polygon",
            "flags": {}
        },
        {
            "label": "person",
            "points": [
                [
                    1816.0,
                    248.0
                ],
                [
                    1801.3333333333333,
                    264.0
                ],
                [
                    1800.0,
                    285.3333333333333
                ],
                [
                    1792.0,
                    304.0
                ],
                [
                    1817.3333333333333,
                    325.3333333333333
                ],
                [
                    1818.6666666666667,
                    297.3333333333333
                ],
                [
                    1832.0,
                    277.3333333333333
                ]
            ],
            "group_id": null,
            "shape_type": "polygon",
            "flags": {}
        },
        {
            "label": "person",
            "points": [
                [
                    2274.6666666666665,
                    293.3333333333333
                ],
                [
                    2258.6666666666665,
                    293.3333333333333
                ],
                [
                    2256.0,
                    309.3333333333333
                ],
                [
                    2232.0,
                    333.3333333333333
                ],
                [
                    2233.3333333333335,
                    368.0
                ],
                [
                    2236.0,
                    389.3333333333333
                ],
                [
                    2277.3333333333335,
                    389.3333333333333
                ],
                [
                    2281.3333333333335,
                    324.0
                ]
            ],
            "group_id": null,
            "shape_type": "polygon",
            "flags": {}
        },
        {
            "label": "bicycle",
            "points": [
                [
                    1750.6666666666667,
                    446.6666666666667
                ],
                [
                    1717.3333333333333,
                    449.3333333333333
                ],
                [
                    1693.3333333333333,
                    476.0
                ],
                [
                    1682.6666666666667,
                    517.3333333333334
                ],
                [
                    1712.0,
                    565.3333333333334
                ],
                [
                    1764.0,
                    558.6666666666666
                ],
                [
                    1781.3333333333333,
                    538.6666666666666
                ],
                [
                    1812.0,
                    534.6666666666666
                ],
                [
                    1820.0,
                    452.0
                ],
                [
                    1872.0,
                    426.6666666666667
                ],
                [
                    1876.0,
                    397.3333333333333
                ],
                [
                    1792.0,
                    405.3333333333333
                ],
                [
                    1752.0,
                    418.6666666666667
                ]
            ],
            "group_id": null,
            "shape_type": "polygon",
            "flags": {}
        }
    ],
    "imagePath": "../../OlympusEPL6_PNG/OlympusEPL6_0039.PNG",
    "imageData": null,
    "imageHeight": 1736,
    "imageWidth": 2320
}