{
    "version": "4.5.6",
    "flags": {},
    "shapes": [
        {
            "label": "dinning table",
            "points": [
                [
                    2066.222222222222,
                    964.0
                ],
                [
                    2052.4444444444443,
                    964.8888888888889
                ],
                [
                    2062.222222222222,
                    967.1111111111111
                ],
                [
                    2063.5555555555557,
                    976.0
                ],
                [
                    2073.777777777778,
                    976.4444444444445
                ],
                [
                    2073.3333333333335,
                    988.0
                ],
                [
                    2074.6666666666665,
                    988.0
                ],
                [
                    2074.6666666666665,
                    968.4444444444445
                ],
                [
                    2086.6666666666665,
                    964.4444444444445
                ],
                [
                    2087.1111111111113,
                    960.4444444444445
                ]
            ],
            "group_id": null,
            "shape_type": "polygon",
            "flags": {}
        },
        {
            "label": "chair",
            "points": [
                [
                    2047.5555555555557,
                    975.1111111111111
                ],
                [
                    2039.111111111111,
                    975.5555555555555
                ],
                [
                    2036.888888888889,
                    989.3333333333334
                ],
                [
                    2050.222222222222,
                    989.7777777777778
                ]
            ],
            "group_id": null,
            "shape_type": "polygon",
            "flags": {}
        },
        {
            "label": "chair",
            "points": [
                [
                    2050.6666666666665,
                    975.1111111111111
                ],
                [
                    2061.777777777778,
                    973.3333333333334
                ],
                [
                    2062.222222222222,
                    988.0
                ],
                [
                    2052.4444444444443,
                    988.4444444444445
                ]
            ],
            "group_id": null,
            "shape_type": "polygon",
            "flags": {}
        },
        {
            "label": "chair",
            "points": [
                [
                    2086.222222222222,
                    973.7777777777778
                ],
                [
                    2088.0,
                    986.6666666666666
                ],
                [
                    2103.5555555555557,
                    987.1111111111111
                ],
                [
                    2104.4444444444443,
                    974.6666666666666
                ]
            ],
            "group_id": null,
            "shape_type": "polygon",
            "flags": {}
        },
        {
            "label": "dinning table",
            "points": [
                [
                    2174.222222222222,
                    951.1111111111111
                ],
                [
                    2160.4444444444443,
                    952.4444444444445
                ],
                [
                    2161.3333333333335,
                    955.1111111111111
                ],
                [
                    2172.0,
                    955.1111111111111
                ],
                [
                    2173.3333333333335,
                    962.6666666666666
                ],
                [
                    2180.8888888888887,
                    963.5555555555555
                ],
                [
                    2181.3333333333335,
                    956.4444444444445
                ],
                [
                    2194.222222222222,
                    955.1111111111111
                ],
                [
                    2192.4444444444443,
                    950.2222222222222
                ]
            ],
            "group_id": null,
            "shape_type": "polygon",
            "flags": {}
        }
    ],
    "imagePath": "../../OlympusEPL6_PNG/OlympusEPL6_0023.PNG",
    "imageData": null,
    "imageHeight": 1736,
    "imageWidth": 2320
}