{
  "version": "4.5.6",
  "flags": {},
  "shapes": [
    {
      "label": "boat",
      "points": [
        [
          684.9397590361446,
          1373.4939759036142
        ],
        [
          761.4457831325301,
          1358.433734939759
        ],
        [
          766.867469879518,
          1331.3253012048192
        ],
        [
          722.8915662650602,
          1335.5421686746986
        ],
        [
          688.5542168674698,
          1340.3614457831325
        ],
        [
          672.2891566265059,
          1342.7710843373493
        ],
        [
          666.2650602409637,
          1350.602409638554
        ],
        [
          674.0963855421686,
          1363.2530120481927
        ]
      ],
      "group_id": null,
      "shape_type": "polygon",
      "flags": {}
    }
  ],
  "imagePath": "../../Canon600D_PNG/Canon600D_0009.PNG",
  "imageData": null,
  "imageHeight": 1732,
  "imageWidth": 2601
}