{
  "version": "4.5.6",
  "flags": {},
  "shapes": [
    {
      "label": "car",
      "points": [
        [
          1261.1194029850747,
          1204.8656716417909
        ],
        [
          1240.2238805970148,
          1245.1641791044776
        ],
        [
          1244.7014925373135,
          1348.1492537313432
        ],
        [
          1280.5223880597014,
          1345.1641791044776
        ],
        [
          1279.0298507462685,
          1322.776119402985
        ],
        [
          1376.044776119403,
          1322.776119402985
        ],
        [
          1395.4477611940297,
          1352.6268656716418
        ],
        [
          1411.8656716417909,
          1316.8059701492537
        ],
        [
          1401.4179104477612,
          1222.776119402985
        ],
        [
          1364.1044776119402,
          1200.3880597014925
        ],
        [
          1277.5373134328358,
          1198.8955223880596
        ]
      ],
      "group_id": null,
      "shape_type": "polygon",
      "flags": {}
    }
  ],
  "imagePath": "../../Canon600D_PNG/Canon600D_0014.PNG",
  "imageData": null,
  "imageHeight": 1732,
  "imageWidth": 2601
}