{
  "version": "4.5.6",
  "flags": {},
  "shapes": [
    {
      "label": "bench",
      "points": [
        [
          723.8059701492537,
          667.5522388059701
        ],
        [
          723.8059701492537,
          673.5223880597015
        ],
        [
          732.7611940298507,
          679.4925373134328
        ],
        [
          780.5223880597015,
          691.4328358208954
        ],
        [
          796.9402985074627,
          763.0746268656716
        ],
        [
          879.0298507462686,
          775.0149253731342
        ],
        [
          913.3582089552239,
          745.1641791044775
        ],
        [
          923.8059701492537,
          689.9402985074627
        ],
        [
          952.1641791044775,
          669.044776119403
        ],
        [
          898.4328358208954,
          658.5970149253731
        ],
        [
          820.820895522388,
          649.641791044776
        ],
        [
          741.7164179104477,
          657.1044776119403
        ]
      ],
      "group_id": null,
      "shape_type": "polygon",
      "flags": {}
    },
    {
      "label": "bench",
      "points": [
        [
          259.6268656716418,
          624.2686567164179
        ],
        [
          258.13432835820896,
          645.1641791044776
        ],
        [
          290.97014925373134,
          645.1641791044776
        ],
        [
          307.3880597014925,
          721.2835820895522
        ],
        [
          353.65671641791045,
          725.7611940298507
        ],
        [
          356.6417910447761,
          652.6268656716418
        ],
        [
          361.1194029850746,
          648.1492537313433
        ],
        [
          361.1194029850746,
          622.776119402985
        ]
      ],
      "group_id": null,
      "shape_type": "polygon",
      "flags": {}
    }
  ],
  "imagePath": "../../Canon600D_PNG/Canon600D_0011.PNG",
  "imageData": null,
  "imageHeight": 1732,
  "imageWidth": 2601
}