{
  "version": "4.5.6",
  "flags": {},
  "shapes": [
    {
      "label": "truck",
      "points": [
        [
          534.2537313432836,
          169.04477611940297
        ],
        [
          398.4328358208955,
          300.3880597014925
        ],
        [
          401.4179104477612,
          454.1194029850746
        ],
        [
          0,
          607
        ],
        [
          0,
          1731
        ],
        [
          2600,
          1731
        ],
        [
          2600,
          733
        ],
        [
          2207.3880597014922,
          463.07462686567163
        ],
        [
          2208.880597014925,
          297.4029850746268
        ],
        [
          2070.0746268656717,
          161.58208955223878
        ],
        [
          1561.1194029850744,
          169.04477611940297
        ],
        [
          1417.8358208955224,
          42.17910447761194
        ],
        [
          1410.3731343283582,
          69.04477611940298
        ],
        [
          1349.1791044776119,
          49.64179104477611
        ],
        [
          1283.5074626865671,
          51.13432835820895
        ],
        [
          1226.7910447761194,
          67.55223880597015
        ],
        [
          1192.4626865671642,
          39.19402985074627
        ],
        [
          1046.1940298507461,
          172.02985074626864
        ]
      ],
      "group_id": null,
      "shape_type": "polygon",
      "flags": {}
    },
    {
      "label": "car",
      "points": [
        [
          153.65671641791045,
          119.7910447761194
        ],
        [
          80.52238805970148,
          158.59701492537312
        ],
        [
          35.74626865671642,
          219.79104477611938
        ],
        [
          0,
          264
        ],
        [
          1.4179104477611943,
          610.8358208955224
        ],
        [
          398.4328358208955,
          452.6268656716418
        ],
        [
          395.44776119402985,
          291.4328358208955
        ],
        [
          537.2388059701492,
          166.0597014925373
        ],
        [
          622.3134328358209,
          167.55223880597015
        ],
        [
          604.4029850746268,
          128.7462686567164
        ],
        [
          541.7164179104477,
          112.32835820895522
        ],
        [
          382.0149253731343,
          106.35820895522389
        ],
        [
          243.2089552238806,
          110.83582089552237
        ]
      ],
      "group_id": null,
      "shape_type": "polygon",
      "flags": {}
    },
    {
      "label": "car",
      "points": [
        [
          538.7313432835821,
          110.83582089552237
        ],
        [
          576.044776119403,
          103.3731343283582
        ],
        [
          835.7462686567163,
          110.83582089552237
        ],
        [
          879.0298507462686,
          133.22388059701493
        ],
        [
          905.8955223880597,
          170.53731343283582
        ],
        [
          623.8059701492537,
          170.53731343283582
        ],
        [
          607.3880597014925,
          131.73134328358208
        ]
      ],
      "group_id": null,
      "shape_type": "polygon",
      "flags": {}
    },
    {
      "label": "car",
      "points": [
        [
          2.9104477611940283,
          66.05970149253731
        ],
        [
          31.268656716417908,
          80.98507462686567
        ],
        [
          167.08955223880596,
          80.98507462686567
        ],
        [
          162.61194029850745,
          63.07462686567163
        ],
        [
          262.6119402985074,
          69.04477611940298
        ],
        [
          289.4776119402985,
          86.955223880597
        ],
        [
          314.8507462686567,
          109.34328358208955
        ],
        [
          162.61194029850745,
          116.80597014925371
        ],
        [
          77.53731343283582,
          164.56716417910448
        ],
        [
          31.268656716417908,
          222.77611940298507
        ],
        [
          0,
          260
        ],
        [
          0,
          75
        ]
      ],
      "group_id": null,
      "shape_type": "polygon",
      "flags": {}
    },
    {
      "label": "car",
      "points": [
        [
          1538.888888888889,
          148.4126984126984
        ],
        [
          1550.7936507936508,
          121.42857142857143
        ],
        [
          1588.095238095238,
          114.28571428571429
        ],
        [
          1696.8253968253969,
          119.84126984126983
        ],
        [
          1744.4444444444443,
          119.04761904761905
        ],
        [
          1760.3174603174602,
          137.3015873015873
        ],
        [
          1776.1904761904761,
          159.52380952380952
        ],
        [
          1565.079365079365,
          169.84126984126985
        ]
      ],
      "group_id": null,
      "shape_type": "polygon",
      "flags": {}
    },
    {
      "label": "car",
      "points": [
        [
          2079.3650793650795,
          166.66666666666666
        ],
        [
          2169.047619047619,
          168.25396825396825
        ],
        [
          2202.3809523809523,
          226.984126984127
        ],
        [
          2211.1111111111113,
          224.6031746031746
        ],
        [
          2235.714285714286,
          223.015873015873
        ],
        [
          2244.4444444444443,
          230.15873015873015
        ],
        [
          2241.2698412698414,
          239.68253968253967
        ],
        [
          2212.6984126984125,
          241.26984126984127
        ],
        [
          2222.222222222222,
          265.87301587301585
        ],
        [
          2230.9523809523807,
          285.7142857142857
        ],
        [
          2229.3650793650795,
          350.0
        ],
        [
          2223.809523809524,
          383.3333333333333
        ],
        [
          2210.3174603174602,
          385.7142857142857
        ],
        [
          2209.5238095238096,
          298.41269841269843
        ]
      ],
      "group_id": null,
      "shape_type": "polygon",
      "flags": {}
    }
  ],
  "imagePath": "../../Canon600D_PNG/Canon600D_0063.PNG",
  "imageData": null,
  "imageHeight": 1732,
  "imageWidth": 2601
}