{
  "version": "4.5.6",
  "flags": {},
  "shapes": [
    {
      "label": "umbrella",
      "points": [
        [
          49.24390243902437,
          698.780487804878
        ],
        [
          34.60975609756096,
          746.3414634146341
        ],
        [
          44.365853658536565,
          810.9756097560975
        ],
        [
          50.46341463414632,
          846.3414634146341
        ],
        [
          74.85365853658533,
          841.4634146341463
        ],
        [
          63.878048780487774,
          901.2195121951219
        ],
        [
          61.43902439024387,
          964.6341463414633
        ],
        [
          52.90243902439022,
          992.6829268292682
        ],
        [
          34.60975609756096,
          1089.0243902439024
        ],
        [
          12.658536585365852,
          1153.6585365853657
        ],
        [
          19.975609756097555,
          1290.2439024390244
        ],
        [
          17.536585365853654,
          1330.4878048780488
        ],
        [
          0.0,
          1473.0
        ],
        [
          10.219512195121922,
          1515.8536585365853
        ],
        [
          30.95121951219511,
          1510.9756097560974
        ],
        [
          8.999999999999972,
          1610.9756097560974
        ],
        [
          5.34146341463412,
          1743.90243902439
        ],
        [
          26.073170731707307,
          1736.5853658536585
        ],
        [
          62.65853658536582,
          1764.6341463414633
        ],
        [
          104.1219512195122,
          1746.341463414634
        ],
        [
          107.78048780487802,
          1498.780487804878
        ],
        [
          156.5609756097561,
          1463.4146341463413
        ],
        [
          113.8780487804878,
          1323.170731707317
        ],
        [
          117.53658536585363,
          1235.3658536585365
        ],
        [
          141.92682926829264,
          1109.7560975609756
        ],
        [
          119.97560975609753,
          1040.2439024390244
        ],
        [
          109.0,
          982.9268292682926
        ],
        [
          112.65853658536582,
          906.0975609756097
        ],
        [
          118.7560975609756,
          708.5365853658536
        ],
        [
          96.80487804878044,
          679.2682926829268
        ],
        [
          72.41463414634143,
          675.6097560975609
        ]
      ],
      "group_id": null,
      "shape_type": "polygon",
      "flags": {}
    },
    {
      "label": "book",
      "points": [
        [
          1066.990291262136,
          686.4077669902913
        ],
        [
          1070.873786407767,
          699.0291262135922
        ],
        [
          1090.2912621359224,
          698.0582524271845
        ],
        [
          1220.388349514563,
          695.1456310679612
        ],
        [
          1220.388349514563,
          675.7281553398058
        ],
        [
          1090.2912621359224,
          676.6990291262135
        ]
      ],
      "group_id": null,
      "shape_type": "polygon",
      "flags": {}
    },
    {
      "label": "book",
      "points": [
        [
          1036.893203883495,
          675.7281553398058
        ],
        [
          1037.8640776699028,
          689.3203883495146
        ],
        [
          1060.1941747572814,
          686.4077669902913
        ],
        [
          1096.116504854369,
          674.757281553398
        ],
        [
          1229.126213592233,
          671.8446601941747
        ],
        [
          1233.009708737864,
          660.1941747572815
        ],
        [
          1085.4368932038835,
          664.0776699029126
        ]
      ],
      "group_id": null,
      "shape_type": "polygon",
      "flags": {}
    },
    {
      "label": "book",
      "points": [
        [
          1069.9029126213593,
          700.9708737864078
        ],
        [
          1070.873786407767,
          709.7087378640776
        ],
        [
          1225.2427184466019,
          706.7961165048544
        ],
        [
          1222.3300970873786,
          694.1747572815534
        ],
        [
          1092.2330097087379,
          696.1165048543689
        ]
      ],
      "group_id": null,
      "shape_type": "polygon",
      "flags": {}
    },
    {
      "label": "book",
      "points": [
        [
          1010.2040816326531,
          668.8775510204082
        ],
        [
          1011.2244897959184,
          677.0408163265306
        ],
        [
          1019.3877551020408,
          678.0612244897959
        ],
        [
          1067.857142857143,
          667.8571428571429
        ],
        [
          1084.6938775510205,
          662.7551020408164
        ],
        [
          1193.8775510204082,
          659.1836734693877
        ],
        [
          1196.938775510204,
          655.6122448979592
        ],
        [
          1192.3469387755101,
          647.9591836734694
        ],
        [
          1054.0816326530612,
          653.0612244897959
        ]
      ],
      "group_id": null,
      "shape_type": "polygon",
      "flags": {}
    }
  ],
  "imagePath": "../../Canon600D_PNG/Canon600D_0053.PNG",
  "imageData": null,
  "imageHeight": 2601,
  "imageWidth": 1732
}