{
  "version": "4.5.6",
  "flags": {},
  "shapes": [
    {
      "label": "boat",
      "points": [
        [
          545.054945054945,
          890.6593406593406
        ],
        [
          552.1978021978022,
          897.8021978021977
        ],
        [
          620.3296703296703,
          893.4065934065934
        ],
        [
          715.3846153846154,
          901.098901098901
        ],
        [
          726.3736263736264,
          899.4505494505494
        ],
        [
          700.5494505494505,
          888.4615384615385
        ],
        [
          619.2307692307692,
          879.6703296703297
        ],
        [
          591.2087912087912,
          881.8681318681319
        ],
        [
          558.2417582417582,
          886.8131868131868
        ]
      ],
      "group_id": null,
      "shape_type": "polygon",
      "flags": {}
    },
    {
      "label": "boat",
      "points": [
        [
          644.5054945054945,
          881.3186813186813
        ],
        [
          724.1758241758241,
          881.8681318681319
        ],
        [
          797.2527472527472,
          898.3516483516484
        ],
        [
          721.978021978022,
          897.8021978021977
        ],
        [
          698.9010989010989,
          886.8131868131868
        ]
      ],
      "group_id": null,
      "shape_type": "polygon",
      "flags": {}
    },
    {
      "label": "boat",
      "points": [
        [
          1436.2637362637363,
          907.1428571428571
        ],
        [
          1480.2197802197802,
          917.032967032967
        ],
        [
          1591.2087912087911,
          919.2307692307692
        ],
        [
          1595.054945054945,
          903.8461538461538
        ],
        [
          1457.142857142857,
          904.945054945055
        ]
      ],
      "group_id": null,
      "shape_type": "polygon",
      "flags": {}
    }
  ],
  "imagePath": "../../Canon600D_PNG/Canon600D_0017.PNG",
  "imageData": null,
  "imageHeight": 1732,
  "imageWidth": 2601
}