{
  "version": "4.5.6",
  "flags": {},
  "shapes": [
    {
      "label": "bottle",
      "points": [
        [
          149.67164179104478,
          440.07462686567163
        ],
        [
          143.7014925373134,
          501.2686567164179
        ],
        [
          142.2089552238806,
          596.7910447761194
        ],
        [
          113.8507462686567,
          707.2388059701492
        ],
        [
          127.28358208955223,
          834.1044776119403
        ],
        [
          148.17910447761193,
          878.8805970149253
        ],
        [
          240.71641791044777,
          871.4179104477612
        ],
        [
          236.23880597014923,
          766.9402985074627
        ],
        [
          252.65671641791045,
          738.5820895522388
        ],
        [
          210.86567164179104,
          534.1044776119403
        ],
        [
          209.3731343283582,
          432.6119402985074
        ],
        [
          163.1044776119403,
          423.65671641791045
        ]
      ],
      "group_id": null,
      "shape_type": "polygon",
      "flags": {}
    },
    {
      "label": "bottle",
      "points": [
        [
          354.14925373134326,
          450.5223880597015
        ],
        [
          369.07462686567163,
          583.3582089552239
        ],
        [
          351.16417910447757,
          680.3731343283582
        ],
        [
          339.2238805970149,
          760.9701492537313
        ],
        [
          448.17910447761193,
          752.0149253731342
        ],
        [
          479.5223880597015,
          838.5820895522387
        ],
        [
          475.04477611940297,
          744.5522388059701
        ],
        [
          434.7462686567164,
          637.0895522388059
        ],
        [
          431.76119402985074,
          525.1492537313433
        ],
        [
          434.7462686567164,
          440.07462686567163
        ],
        [
          391.46268656716416,
          437.08955223880594
        ]
      ],
      "group_id": null,
      "shape_type": "polygon",
      "flags": {}
    },
    {
      "label": "wine glass",
      "points": [
        [
          449.67164179104475,
          511.7164179104477
        ],
        [
          478.0298507462686,
          717.6865671641791
        ],
        [
          479.5223880597015,
          844.5522388059701
        ],
        [
          564.5970149253731,
          852.0149253731342
        ],
        [
          612.3582089552239,
          825.1492537313433
        ],
        [
          627.2835820895522,
          538.5820895522388
        ],
        [
          616.8358208955224,
          490.820895522388
        ],
        [
          545.1940298507462,
          477.38805970149247
        ],
        [
          473.55223880597015,
          490.820895522388
        ]
      ],
      "group_id": null,
      "shape_type": "polygon",
      "flags": {}
    },
    {
      "label": "wine glass",
      "points": [
        [
          615.3432835820895,
          487.8358208955224
        ],
        [
          733.2537313432836,
          477.38805970149247
        ],
        [
          754.1492537313433,
          495.29850746268653
        ],
        [
          752.6567164179104,
          710.2238805970148
        ],
        [
          704.8955223880597,
          722.1641791044775
        ],
        [
          725.7910447761194,
          811.7164179104477
        ],
        [
          658.6268656716418,
          829.6268656716418
        ],
        [
          612.3582089552239,
          813.2089552238806
        ],
        [
          627.2835820895522,
          537.0895522388059
        ]
      ],
      "group_id": null,
      "shape_type": "polygon",
      "flags": {}
    },
    {
      "label": "wine glass",
      "points": [
        [
          737.7313432835821,
          475.8955223880597
        ],
        [
          791.4626865671642,
          459.47761194029846
        ],
        [
          858.6268656716418,
          460.97014925373134
        ],
        [
          903.4029850746268,
          472.91044776119395
        ],
        [
          892.9552238805969,
          719.1791044776119
        ],
        [
          867.5820895522387,
          696.7910447761194
        ],
        [
          758.6268656716418,
          705.7462686567163
        ],
        [
          751.1641791044775,
          490.820895522388
        ]
      ],
      "group_id": null,
      "shape_type": "polygon",
      "flags": {}
    },
    {
      "label": "wine glass",
      "points": [
        [
          4.8955223880597,
          431.1194029850746
        ],
        [
          3.4029850746268657,
          474.4029850746268
        ],
        [
          36.23880597014925,
          638.5820895522388
        ],
        [
          58.62686567164178,
          737.0895522388059
        ],
        [
          82.50746268656715,
          750.5223880597015
        ],
        [
          118.32835820895522,
          738.5820895522388
        ],
        [
          113.8507462686567,
          696.7910447761194
        ],
        [
          137.73134328358208,
          598.2835820895522
        ],
        [
          140.71641791044775,
          498.28358208955217
        ],
        [
          140.71641791044775,
          449.0298507462686
        ],
        [
          152.65671641791045,
          411.7164179104477
        ],
        [
          127.28358208955223,
          401.26865671641787
        ]
      ],
      "group_id": null,
      "shape_type": "polygon",
      "flags": {}
    },
    {
      "label": "wine glass",
      "points": [
        [
          204.89552238805967,
          423.65671641791045
        ],
        [
          201.910447761194,
          401.26865671641787
        ],
        [
          233.25373134328356,
          390.820895522388
        ],
        [
          269.07462686567163,
          378.88059701492534
        ],
        [
          331.76119402985074,
          384.8507462686567
        ],
        [
          369.07462686567163,
          392.3134328358209
        ],
        [
          369.07462686567163,
          431.1194029850746
        ],
        [
          351.16417910447757,
          438.58208955223876
        ],
        [
          369.07462686567163,
          587.8358208955224
        ],
        [
          343.7014925373134,
          710.2238805970148
        ],
        [
          266.08955223880594,
          719.1791044776119
        ],
        [
          218.32835820895522,
          523.6567164179104
        ]
      ],
      "group_id": null,
      "shape_type": "polygon",
      "flags": {}
    },
    {
      "label": "wine glass",
      "points": [
        [
          446.68656716417905,
          486.3432835820895
        ],
        [
          454.14925373134326,
          375.8955223880597
        ],
        [
          519.820895522388,
          365.44776119402985
        ],
        [
          554.1492537313433,
          372.910447761194
        ],
        [
          606.3880597014925,
          393.8059701492537
        ],
        [
          595.9402985074627,
          475.8955223880597
        ],
        [
          548.1791044776119,
          466.94029850746267
        ],
        [
          488.47761194029846,
          486.3432835820895
        ]
      ],
      "group_id": null,
      "shape_type": "polygon",
      "flags": {}
    },
    {
      "label": "vase",
      "points": [
        [
          2478.0298507462685,
          325.14925373134326
        ],
        [
          2472.059701492537,
          365.44776119402985
        ],
        [
          2446.686567164179,
          398.2835820895522
        ],
        [
          2427.283582089552,
          443.0597014925373
        ],
        [
          2437.7313432835817,
          492.3134328358209
        ],
        [
          2489.970149253731,
          508.7313432835821
        ],
        [
          2527.283582089552,
          543.0597014925373
        ],
        [
          2548.179104477612,
          487.8358208955224
        ],
        [
          2563.10447761194,
          431.1194029850746
        ],
        [
          2539.2238805970146,
          371.4179104477612
        ],
        [
          2531.7611940298507,
          320.67164179104475
        ]
      ],
      "group_id": null,
      "shape_type": "polygon",
      "flags": {}
    },
    {
      "label": "bowl",
      "points": [
        [
          1233.2537313432836,
          587.8358208955224
        ],
        [
          1292.955223880597,
          671.4179104477612
        ],
        [
          1340.7164179104477,
          684.8507462686566
        ],
        [
          1343.7014925373132,
          714.7014925373134
        ],
        [
          1407.8805970149253,
          705.7462686567163
        ],
        [
          1416.8358208955224,
          677.3880597014925
        ],
        [
          1482.5074626865671,
          569.9253731343283
        ],
        [
          1425.7910447761194,
          557.9850746268656
        ],
        [
          1333.2537313432836,
          563.955223880597
        ],
        [
          1282.5074626865671,
          569.9253731343283
        ]
      ],
      "group_id": null,
      "shape_type": "polygon",
      "flags": {}
    },
    {
      "label": "bowl",
      "points": [
        [
          891.4626865671642,
          616.1940298507462
        ],
        [
          897.4328358208954,
          701.2686567164179
        ],
        [
          924.2985074626865,
          738.5820895522388
        ],
        [
          937.7313432835821,
          760.9701492537313
        ],
        [
          995.9402985074627,
          771.4179104477612
        ],
        [
          1040.7164179104477,
          757.9850746268656
        ],
        [
          1063.1044776119402,
          714.7014925373134
        ],
        [
          1079.5223880597014,
          608.7313432835821
        ],
        [
          1042.2089552238806,
          584.8507462686567
        ],
        [
          1021.3134328358208,
          552.0149253731342
        ],
        [
          940.7164179104477,
          552.0149253731342
        ],
        [
          943.7014925373134,
          568.4328358208954
        ]
      ],
      "group_id": null,
      "shape_type": "polygon",
      "flags": {}
    },
    {
      "label": "bowl",
      "points": [
        [
          1075.044776119403,
          616.1940298507462
        ],
        [
          1119.820895522388,
          601.2686567164179
        ],
        [
          1197.4328358208954,
          601.2686567164179
        ],
        [
          1254.1492537313432,
          620.6716417910447
        ],
        [
          1233.2537313432836,
          668.4328358208954
        ],
        [
          1169.0746268656715,
          687.8358208955224
        ],
        [
          1170.5671641791043,
          740.0746268656716
        ],
        [
          1088.4776119402984,
          734.1044776119403
        ],
        [
          1060.1194029850747,
          693.8059701492537
        ]
      ],
      "group_id": null,
      "shape_type": "polygon",
      "flags": {}
    }
  ],
  "imagePath": "../../Canon600D_PNG/Canon600D_0135.PNG",
  "imageData": null,
  "imageHeight": 1732,
  "imageWidth": 2601
}