{
  "version": "4.5.6",
  "flags": {},
  "shapes": [
    {
      "label": "baseball bat",
      "points": [
        [
          292.44444444444434,
          652.3333333333334
        ],
        [
          256.8888888888889,
          681.2222222222222
        ],
        [
          228.0,
          765.6666666666666
        ],
        [
          185.77777777777783,
          1027.888888888889
        ],
        [
          83.55555555555543,
          1116.7777777777778
        ],
        [
          81.33333333333326,
          1181.2222222222222
        ],
        [
          116.88888888888891,
          1201.2222222222222
        ],
        [
          161.33333333333326,
          1192.3333333333333
        ],
        [
          259.1111111111111,
          1067.888888888889
        ],
        [
          308.0,
          979.0
        ],
        [
          321.33333333333326,
          656.7777777777777
        ]
      ],
      "group_id": null,
      "shape_type": "polygon",
      "flags": {}
    },
    {
      "label": "baseball bat",
      "points": [
        [
          452.44444444444434,
          1230.111111111111
        ],
        [
          468.0,
          1299.0
        ],
        [
          532.4444444444443,
          1299.0
        ],
        [
          554.6666666666665,
          1232.3333333333333
        ],
        [
          521.3333333333333,
          1147.888888888889
        ],
        [
          505.7777777777778,
          1039.0
        ],
        [
          472.44444444444434,
          881.2222222222222
        ],
        [
          445.7777777777778,
          610.1111111111111
        ],
        [
          383.55555555555543,
          612.3333333333334
        ],
        [
          410.2222222222222,
          772.3333333333333
        ],
        [
          421.33333333333326,
          1007.8888888888889
        ],
        [
          428.0,
          1132.3333333333333
        ]
      ],
      "group_id": null,
      "shape_type": "polygon",
      "flags": {}
    },
    {
      "label": "baseball bat",
      "points": [
        [
          394.66666666666674,
          1210.111111111111
        ],
        [
          388.0,
          1196.7777777777778
        ],
        [
          374.66666666666674,
          1223.4444444444443
        ],
        [
          399.1111111111111,
          1254.5555555555554
        ],
        [
          441.33333333333326,
          1270.111111111111
        ],
        [
          461.33333333333326,
          1241.2222222222222
        ],
        [
          443.55555555555543,
          1190.111111111111
        ]
      ],
      "group_id": null,
      "shape_type": "polygon",
      "flags": {}
    },
    {
      "label": "handbag",
      "points": [
        [
          919.1111111111111,
          823.4444444444445
        ],
        [
          943.5555555555554,
          861.2222222222222
        ],
        [
          908.0,
          919.0
        ],
        [
          903.5555555555554,
          965.6666666666666
        ],
        [
          941.3333333333333,
          892.3333333333333
        ],
        [
          939.1111111111111,
          972.3333333333333
        ],
        [
          930.2222222222222,
          1110.111111111111
        ],
        [
          892.4444444444443,
          1132.3333333333333
        ],
        [
          908.0,
          1216.7777777777778
        ],
        [
          914.6666666666665,
          1314.5555555555554
        ],
        [
          892.4444444444443,
          1399.0
        ],
        [
          936.8888888888889,
          1434.5555555555554
        ],
        [
          976.8888888888887,
          1394.5555555555554
        ],
        [
          970.2222222222222,
          1283.4444444444443
        ],
        [
          921.3333333333333,
          1163.4444444444443
        ],
        [
          952.4444444444443,
          1132.3333333333333
        ],
        [
          1370.2222222222222,
          1163.4444444444443
        ],
        [
          1465.7777777777778,
          1136.7777777777778
        ],
        [
          1534.6666666666665,
          1159.0
        ],
        [
          1632.4444444444443,
          1125.6666666666667
        ],
        [
          1592.4444444444443,
          939.0
        ],
        [
          1552.4444444444443,
          861.2222222222222
        ],
        [
          1434.6666666666665,
          796.7777777777777
        ],
        [
          1121.3333333333335,
          801.2222222222222
        ]
      ],
      "group_id": null,
      "shape_type": "polygon",
      "flags": {}
    }
  ],
  "imagePath": "../../Canon600D_PNG/Canon600D_0047.PNG",
  "imageData": null,
  "imageHeight": 2601,
  "imageWidth": 1732
}