{
    "version": "4.5.6",
    "flags": {},
    "shapes": [
        {
            "label": "book",
            "points": [
                [
                    1551.5,
                    1101.5
                ],
                [
                    1626.5,
                    1219.0
                ],
                [
                    1731.5,
                    1196.5
                ],
                [
                    1944.0,
                    1196.5
                ],
                [
                    1826.5,
                    1099.0
                ],
                [
                    1674.0,
                    1091.5
                ]
            ],
            "group_id": null,
            "shape_type": "polygon",
            "flags": {}
        },
        {
            "label": "book",
            "points": [
                [
                    1378.2857142857142,
                    1110.7142857142856
                ],
                [
                    1378.2857142857142,
                    1133.9285714285713
                ],
                [
                    1410.4285714285713,
                    1171.4285714285713
                ],
                [
                    1597.9285714285713,
                    1173.2142857142856
                ],
                [
                    1551.4999999999998,
                    1108.9285714285713
                ]
            ],
            "group_id": null,
            "shape_type": "polygon",
            "flags": {}
        },
        {
            "label": "book",
            "points": [
                [
                    1835.4285714285713,
                    1100.0
                ],
                [
                    1865.785714285714,
                    1098.2142857142856
                ],
                [
                    1906.8571428571427,
                    1112.5
                ],
                [
                    2014.0,
                    1160.7142857142856
                ],
                [
                    2012.2142857142853,
                    1176.7857142857142
                ],
                [
                    1935.4285714285713,
                    1185.7142857142856
                ]
            ],
            "group_id": null,
            "shape_type": "polygon",
            "flags": {}
        },
        {
            "label": "book",
            "points": [
                [
                    1969.3571428571427,
                    1105.3571428571427
                ],
                [
                    2039.0,
                    1132.142857142857
                ],
                [
                    2171.142857142857,
                    1108.9285714285713
                ],
                [
                    2089.0,
                    1083.9285714285713
                ],
                [
                    2021.1428571428569,
                    1100.0
                ]
            ],
            "group_id": null,
            "shape_type": "polygon",
            "flags": {}
        },
        {
            "label": "book",
            "points": [
                [
                    2081.8571428571427,
                    1126.7857142857142
                ],
                [
                    2096.142857142857,
                    1148.2142857142856
                ],
                [
                    2312.2142857142853,
                    1169.642857142857
                ],
                [
                    2310.428571428571,
                    1157.142857142857
                ],
                [
                    2274.7142857142853,
                    1126.7857142857142
                ],
                [
                    2176.5,
                    1114.2857142857142
                ]
            ],
            "group_id": null,
            "shape_type": "polygon",
            "flags": {}
        }
    ],
    "imagePath": "../../Canon600D_PNG/Canon600D_0001.PNG",
    "imageData": null,
    "imageHeight": 1732,
    "imageWidth": 2601
}