{
  "version": "4.5.6",
  "flags": {},
  "shapes": [
    {
      "label": "person",
      "points": [
        [
          700.2785515320335,
          1349.58217270195
        ],
        [
          707.799442896936,
          1350.4178272980503
        ],
        [
          709.7493036211699,
          1327.0194986072424
        ],
        [
          715.8774373259054,
          1325.9052924791088
        ],
        [
          716.4345403899722,
          1309.1922005571032
        ],
        [
          710.3064066852368,
          1301.949860724234
        ],
        [
          707.799442896936,
          1293.8718662952647
        ],
        [
          700.0,
          1293.3147632311977
        ],
        [
          701.1142061281338,
          1300.557103064067
        ],
        [
          697.4930362116992,
          1304.1782729805013
        ],
        [
          695.8217270194987,
          1318.3844011142062
        ],
        [
          698.6072423398329,
          1327.8551532033428
        ],
        [
          699.4428969359332,
          1344.0111420612814
        ]
      ],
      "group_id": null,
      "shape_type": "polygon",
      "flags": {}
    },
    {
      "label": "person",
      "points": [
        [
          723.1197771587744,
          1294.150417827298
        ],
        [
          723.1197771587744,
          1303.0640668523677
        ],
        [
          718.3844011142062,
          1305.2924791086352
        ],
        [
          718.1058495821727,
          1320.8913649025071
        ],
        [
          720.891364902507,
          1326.4623955431755
        ],
        [
          722.841225626741,
          1342.6183844011143
        ],
        [
          726.1838440111421,
          1350.974930362117
        ],
        [
          727.2980501392758,
          1330.9192200557104
        ],
        [
          736.2116991643454,
          1330.08356545961
        ],
        [
          736.7688022284123,
          1313.649025069638
        ],
        [
          730.3621169916435,
          1302.506963788301
        ],
        [
          730.3621169916435,
          1292.757660167131
        ]
      ],
      "group_id": null,
      "shape_type": "polygon",
      "flags": {}
    }
  ],
  "imagePath": "../../Canon600D_PNG/Canon600D_0003.PNG",
  "imageData": null,
  "imageHeight": 2601,
  "imageWidth": 1732
}