{
  "version": "4.5.6",
  "flags": {},
  "shapes": [
    {
      "label": "chair",
      "points": [
        [
          414.8507462686567,
          942.1791044776119
        ],
        [
          347.6865671641791,
          1160.089552238806
        ],
        [
          374.55223880597015,
          1413.820895522388
        ],
        [
          413.35820895522386,
          1458.597014925373
        ],
        [
          623.8059701492537,
          1472.0298507462685
        ],
        [
          711.865671641791,
          1394.4179104477612
        ],
        [
          768.5820895522388,
          1143.6716417910447
        ],
        [
          704.4029850746268,
          934.7164179104477
        ],
        [
          449.17910447761193,
          936.2089552238806
        ]
      ],
      "group_id": null,
      "shape_type": "polygon",
      "flags": {}
    },
    {
      "label": "chair",
      "points": [
        [
          789.4776119402985,
          961.5820895522387
        ],
        [
          937.2388059701492,
          963.0746268656716
        ],
        [
          984.9999999999999,
          1146.6567164179103
        ],
        [
          977.5373134328357,
          1249.641791044776
        ],
        [
          765.5970149253731,
          1240.686567164179
        ],
        [
          753.6567164179104,
          1103.3731343283582
        ],
        [
          758.1343283582089,
          967.5522388059701
        ]
      ],
      "group_id": null,
      "shape_type": "polygon",
      "flags": {}
    },
    {
      "label": "dining table",
      "points": [
        [
          614.8507462686567,
          691.4328358208954
        ],
        [
          605.8955223880597,
          780.9850746268656
        ],
        [
          605.8955223880597,
          945.1641791044775
        ],
        [
          696.9402985074627,
          943.6716417910447
        ],
        [
          771.5671641791045,
          1179.4925373134329
        ],
        [
          747.6865671641791,
          1318.2985074626865
        ],
        [
          762.6119402985074,
          1398.8955223880596
        ],
        [
          1232.7611940298507,
          1460.089552238806
        ],
        [
          1449.1791044776119,
          1403.3731343283582
        ],
        [
          1471.5671641791043,
          1372.0298507462685
        ],
        [
          1665.597014925373,
          1389.9402985074626
        ],
        [
          1783.5074626865671,
          1376.5074626865671
        ],
        [
          1825.2985074626865,
          1310.8358208955224
        ],
        [
          1802.9104477611938,
          654.1194029850745
        ],
        [
          1223.8059701492537,
          595.910447761194
        ],
        [
          889.4776119402984,
          646.6567164179104
        ]
      ],
      "group_id": null,
      "shape_type": "polygon",
      "flags": {}
    },
    {
      "label": "chair",
      "points": [
        [
          1608.8805970149253,
          945.1641791044775
        ],
        [
          1579.0298507462685,
          1033.2238805970148
        ],
        [
          1562.6119402985073,
          1128.7462686567164
        ],
        [
          1573.0597014925372,
          1207.8507462686566
        ],
        [
          1665.597014925373,
          1209.3432835820895
        ],
        [
          1655.1492537313432,
          939.1940298507462
        ]
      ],
      "group_id": null,
      "shape_type": "polygon",
      "flags": {}
    }
  ],
  "imagePath": "../../Canon600D_PNG/Canon600D_0012.PNG",
  "imageData": null,
  "imageHeight": 1732,
  "imageWidth": 2601
}