{
  "version": "4.5.6",
  "flags": {},
  "shapes": [
    {
      "label": "person",
      "points": [
        [
          802.2058823529411,
          1870.5882352941176
        ],
        [
          816.9117647058823,
          1877.205882352941
        ],
        [
          822.0588235294117,
          1870.5882352941176
        ],
        [
          836.7647058823529,
          1830.1470588235293
        ],
        [
          830.1470588235294,
          1887.4999999999998
        ],
        [
          847.7941176470588,
          1886.0294117647059
        ],
        [
          853.6764705882352,
          1878.6764705882351
        ],
        [
          861.0294117647059,
          1762.4999999999998
        ],
        [
          808.8235294117646,
          1758.0882352941176
        ],
        [
          808.0882352941176,
          1769.8529411764705
        ],
        [
          823.5294117647059,
          1802.205882352941
        ],
        [
          819.8529411764705,
          1830.1470588235293
        ]
      ],
      "group_id": null,
      "shape_type": "polygon",
      "flags": {}
    }
  ],
  "imagePath": "../../Canon600D_PNG/Canon600D_0106.PNG",
  "imageData": null,
  "imageHeight": 2601,
  "imageWidth": 1732
}