{
  "version": "4.5.6",
  "flags": {},
  "shapes": [
    {
      "label": "couch",
      "points": [
        [
          107.88059701492537,
          178.88059701492537
        ],
        [
          76.53731343283582,
          241.56716417910445
        ],
        [
          155.6417910447761,
          631.1194029850745
        ],
        [
          209.3731343283582,
          710.2238805970148
        ],
        [
          264.5970149253731,
          1002.7611940298507
        ],
        [
          376.5373134328358,
          1325.1492537313432
        ],
        [
          421.3134328358209,
          1434.1044776119402
        ],
        [
          667.5820895522388,
          1666.9402985074626
        ],
        [
          743.7014925373134,
          1729.6268656716418
        ],
        [
          2460,
          1731
        ],
        [
          2600,
          1731
        ],
        [
          2600,
          174
        ],
        [
          1598.9253731343283,
          78.88059701492537
        ],
        [
          1206.3880597014925,
          74.40298507462686
        ],
        [
          898.9253731343283,
          65.44776119402984
        ],
        [
          588.4776119402985,
          84.8507462686567
        ],
        [
          269.07462686567163,
          117.68656716417908
        ]
      ],
      "group_id": null,
      "shape_type": "polygon",
      "flags": {}
    },
    {
      "label": "couch",
      "points": [
        [
          9.373134328358208,
          204.25373134328356
        ],
        [
          75.04477611940298,
          160.97014925373134
        ],
        [
          104.89552238805969,
          162.46268656716416
        ],
        [
          106.38805970149254,
          202.76119402985074
        ],
        [
          75.04477611940298,
          250.52238805970148
        ],
        [
          145.19402985074626,
          586.3432835820895
        ],
        [
          103.40298507462686,
          626.641791044776
        ],
        [
          0.41791044776119435,
          602.7611940298507
        ]
      ],
      "group_id": null,
      "shape_type": "polygon",
      "flags": {}
    },
    {
      "label": "couch",
      "points": [
        [
          734.7462686567163,
          7.238805970149251
        ],
        [
          734.7462686567163,
          62.46268656716417
        ],
        [
          1607.8805970149253,
          80.3731343283582
        ],
        [
          2600,
          176
        ],
        [
          2600,
          0
        ],
        [
          1510.8656716417909,
          11.71641791044776
        ],
        [
          1309.3731343283582,
          16.19402985074627
        ],
        [
          1247,
          0
        ],
        [
          727,
          0
        ]
      ],
      "group_id": null,
      "shape_type": "polygon",
      "flags": {}
    },
    {
      "label": "couch",
      "points": [
        [
          369.07462686567163,
          2.761194029850742
        ],
        [
          363.1044776119403,
          43.059701492537314
        ],
        [
          369.07462686567163,
          111.71641791044775
        ],
        [
          736.2388059701492,
          71.41791044776119
        ],
        [
          738,
          0
        ],
        [
          376,
          0
        ]
      ],
      "group_id": null,
      "shape_type": "polygon",
      "flags": {}
    }
  ],
  "imagePath": "../../Canon600D_PNG/Canon600D_0125.PNG",
  "imageData": null,
  "imageHeight": 1732,
  "imageWidth": 2601
}