{
  "version": "4.5.6",
  "flags": {},
  "shapes": [
    {
      "label": "chair",
      "points": [
        [
          1552.3809523809523,
          1490.4761904761904
        ],
        [
          1557.142857142857,
          1602.857142857143
        ],
        [
          1568.5714285714284,
          1602.857142857143
        ],
        [
          1569.5238095238094,
          1573.3333333333333
        ],
        [
          1581.904761904762,
          1571.4285714285713
        ],
        [
          1678.095238095238,
          1567.6190476190475
        ],
        [
          1679.047619047619,
          1600.952380952381
        ],
        [
          1692.3809523809523,
          1604.7619047619046
        ],
        [
          1698.095238095238,
          1598.095238095238
        ],
        [
          1699.047619047619,
          1493.3333333333333
        ]
      ],
      "group_id": null,
      "shape_type": "polygon",
      "flags": {}
    }
  ],
  "imagePath": "../../Canon600D_PNG/Canon600D_0100.PNG",
  "imageData": null,
  "imageHeight": 1732,
  "imageWidth": 2601
}