{
  "version": "4.5.6",
  "flags": {},
  "shapes": [
    {
      "label": "cup",
      "points": [
        [
          383.5074626865671,
          630.2388059701492
        ],
        [
          405.8955223880597,
          725.7611940298507
        ],
        [
          447.68656716417905,
          731.7313432835821
        ],
        [
          492.46268656716416,
          715.3134328358209
        ],
        [
          498.43283582089555,
          701.8805970149253
        ],
        [
          529.776119402985,
          683.9701492537313
        ],
        [
          525.2985074626865,
          648.1492537313433
        ],
        [
          493.955223880597,
          624.2686567164179
        ],
        [
          482.0149253731343,
          606.3582089552239
        ],
        [
          423.8059701492537,
          601.8805970149253
        ]
      ],
      "group_id": null,
      "shape_type": "polygon",
      "flags": {}
    },
    {
      "label": "cup",
      "points": [
        [
          676.044776119403,
          342.17910447761193
        ],
        [
          708.8805970149253,
          415.3134328358209
        ],
        [
          762.6119402985074,
          398.8955223880597
        ],
        [
          805.8955223880597,
          378.0
        ],
        [
          795.4477611940298,
          336.2089552238806
        ],
        [
          765.5970149253731,
          328.7462686567164
        ],
        [
          740.2238805970148,
          318.29850746268653
        ],
        [
          702.910447761194,
          328.7462686567164
        ]
      ],
      "group_id": null,
      "shape_type": "polygon",
      "flags": {}
    },
    {
      "label": "cup",
      "points": [
        [
          271.56716417910445,
          88.44776119402984
        ],
        [
          302.910447761194,
          175.0149253731343
        ],
        [
          347.6865671641791,
          167.55223880597015
        ],
        [
          355.14925373134326,
          112.32835820895522
        ],
        [
          350.67164179104475,
          69.04477611940298
        ],
        [
          301.4179104477612,
          75.01492537313432
        ]
      ],
      "group_id": null,
      "shape_type": "polygon",
      "flags": {}
    },
    {
      "label": "cup",
      "points": [
        [
          8.880597014925371,
          400.3880597014925
        ],
        [
          55.14925373134328,
          391.4328358208955
        ],
        [
          59.62686567164178,
          434.7164179104477
        ],
        [
          76.04477611940298,
          492.9253731343283
        ],
        [
          44.70149253731343,
          512.3283582089551
        ],
        [
          8.880597014925371,
          518.2985074626865
        ]
      ],
      "group_id": null,
      "shape_type": "polygon",
      "flags": {}
    },
    {
      "label": "cup",
      "points": [
        [
          156.6417910447761,
          961.5820895522387
        ],
        [
          176.04477611940297,
          1025.7611940298507
        ],
        [
          222.3134328358209,
          1034.7164179104477
        ],
        [
          246.19402985074623,
          1007.8507462686566
        ],
        [
          232.76119402985074,
          930.2388059701492
        ],
        [
          190.97014925373134,
          928.7462686567163
        ],
        [
          156.6417910447761,
          945.1641791044775
        ]
      ],
      "group_id": null,
      "shape_type": "polygon",
      "flags": {}
    },
    {
      "label": "cup",
      "points": [
        [
          782.0149253731342,
          834.7164179104477
        ],
        [
          805.8955223880597,
          895.910447761194
        ],
        [
          840.2238805970148,
          903.3731343283581
        ],
        [
          867.0895522388059,
          879.4925373134328
        ],
        [
          856.641791044776,
          815.3134328358209
        ],
        [
          829.776119402985,
          809.3432835820895
        ]
      ],
      "group_id": null,
      "shape_type": "polygon",
      "flags": {}
    },
    {
      "label": "cup",
      "points": [
        [
          1028.2835820895523,
          516.8059701492537
        ],
        [
          1038.731343283582,
          594.4179104477612
        ],
        [
          1065.597014925373,
          621.2835820895522
        ],
        [
          1113.3582089552237,
          618.2985074626865
        ],
        [
          1152.1641791044776,
          582.4776119402985
        ],
        [
          1158.134328358209,
          521.2835820895522
        ],
        [
          1131.2686567164178,
          498.8955223880597
        ],
        [
          1093.955223880597,
          488.4477611940298
        ],
        [
          1055.1492537313432,
          492.9253731343283
        ]
      ],
      "group_id": null,
      "shape_type": "polygon",
      "flags": {}
    },
    {
      "label": "cup",
      "points": [
        [
          967.0895522388059,
          18.298507462686565
        ],
        [
          979.0298507462686,
          79.49253731343283
        ],
        [
          1035.7462686567164,
          70.53731343283582
        ],
        [
          1028.2835820895523,
          9.343283582089551
        ],
        [
          998,
          0
        ]
      ],
      "group_id": null,
      "shape_type": "polygon",
      "flags": {}
    },
    {
      "label": "cup",
      "points": [
        [
          1343.2089552238806,
          479.4925373134328
        ],
        [
          1352.1641791044776,
          545.1641791044776
        ],
        [
          1362.6119402985073,
          573.5223880597015
        ],
        [
          1416.3432835820895,
          564.5671641791045
        ],
        [
          1420.820895522388,
          501.88059701492534
        ],
        [
          1425.2985074626865,
          463.07462686567163
        ],
        [
          1385.0,
          461.58208955223876
        ]
      ],
      "group_id": null,
      "shape_type": "polygon",
      "flags": {}
    },
    {
      "label": "cup",
      "points": [
        [
          1582.0149253731342,
          188.44776119402985
        ],
        [
          1589.4776119402984,
          236.2089552238806
        ],
        [
          1608.8805970149253,
          273.5223880597015
        ],
        [
          1662.6119402985073,
          270.5373134328358
        ],
        [
          1682.0149253731342,
          248.14925373134326
        ],
        [
          1710.3731343283582,
          209.34328358208953
        ],
        [
          1695.4477611940297,
          178.0
        ],
        [
          1676.044776119403,
          167.55223880597015
        ],
        [
          1616.3432835820895,
          167.55223880597015
        ]
      ],
      "group_id": null,
      "shape_type": "polygon",
      "flags": {}
    },
    {
      "label": "cup",
      "points": [
        [
          1587.9850746268655,
          634.7164179104477
        ],
        [
          1599.9253731343283,
          713.820895522388
        ],
        [
          1611.8656716417909,
          743.6716417910447
        ],
        [
          1653.6567164179103,
          746.6567164179104
        ],
        [
          1667.089552238806,
          728.7462686567163
        ],
        [
          1674.55223880597,
          682.4776119402985
        ],
        [
          1686.4925373134326,
          625.7611940298507
        ],
        [
          1650.6716417910447,
          613.820895522388
        ],
        [
          1616.3432835820895,
          616.8059701492537
        ]
      ],
      "group_id": null,
      "shape_type": "polygon",
      "flags": {}
    },
    {
      "label": "cup",
      "points": [
        [
          1859.6268656716418,
          397.4029850746268
        ],
        [
          1865.597014925373,
          446.65671641791045
        ],
        [
          1874.55223880597,
          473.5223880597015
        ],
        [
          1919.328358208955,
          470.5373134328358
        ],
        [
          1926.7910447761192,
          427.25373134328356
        ],
        [
          1941.7164179104477,
          382.47761194029846
        ],
        [
          1905.8955223880596,
          378.0
        ]
      ],
      "group_id": null,
      "shape_type": "polygon",
      "flags": {}
    },
    {
      "label": "cup",
      "points": [
        [
          2090.970149253731,
          103.3731343283582
        ],
        [
          2080.5223880597014,
          164.56716417910448
        ],
        [
          2101.417910447761,
          206.35820895522386
        ],
        [
          2147.686567164179,
          213.82089552238804
        ],
        [
          2177.5373134328356,
          175.0149253731343
        ],
        [
          2183.507462686567,
          101.88059701492537
        ],
        [
          2146.194029850746,
          91.43283582089552
        ]
      ],
      "group_id": null,
      "shape_type": "polygon",
      "flags": {}
    }
  ],
  "imagePath": "../../Canon600D_PNG/Canon600D_0034.PNG",
  "imageData": null,
  "imageHeight": 1732,
  "imageWidth": 2601
}