{
  "version": "4.5.6",
  "flags": {},
  "shapes": [
    {
      "label": "person",
      "points": [
        [
          2014.0877598152424,
          1678.2909930715934
        ],
        [
          2007.1593533487298,
          1678.0600461893764
        ],
        [
          2008.5450346420323,
          1680.1385681293302
        ],
        [
          2020.7852193995382,
          1680.8314087759816
        ],
        [
          2019.8614318706698,
          1671.3625866050809
        ],
        [
          2015.2424942263278,
          1667.4364896073903
        ],
        [
          2014.0877598152424,
          1671.3625866050809
        ],
        [
          2016.1662817551962,
          1674.8267898383372
        ]
      ],
      "group_id": null,
      "shape_type": "polygon",
      "flags": {}
    },
    {
      "label": "truck",
      "points": [
        [
          2167.205542725173,
          1665.8198614318705
        ],
        [
          2162.5866050808313,
          1645.4965357967667
        ],
        [
          2120.323325635104,
          1642.7251732101615
        ],
        [
          2109.4688221709007,
          1657.5057736720555
        ],
        [
          2132.5635103926097,
          1666.9745958429562
        ]
      ],
      "group_id": null,
      "shape_type": "polygon",
      "flags": {}
    },
    {
      "label": "person",
      "points": [
        [
          2341.801385681293,
          1663.972286374134
        ],
        [
          2345.727482678984,
          1667.2055427251732
        ],
        [
          2348.498845265589,
          1675.5196304849885
        ],
        [
          2345.727482678984,
          1678.7528868360278
        ],
        [
          2340.877598152425,
          1676.905311778291
        ],
        [
          2339.7228637413396,
          1669.515011547344
        ],
        [
          2338.568129330254,
          1665.3579676674365
        ]
      ],
      "group_id": null,
      "shape_type": "polygon",
      "flags": {}
    },
    {
      "label": "car",
      "points": [
        [
          2593.9953810623556,
          1673.9030023094688
        ],
        [
          2574.826789838337,
          1675.7505773672056
        ],
        [
          2566.743648960739,
          1675.5196304849885
        ],
        [
          2566.743648960739,
          1671.824480369515
        ],
        [
          2573.903002309469,
          1670.6697459584295
        ],
        [
          2583.3718244803695,
          1662.8175519630486
        ],
        [
          2595.3810623556583,
          1663.0484988452656
        ],
        [
          2599.0762124711314,
          1663.2794457274827
        ],
        [
          2600,
          1672
        ]
      ],
      "group_id": null,
      "shape_type": "polygon",
      "flags": {}
    },
    {
      "label": "car",
      "points": [
        [
          2564.6651270207853,
          1674.364896073903
        ],
        [
          2546.8822170900694,
          1675.5196304849885
        ],
        [
          2547.3441108545035,
          1669.7459584295611
        ],
        [
          2558.4295612009237,
          1665.3579676674365
        ],
        [
          2579.907621247113,
          1663.2794457274827
        ],
        [
          2580.6004618937645,
          1663.5103926096997
        ],
        [
          2568.822170900693,
          1670.4387990762125
        ],
        [
          2565.5889145496535,
          1670.9006928406466
        ]
      ],
      "group_id": null,
      "shape_type": "polygon",
      "flags": {}
    },
    {
      "label": "truck",
      "points": [
        [
          2436.4896073903,
          1674.8267898383372
        ],
        [
          2451.732101616628,
          1674.5958429561201
        ],
        [
          2450.1154734411084,
          1667.8983833718244
        ],
        [
          2439.9538106235564,
          1659.8152424942264
        ],
        [
          2428.406466512702,
          1659.8152424942264
        ],
        [
          2424.2494226327944,
          1669.515011547344
        ],
        [
          2363.972286374134,
          1672.5173210161663
        ],
        [
          2361.662817551963,
          1676.905311778291
        ],
        [
          2363.2794457274827,
          1677.367205542725
        ]
      ],
      "group_id": null,
      "shape_type": "polygon",
      "flags": {}
    },
    {
      "label": "traffic light",
      "points": [
        [
          2548.2678983833716,
          1657.5057736720555
        ],
        [
          2552.886836027714,
          1655.6581986143187
        ],
        [
          2550.1154734411084,
          1640.877598152425
        ],
        [
          2547.113163972286,
          1647.5750577367205
        ]
      ],
      "group_id": null,
      "shape_type": "polygon",
      "flags": {}
    },
    {
      "label": "traffic light",
      "points": [
        [
          2544.8036951501153,
          1642.4942263279445
        ],
        [
          2539.4919168591223,
          1643.4180138568129
        ],
        [
          2541.801385681293,
          1649.6535796766743
        ],
        [
          2541.801385681293,
          1657.2748267898382
        ],
        [
          2547.3441108545035,
          1655.1963048498844
        ],
        [
          2546.420323325635,
          1646.8822170900692
        ]
      ],
      "group_id": null,
      "shape_type": "polygon",
      "flags": {}
    }
  ],
  "imagePath": "../../Canon600D_PNG/Canon600D_0002.PNG",
  "imageData": null,
  "imageHeight": 1732,
  "imageWidth": 2601
}