{
  "version": "4.5.6",
  "flags": {},
  "shapes": [
    {
      "label": "person",
      "points": [
        [
          1626.2,
          1854.8
        ],
        [
          1625.6,
          1859.4
        ],
        [
          1629.2,
          1865.2
        ],
        [
          1626.8,
          1868.0
        ],
        [
          1623.0,
          1873.0
        ],
        [
          1616.8,
          1872.4
        ],
        [
          1620.6,
          1876.0
        ],
        [
          1628.2,
          1874.4
        ],
        [
          1629.0,
          1881.4
        ],
        [
          1625.0,
          1889.0
        ],
        [
          1624.0,
          1899.6
        ],
        [
          1618.6,
          1903.8
        ],
        [
          1622.0,
          1908.0
        ],
        [
          1626.0,
          1904.6
        ],
        [
          1629.8,
          1889.8
        ],
        [
          1634.0,
          1889.4
        ],
        [
          1638.2,
          1895.2
        ],
        [
          1645.4,
          1902.8
        ],
        [
          1644.0,
          1906.0
        ],
        [
          1649.0,
          1904.6
        ],
        [
          1648.0,
          1899.4
        ],
        [
          1640.6,
          1893.6
        ],
        [
          1638.4,
          1883.8
        ],
        [
          1637.4,
          1878.6
        ],
        [
          1637.8,
          1871.2
        ],
        [
          1635.0,
          1863.2
        ],
        [
          1633.6,
          1861.8
        ],
        [
          1636.0,
          1859.2
        ],
        [
          1634.4,
          1855.0
        ],
        [
          1630.0,
          1853.6
        ]
      ],
      "group_id": null,
      "shape_type": "polygon",
      "flags": {}
    },
    {
      "label": "person",
      "points": [
        [
          1582.8,
          1854.2
        ],
        [
          1580.2,
          1859.4
        ],
        [
          1584.2,
          1865.0
        ],
        [
          1584.6,
          1875.8
        ],
        [
          1581.4,
          1882.2
        ],
        [
          1580.6,
          1891.2
        ],
        [
          1581.0,
          1899.6
        ],
        [
          1575.8,
          1904.4
        ],
        [
          1582.4,
          1905.6
        ],
        [
          1584.8,
          1892.6
        ],
        [
          1586.6,
          1884.6
        ],
        [
          1591.0,
          1893.6
        ],
        [
          1599.8,
          1898.8
        ],
        [
          1598.2,
          1904.2
        ],
        [
          1600.6,
          1907.2
        ],
        [
          1604.2,
          1899.0
        ],
        [
          1593.8,
          1890.4
        ],
        [
          1592.6,
          1883.4
        ],
        [
          1594.6,
          1877.8
        ],
        [
          1599.0,
          1885.0
        ],
        [
          1600.2,
          1882.4
        ],
        [
          1593.8,
          1873.0
        ],
        [
          1593.8,
          1865.0
        ],
        [
          1589.8,
          1857.6
        ]
      ],
      "group_id": null,
      "shape_type": "polygon",
      "flags": {}
    },
    {
      "label": "person",
      "points": [
        [
          1581.6,
          1821.8
        ],
        [
          1582.6,
          1829.0
        ],
        [
          1578.8,
          1832.8
        ],
        [
          1580.2,
          1847.6
        ],
        [
          1582.4,
          1844.6
        ],
        [
          1583.4,
          1854.0
        ],
        [
          1591.2,
          1856.6
        ],
        [
          1591.4,
          1843.2
        ],
        [
          1591.4,
          1839.2
        ],
        [
          1595.8,
          1840.8
        ],
        [
          1593.6,
          1832.0
        ],
        [
          1589.6,
          1827.0
        ],
        [
          1589.2,
          1822.0
        ],
        [
          1585.2,
          1819.4
        ]
      ],
      "group_id": null,
      "shape_type": "polygon",
      "flags": {}
    },
    {
      "label": "person",
      "points": [
        [
          1573.8,
          1817.4
        ],
        [
          1573.1,
          1819.5
        ],
        [
          1573.4,
          1823.5
        ],
        [
          1570.2,
          1825.2
        ],
        [
          1569.0,
          1827.4
        ],
        [
          1568.2,
          1833.2
        ],
        [
          1568.5,
          1838.2
        ],
        [
          1568.1,
          1841.1
        ],
        [
          1568.5,
          1851.3
        ],
        [
          1570.1,
          1854.8
        ],
        [
          1570.0,
          1863.2
        ],
        [
          1569.9,
          1868.3
        ],
        [
          1572.8,
          1870.6
        ],
        [
          1573.6,
          1864.2
        ],
        [
          1573.9,
          1855.1
        ],
        [
          1576.0,
          1847.8
        ],
        [
          1579.5,
          1844.4
        ],
        [
          1578.6,
          1833.0
        ],
        [
          1581.0,
          1829.6
        ],
        [
          1578.8,
          1826.3
        ],
        [
          1580.2,
          1821.3
        ],
        [
          1578.1,
          1818.1
        ],
        [
          1576.1,
          1816.9
        ]
      ],
      "group_id": null,
      "shape_type": "polygon",
      "flags": {}
    },
    {
      "label": "person",
      "points": [
        [
          1509.1,
          1793.9
        ],
        [
          1507.2,
          1797.4
        ],
        [
          1509.6,
          1802.8
        ],
        [
          1507.1,
          1805.3
        ],
        [
          1507.8,
          1814.5
        ],
        [
          1507.5,
          1821.1
        ],
        [
          1504.9,
          1826.7
        ],
        [
          1506.4,
          1829.0
        ],
        [
          1510.7,
          1820.6
        ],
        [
          1514.0,
          1821.2
        ],
        [
          1515.2,
          1830.2
        ],
        [
          1515.6,
          1835.9
        ],
        [
          1517.5,
          1838.8
        ],
        [
          1519.8,
          1837.1
        ],
        [
          1517.6,
          1828.4
        ],
        [
          1518.8,
          1819.8
        ],
        [
          1515.9,
          1811.9
        ],
        [
          1518.1,
          1809.0
        ],
        [
          1518.7,
          1802.4
        ],
        [
          1514.3,
          1798.4
        ],
        [
          1512.4,
          1795.6
        ]
      ],
      "group_id": null,
      "shape_type": "polygon",
      "flags": {}
    },
    {
      "label": "person",
      "points": [
        [
          1501.3,
          1791.0
        ],
        [
          1499.0,
          1795.6
        ],
        [
          1498.9,
          1806.2
        ],
        [
          1500.5,
          1816.4
        ],
        [
          1500.2,
          1822.6
        ],
        [
          1506.3,
          1825.5
        ],
        [
          1507.5,
          1813.8
        ],
        [
          1507.5,
          1804.0
        ],
        [
          1504.7,
          1800.1
        ],
        [
          1506.0,
          1795.4
        ],
        [
          1505.3,
          1790.6
        ],
        [
          1502.4,
          1790.4
        ]
      ],
      "group_id": null,
      "shape_type": "polygon",
      "flags": {}
    },
    {
      "label": "person",
      "points": [
        [
          1523.5,
          1784.9
        ],
        [
          1521.8,
          1787.3
        ],
        [
          1523.1,
          1791.8
        ],
        [
          1525.7,
          1793.6
        ],
        [
          1524.2,
          1797.2
        ],
        [
          1523.8,
          1801.5
        ],
        [
          1521.8,
          1806.4
        ],
        [
          1519.6,
          1811.1
        ],
        [
          1522.2,
          1814.9
        ],
        [
          1524.0,
          1818.1
        ],
        [
          1525.7,
          1818.6
        ],
        [
          1527.2,
          1830.6
        ],
        [
          1528.5,
          1834.1
        ],
        [
          1528.9,
          1823.6
        ],
        [
          1529.3,
          1817.5
        ],
        [
          1532.4,
          1817.1
        ],
        [
          1531.9,
          1806.2
        ],
        [
          1532.0,
          1796.7
        ],
        [
          1531.2,
          1791.4
        ],
        [
          1528.0,
          1790.3
        ],
        [
          1527.1,
          1787.0
        ],
        [
          1525.7,
          1785.8
        ]
      ],
      "group_id": null,
      "shape_type": "polygon",
      "flags": {}
    },
    {
      "label": "backpack",
      "points": [
        [
          1545.7,
          1766.9
        ],
        [
          1541.6,
          1769.4
        ],
        [
          1541.8,
          1774.8
        ],
        [
          1548.6,
          1775.6
        ],
        [
          1548.2,
          1770.2
        ]
      ],
      "group_id": null,
      "shape_type": "polygon",
      "flags": {}
    },
    {
      "label": "person",
      "points": [
        [
          1536.0,
          1758.5
        ],
        [
          1534.6,
          1760.0
        ],
        [
          1535.2,
          1765.3
        ],
        [
          1532.0,
          1766.6
        ],
        [
          1533.0,
          1771.2
        ],
        [
          1533.1,
          1778.7
        ],
        [
          1532.0,
          1783.6
        ],
        [
          1536.3,
          1783.2
        ],
        [
          1537.2,
          1791.2
        ],
        [
          1539.0,
          1791.2
        ],
        [
          1539.4,
          1781.5
        ],
        [
          1539.6,
          1776.0
        ],
        [
          1540.0,
          1767.1
        ],
        [
          1539.6,
          1762.7
        ],
        [
          1539.2,
          1759.4
        ]
      ],
      "group_id": null,
      "shape_type": "polygon",
      "flags": {}
    },
    {
      "label": "car",
      "points": [
        [
          1353.448275862069,
          1777.7298850574712
        ],
        [
          1348.7068965517242,
          1781.3218390804598
        ],
        [
          1343.5344827586207,
          1790.948275862069
        ],
        [
          1342.0977011494253,
          1793.2471264367816
        ],
        [
          1382.6149425287356,
          1819.683908045977
        ],
        [
          1387.787356321839,
          1813.3620689655172
        ],
        [
          1392.528735632184,
          1816.0919540229886
        ],
        [
          1394.971264367816,
          1810.9195402298851
        ],
        [
          1396.2643678160919,
          1793.3908045977012
        ],
        [
          1391.5229885057472,
          1786.0632183908046
        ],
        [
          1384.1954022988507,
          1779.4540229885058
        ],
        [
          1369.683908045977,
          1777.0114942528735
        ],
        [
          1357.471264367816,
          1776.5804597701149
        ]
      ],
      "group_id": null,
      "shape_type": "polygon",
      "flags": {}
    },
    {
      "label": "car",
      "points": [
        [
          1309.051724137931,
          1767.2413793103449
        ],
        [
          1306.4655172413793,
          1773.5632183908046
        ],
        [
          1337.5,
          1791.6666666666667
        ],
        [
          1343.2471264367816,
          1789.7988505747126
        ],
        [
          1348.5632183908046,
          1780.8908045977012
        ],
        [
          1350.4310344827586,
          1776.7241379310344
        ],
        [
          1343.103448275862,
          1766.0919540229886
        ],
        [
          1334.4827586206898,
          1763.7931034482758
        ],
        [
          1321.6954022988507,
          1762.9310344827586
        ],
        [
          1316.2356321839081,
          1763.2183908045977
        ]
      ],
      "group_id": null,
      "shape_type": "polygon",
      "flags": {}
    },
    {
      "label": "car",
      "points": [
        [
          1277.5862068965516,
          1756.1781609195402
        ],
        [
          1291.3793103448277,
          1756.4655172413793
        ],
        [
          1295.4022988505747,
          1758.7643678160919
        ],
        [
          1300.8620689655172,
          1764.2241379310344
        ],
        [
          1304.5977011494253,
          1766.0919540229886
        ],
        [
          1302.0114942528735,
          1771.1206896551723
        ]
      ],
      "group_id": null,
      "shape_type": "polygon",
      "flags": {}
    },
    {
      "label": "car",
      "points": [
        [
          1286.4942528735633,
          1755.028735632184
        ],
        [
          1282.6149425287356,
          1752.2988505747126
        ],
        [
          1288.3620689655172,
          1751.4367816091954
        ],
        [
          1293.103448275862,
          1743.8218390804598
        ],
        [
          1296.4080459770114,
          1741.5229885057472
        ],
        [
          1299.2816091954023,
          1740.66091954023
        ],
        [
          1303.0172413793105,
          1740.3735632183907
        ],
        [
          1313.0747126436781,
          1742.3850574712644
        ],
        [
          1319.1091954022988,
          1743.103448275862
        ],
        [
          1322.2701149425288,
          1747.557471264368
        ],
        [
          1330.8908045977012,
          1750.287356321839
        ],
        [
          1333.6206896551723,
          1752.0114942528735
        ],
        [
          1333.0459770114942,
          1757.7586206896551
        ],
        [
          1330.8908045977012,
          1762.3563218390805
        ],
        [
          1316.2356321839081,
          1763.5057471264367
        ],
        [
          1308.7643678160919,
          1767.2413793103449
        ],
        [
          1306.4655172413793,
          1772.4137931034484
        ],
        [
          1302.155172413793,
          1770.1149425287356
        ],
        [
          1304.4540229885058,
          1765.948275862069
        ],
        [
          1299.712643678161,
          1763.0747126436781
        ],
        [
          1296.2643678160919,
          1757.9022988505747
        ]
      ],
      "group_id": null,
      "shape_type": "polygon",
      "flags": {}
    },
    {
      "label": "car",
      "points": [
        [
          1344.8275862068965,
          1764.5114942528735
        ],
        [
          1347.844827586207,
          1754.7413793103449
        ],
        [
          1345.6896551724137,
          1750.7183908045977
        ],
        [
          1346.9827586206898,
          1746.8390804597702
        ],
        [
          1351.4367816091954,
          1744.5402298850574
        ],
        [
          1357.9022988505747,
          1738.3620689655172
        ],
        [
          1370.1149425287356,
          1737.212643678161
        ],
        [
          1379.0229885057472,
          1739.0804597701149
        ],
        [
          1377.8735632183907,
          1767.3850574712644
        ]
      ],
      "group_id": null,
      "shape_type": "polygon",
      "flags": {}
    },
    {
      "label": "car",
      "points": [
        [
          1322.4137931034484,
          1744.8275862068965
        ],
        [
          1321.2643678160919,
          1742.3850574712644
        ],
        [
          1319.2528735632184,
          1740.948275862069
        ],
        [
          1320.4022988505747,
          1737.9310344827586
        ],
        [
          1325.5747126436781,
          1738.0747126436781
        ],
        [
          1329.8850574712644,
          1730.603448275862
        ],
        [
          1336.6379310344828,
          1729.1666666666667
        ],
        [
          1344.396551724138,
          1729.0229885057472
        ],
        [
          1355.603448275862,
          1730.4597701149426
        ],
        [
          1359.6264367816093,
          1737.5
        ],
        [
          1356.896551724138,
          1739.367816091954
        ],
        [
          1350.7183908045977,
          1744.8275862068965
        ],
        [
          1346.2643678160919,
          1747.4137931034484
        ],
        [
          1345.6896551724137,
          1751.1494252873563
        ],
        [
          1348.5632183908046,
          1754.7413793103449
        ],
        [
          1344.971264367816,
          1761.3505747126437
        ],
        [
          1334.9137931034484,
          1761.4942528735633
        ],
        [
          1332.3275862068965,
          1760.7758620689656
        ],
        [
          1333.0459770114942,
          1758.3333333333333
        ],
        [
          1333.4770114942528,
          1752.0114942528735
        ],
        [
          1331.3218390804598,
          1749.1379310344828
        ],
        [
          1323.4195402298851,
          1747.844827586207
        ]
      ],
      "group_id": null,
      "shape_type": "polygon",
      "flags": {}
    },
    {
      "label": "car",
      "points": [
        [
          1393.103448275862,
          1778.8793103448277
        ],
        [
          1393.8218390804598,
          1786.9252873563219
        ],
        [
          1396.8390804597702,
          1790.948275862069
        ],
        [
          1416.5229885057472,
          1790.948275862069
        ],
        [
          1420.4022988505747,
          1793.103448275862
        ],
        [
          1425.5747126436781,
          1789.942528735632
        ],
        [
          1425.5747126436781,
          1786.0632183908046
        ],
        [
          1430.7471264367816,
          1784.7701149425288
        ],
        [
          1432.9022988505747,
          1777.0114942528735
        ],
        [
          1434.6264367816093,
          1771.6954022988507
        ],
        [
          1429.8850574712644,
          1764.655172413793
        ],
        [
          1425.0,
          1757.6149425287356
        ],
        [
          1414.7988505747126,
          1755.1724137931035
        ],
        [
          1408.3333333333333,
          1754.4540229885058
        ],
        [
          1407.9022988505747,
          1779.8850574712644
        ],
        [
          1396.9827586206898,
          1779.8850574712644
        ]
      ],
      "group_id": null,
      "shape_type": "polygon",
      "flags": {}
    },
    {
      "label": "car",
      "points": [
        [
          1414.2241379310344,
          1753.5919540229886
        ],
        [
          1413.9367816091954,
          1748.5632183908046
        ],
        [
          1417.2413793103449,
          1741.9540229885058
        ],
        [
          1424.5689655172414,
          1734.6264367816093
        ],
        [
          1453.0172413793105,
          1735.2011494252874
        ],
        [
          1460.2011494252874,
          1736.2068965517242
        ],
        [
          1461.0632183908046,
          1746.6954022988507
        ],
        [
          1461.9252873563219,
          1758.1896551724137
        ],
        [
          1462.0689655172414,
          1768.103448275862
        ],
        [
          1459.9137931034484,
          1774.5689655172414
        ],
        [
          1453.5919540229886,
          1773.9942528735633
        ],
        [
          1451.5804597701149,
          1778.448275862069
        ],
        [
          1445.5459770114942,
          1779.7413793103449
        ],
        [
          1442.0977011494253,
          1776.7241379310344
        ],
        [
          1432.7586206896551,
          1777.0114942528735
        ],
        [
          1435.2011494252874,
          1772.557471264368
        ],
        [
          1429.7413793103449,
          1764.942528735632
        ],
        [
          1425.5747126436781,
          1757.0402298850574
        ],
        [
          1414.655172413793,
          1755.4597701149426
        ]
      ],
      "group_id": null,
      "shape_type": "polygon",
      "flags": {}
    },
    {
      "label": "car",
      "points": [
        [
          1361.6379310344828,
          1736.9252873563219
        ],
        [
          1360.7758620689656,
          1732.7586206896551
        ],
        [
          1363.5057471264367,
          1729.0229885057472
        ],
        [
          1361.2068965517242,
          1726.5804597701149
        ],
        [
          1362.787356321839,
          1724.1379310344828
        ],
        [
          1366.5229885057472,
          1724.712643678161
        ],
        [
          1370.5459770114942,
          1719.2528735632184
        ],
        [
          1378.0172413793105,
          1714.7988505747126
        ],
        [
          1378.7356321839081,
          1737.787356321839
        ],
        [
          1370.8333333333333,
          1736.7816091954023
        ],
        [
          1363.2183908045977,
          1738.0747126436781
        ]
      ],
      "group_id": null,
      "shape_type": "polygon",
      "flags": {}
    },
    {
      "label": "car",
      "points": [
        [
          1428.7356321839081,
          1733.7643678160919
        ],
        [
          1429.8850574712644,
          1731.3218390804598
        ],
        [
          1432.7586206896551,
          1730.603448275862
        ],
        [
          1430.316091954023,
          1728.3045977011495
        ],
        [
          1432.3275862068965,
          1725.7183908045977
        ],
        [
          1436.0632183908046,
          1727.5862068965516
        ],
        [
          1437.5,
          1722.557471264368
        ],
        [
          1441.8103448275863,
          1718.6781609195402
        ],
        [
          1445.2586206896551,
          1717.3850574712644
        ],
        [
          1451.0057471264367,
          1717.3850574712644
        ],
        [
          1454.4540229885058,
          1715.8045977011495
        ],
        [
          1461.0632183908046,
          1717.0977011494253
        ],
        [
          1468.9655172413793,
          1718.9655172413793
        ],
        [
          1474.8563218390805,
          1723.8505747126437
        ],
        [
          1478.3045977011495,
          1729.4540229885058
        ],
        [
          1477.5862068965516,
          1736.2068965517242
        ],
        [
          1476.7241379310344,
          1742.0977011494253
        ],
        [
          1473.9942528735633,
          1744.8275862068965
        ],
        [
          1469.8275862068965,
          1743.9655172413793
        ],
        [
          1461.9252873563219,
          1748.7068965517242
        ],
        [
          1459.4827586206898,
          1736.3505747126437
        ],
        [
          1453.16091954023,
          1734.7701149425288
        ],
        [
          1437.3563218390805,
          1734.3390804597702
        ]
      ],
      "group_id": null,
      "shape_type": "polygon",
      "flags": {}
    },
    {
      "label": "car",
      "points": [
        [
          1454.7413793103449,
          1715.66091954023
        ],
        [
          1461.2068965517242,
          1708.4770114942528
        ],
        [
          1462.5,
          1705.316091954023
        ],
        [
          1468.8218390804598,
          1704.7413793103449
        ],
        [
          1476.4367816091954,
          1704.0229885057472
        ],
        [
          1484.051724137931,
          1704.8850574712644
        ],
        [
          1489.942528735632,
          1708.7643678160919
        ],
        [
          1494.1091954022988,
          1709.4827586206898
        ],
        [
          1493.6781609195402,
          1719.8275862068965
        ],
        [
          1494.1091954022988,
          1728.7356321839081
        ],
        [
          1488.5057471264367,
          1729.1666666666667
        ],
        [
          1485.9195402298851,
          1732.7586206896551
        ],
        [
          1478.7356321839081,
          1733.0459770114942
        ],
        [
          1478.5919540229886,
          1728.7356321839081
        ],
        [
          1474.1379310344828,
          1723.9942528735633
        ],
        [
          1468.8218390804598,
          1718.2471264367816
        ],
        [
          1460.057471264368,
          1716.8103448275863
        ]
      ],
      "group_id": null,
      "shape_type": "polygon",
      "flags": {}
    },
    {
      "label": "car",
      "points": [
        [
          1443.8218390804598,
          1697.4137931034484
        ],
        [
          1442.2413793103449,
          1692.9597701149426
        ],
        [
          1444.396551724138,
          1686.2068965517242
        ],
        [
          1446.8390804597702,
          1679.5977011494253
        ],
        [
          1448.8505747126437,
          1674.2816091954023
        ],
        [
          1456.4655172413793,
          1673.8505747126437
        ],
        [
          1457.6149425287356,
          1672.844827586207
        ],
        [
          1462.5,
          1672.844827586207
        ],
        [
          1463.2183908045977,
          1674.5689655172414
        ],
        [
          1470.6896551724137,
          1674.1379310344828
        ],
        [
          1475.0,
          1678.5919540229886
        ],
        [
          1477.442528735632,
          1683.6206896551723
        ],
        [
          1476.867816091954,
          1693.3908045977012
        ],
        [
          1472.2701149425288,
          1692.816091954023
        ],
        [
          1470.8333333333333,
          1695.1149425287356
        ],
        [
          1465.66091954023,
          1695.5459770114942
        ],
        [
          1459.4827586206898,
          1693.5344827586207
        ],
        [
          1449.5689655172414,
          1694.2528735632184
        ],
        [
          1449.5689655172414,
          1696.9827586206898
        ],
        [
          1445.4022988505747,
          1697.4137931034484
        ]
      ],
      "group_id": null,
      "shape_type": "polygon",
      "flags": {}
    },
    {
      "label": "car",
      "points": [
        [
          1482.471264367816,
          1703.7356321839081
        ],
        [
          1479.3103448275863,
          1701.867816091954
        ],
        [
          1481.0344827586207,
          1699.712643678161
        ],
        [
          1484.9137931034484,
          1699.8563218390805
        ],
        [
          1488.2183908045977,
          1694.1091954022988
        ],
        [
          1491.9540229885058,
          1688.2183908045977
        ],
        [
          1496.9827586206898,
          1684.7701149425288
        ],
        [
          1499.4252873563219,
          1689.5114942528735
        ],
        [
          1506.6091954022988,
          1689.2241379310344
        ],
        [
          1513.7931034482758,
          1695.1149425287356
        ],
        [
          1517.6724137931035,
          1700.5747126436781
        ],
        [
          1517.9597701149426,
          1714.367816091954
        ],
        [
          1511.6379310344828,
          1715.3735632183907
        ],
        [
          1504.7413793103449,
          1717.6724137931035
        ],
        [
          1493.6781609195402,
          1717.0977011494253
        ],
        [
          1493.3908045977012,
          1708.6206896551723
        ],
        [
          1488.2183908045977,
          1707.471264367816
        ]
      ],
      "group_id": null,
      "shape_type": "polygon",
      "flags": {}
    },
    {
      "label": "car",
      "points": [
        [
          1510.7758620689656,
          1692.3850574712644
        ],
        [
          1514.2241379310344,
          1683.3333333333333
        ],
        [
          1521.4080459770114,
          1683.0459770114942
        ],
        [
          1521.9827586206898,
          1679.8850574712644
        ],
        [
          1526.2931034482758,
          1680.316091954023
        ],
        [
          1535.057471264368,
          1682.183908045977
        ],
        [
          1538.6494252873563,
          1689.7988505747126
        ],
        [
          1541.3793103448277,
          1690.66091954023
        ],
        [
          1541.9540229885058,
          1696.8390804597702
        ],
        [
          1539.367816091954,
          1703.16091954023
        ],
        [
          1532.7586206896551,
          1705.4597701149426
        ],
        [
          1519.1091954022988,
          1705.4597701149426
        ],
        [
          1517.528735632184,
          1701.0057471264367
        ]
      ],
      "group_id": null,
      "shape_type": "polygon",
      "flags": {}
    },
    {
      "label": "car",
      "points": [
        [
          1529.7413793103449,
          1663.9367816091954
        ],
        [
          1529.5977011494253,
          1661.6379310344828
        ],
        [
          1533.7643678160919,
          1657.183908045977
        ],
        [
          1539.2241379310344,
          1654.8850574712644
        ],
        [
          1548.5632183908046,
          1655.028735632184
        ],
        [
          1556.6091954022988,
          1658.9080459770114
        ],
        [
          1557.0402298850574,
          1663.6494252873563
        ],
        [
          1548.2758620689656,
          1662.5
        ],
        [
          1547.7011494252874,
          1674.712643678161
        ],
        [
          1539.7988505747126,
          1675.287356321839
        ],
        [
          1536.7816091954023,
          1670.6896551724137
        ]
      ],
      "group_id": null,
      "shape_type": "polygon",
      "flags": {}
    }
  ],
  "imagePath": "../../Canon600D_PNG/Canon600D_0174.PNG",
  "imageData": null,
  "imageHeight": 2601,
  "imageWidth": 1732
}