{
  "version": "4.5.6",
  "flags": {},
  "shapes": [
    {
      "label": "bed",
      "points": [
        [
          319.3283582089552,
          98.89552238805969
        ],
        [
          349.17910447761193,
          242.17910447761193
        ],
        [
          328.2835820895522,
          260.08955223880594
        ],
        [
          322.3134328358209,
          331.7313432835821
        ],
        [
          322.3134328358209,
          395.910447761194
        ],
        [
          268.5820895522388,
          415.3134328358209
        ],
        [
          250.67164179104475,
          509.3432835820895
        ],
        [
          283.5074626865671,
          557.1044776119403
        ],
        [
          350.67164179104475,
          588.4477611940298
        ],
        [
          1.4179104477611943,
          1051.134328358209
        ],
        [
          1.0,
          1731.0
        ],
        [
          2600.0,
          1731.0
        ],
        [
          2600.0,
          945.0
        ],
        [
          2228.283582089552,
          500.38805970149247
        ],
        [
          2320.820895522388,
          124.2686567164179
        ],
        [
          2299.9253731343283,
          100.38805970149254
        ],
        [
          2267.089552238806,
          107.8507462686567
        ],
        [
          2265.597014925373,
          148.14925373134326
        ],
        [
          2253.6567164179105,
          173.52238805970148
        ],
        [
          2134.2537313432836,
          161.58208955223878
        ],
        [
          2014.8507462686566,
          125.76119402985074
        ],
        [
          1846.1940298507461,
          109.34328358208955
        ],
        [
          1653.6567164179103,
          118.29850746268656
        ],
        [
          1529.776119402985,
          145.1641791044776
        ],
        [
          1387.9850746268655,
          155.61194029850745
        ],
        [
          1377.5373134328358,
          113.82089552238804
        ],
        [
          1385.0,
          82.4776119402985
        ],
        [
          1361.1194029850747,
          73.52238805970148
        ],
        [
          1332.7611940298507,
          82.4776119402985
        ],
        [
          1296.9402985074626,
          79.49253731343283
        ],
        [
          1280.5223880597014,
          103.3731343283582
        ],
        [
          1290.9701492537313,
          154.11940298507463
        ],
        [
          1262.6119402985073,
          163.07462686567163
        ],
        [
          1173.0597014925372,
          157.1044776119403
        ],
        [
          1040.2238805970148,
          127.25373134328356
        ],
        [
          919.3283582089551,
          110.83582089552237
        ],
        [
          729.776119402985,
          115.31343283582089
        ],
        [
          598.4328358208954,
          146.65671641791045
        ],
        [
          390.97014925373134,
          157.1044776119403
        ],
        [
          376.04477611940297,
          128.7462686567164
        ],
        [
          383.5074626865671,
          106.35820895522389
        ],
        [
          367.08955223880594,
          86.955223880597
        ],
        [
          340.2238805970149,
          78.0
        ]
      ],
      "group_id": null,
      "shape_type": "polygon",
      "flags": {}
    },
    {
      "label": "book",
      "points": [
        [
          2381.5,
          340.5
        ],
        [
          2375.5,
          377.5
        ],
        [
          2480.5,
          470.5
        ],
        [
          2584.5,
          469.5
        ],
        [
          2586.0,
          408.5
        ],
        [
          2493.0,
          338.0
        ],
        [
          2386.5,
          337.0
        ]
      ],
      "group_id": null,
      "shape_type": "polygon",
      "flags": {}
    }
  ],
  "imagePath": "../../Canon600D_PNG/Canon600D_0048.PNG",
  "imageData": null,
  "imageHeight": 1732,
  "imageWidth": 2601
}