{
    "version": "4.5.6",
    "flags": {},
    "shapes": [
        {
            "label": "bicycle",
            "points": [
                [
                    6.193548387096776,
                    494.2903225806451
                ],
                [
                    572.3225806451613,
                    529.7741935483871
                ],
                [
                    582.0,
                    366.8709677419355
                ],
                [
                    515.8709677419355,
                    336.2258064516129
                ],
                [
                    425.5483870967742,
                    312.03225806451616
                ],
                [
                    398.1290322580645,
                    297.51612903225805
                ],
                [
                    443.2903225806452,
                    263.64516129032256
                ],
                [
                    506.1935483870968,
                    279.7741935483871
                ],
                [
                    601.3548387096774,
                    274.93548387096774
                ],
                [
                    717.483870967742,
                    270.0967741935484
                ],
                [
                    802.9677419354839,
                    260.4193548387097
                ],
                [
                    848.1290322580645,
                    278.16129032258067
                ],
                [
                    864.258064516129,
                    297.51612903225805
                ],
                [
                    823.9354838709678,
                    320.0967741935484
                ],
                [
                    725.5483870967741,
                    365.258064516129
                ],
                [
                    715.8709677419355,
                    389.4516129032258
                ],
                [
                    662.6451612903226,
                    395.90322580645164
                ],
                [
                    627.1612903225806,
                    403.9677419354839
                ],
                [
                    623.9354838709678,
                    463.64516129032256
                ],
                [
                    669.0967741935484,
                    471.7096774193549
                ],
                [
                    667.483870967742,
                    503.9677419354839
                ],
                [
                    669.0967741935484,
                    518.483870967742
                ],
                [
                    719.0967741935484,
                    558.8064516129032
                ],
                [
                    754.5806451612904,
                    605.5806451612904
                ],
                [
                    780.3870967741935,
                    637.8387096774194
                ],
                [
                    815.8709677419355,
                    676.5483870967741
                ],
                [
                    848.1290322580645,
                    705.5806451612904
                ],
                [
                    914.258064516129,
                    674.9354838709678
                ],
                [
                    1035.225806451613,
                    679.7741935483871
                ],
                [
                    1149.741935483871,
                    703.9677419354839
                ],
                [
                    1254.5806451612902,
                    757.1935483870968
                ],
                [
                    1362.6451612903227,
                    820.0967741935484
                ],
                [
                    1407.8064516129032,
                    889.4516129032259
                ],
                [
                    1488.4516129032259,
                    1023.3225806451612
                ],
                [
                    1535.225806451613,
                    1158.8064516129032
                ],
                [
                    1549.741935483871,
                    1287.8387096774193
                ],
                [
                    1530.3870967741937,
                    1410.4193548387098
                ],
                [
                    1456.1935483870968,
                    1578.1612903225807
                ],
                [
                    1335.225806451613,
                    1702.3548387096773
                ],
                [
                    1194.9032258064517,
                    1757.1935483870968
                ],
                [
                    904.5806451612904,
                    1715.258064516129
                ],
                [
                    782.0,
                    1636.225806451613
                ],
                [
                    672.3225806451613,
                    1520.0967741935483
                ],
                [
                    599.741935483871,
                    1529.774193548387
                ],
                [
                    614.258064516129,
                    1618.483870967742
                ],
                [
                    649.741935483871,
                    1605.5806451612902
                ],
                [
                    673.9354838709678,
                    1612.032258064516
                ],
                [
                    669.0967741935484,
                    1649.1290322580646
                ],
                [
                    662.6451612903226,
                    1713.6451612903227
                ],
                [
                    667.483870967742,
                    1758.8064516129032
                ],
                [
                    627.1612903225806,
                    1778.1612903225807
                ],
                [
                    572.3225806451613,
                    1752.3548387096773
                ],
                [
                    543.2903225806451,
                    1733.0
                ],
                [
                    519.0967741935484,
                    1583.0
                ],
                [
                    452.9677419354839,
                    1592.6774193548388
                ],
                [
                    354.5806451612903,
                    1553.967741935484
                ],
                [
                    307.80645161290323,
                    1474.9354838709678
                ],
                [
                    299.741935483871,
                    1331.3870967741937
                ],
                [
                    314.258064516129,
                    1321.7096774193549
                ],
                [
                    252.9677419354839,
                    1250.741935483871
                ],
                [
                    1.35483870967742,
                    1029.774193548387
                ],
                [
                    0,
                    1056
                ],
                [
                    38.45161290322581,
                    1178.1612903225807
                ],
                [
                    82.0,
                    1374.9354838709678
                ],
                [
                    61.03225806451613,
                    1537.8387096774193
                ],
                [
                    30.38709677419355,
                    1650.741935483871
                ],
                [
                    4.580645161290324,
                    1703.967741935484
                ]
            ],
            "group_id": null,
            "shape_type": "polygon",
            "flags": {}
        },
        {
            "label": "chair",
            "points": [
                [
                    1691.6774193548388,
                    1652.3548387096773
                ],
                [
                    1686.8387096774193,
                    1773.3225806451612
                ],
                [
                    1709.4193548387098,
                    1799.1290322580646
                ],
                [
                    1728.774193548387,
                    1745.9032258064517
                ],
                [
                    1830.3870967741937,
                    1729.774193548387
                ],
                [
                    1835.225806451613,
                    1771.7096774193549
                ],
                [
                    1877.1612903225807,
                    1784.6129032258066
                ],
                [
                    1885.225806451613,
                    1658.8064516129032
                ]
            ],
            "group_id": null,
            "shape_type": "polygon",
            "flags": {}
        }
    ],
    "imagePath": "../../Canon1DsMkIII_PNG/Canon1DsMkIII_0037.PNG",
    "imageData": null,
    "imageHeight": 1876,
    "imageWidth": 2820
}