{
    "version": "4.5.6",
    "flags": {},
    "shapes": [
        {
            "label": "bench",
            "points": [
                [
                    508.11764705882354,
                    1797.8039215686274
                ],
                [
                    510.07843137254906,
                    1817.4117647058824
                ],
                [
                    519.8823529411765,
                    1823.2941176470588
                ],
                [
                    531.6470588235294,
                    1852.7058823529412
                ],
                [
                    566.9411764705882,
                    1842.9019607843136
                ],
                [
                    608.1176470588235,
                    1833.0980392156862
                ],
                [
                    614.0,
                    1811.5294117647059
                ],
                [
                    602.2352941176471,
                    1788.0
                ],
                [
                    531.6470588235294,
                    1795.8431372549019
                ]
            ],
            "group_id": null,
            "shape_type": "polygon",
            "flags": {}
        }
    ],
    "imagePath": "../../Canon1DsMkIII_PNG/Canon1DsMkIII_0086.PNG",
    "imageData": null,
    "imageHeight": 1876,
    "imageWidth": 2820
}