{
    "version": "4.5.6",
    "flags": {},
    "shapes": [
        {
            "label": "car",
            "points": [
                [
                    822.8571428571428,
                    1457.142857142857
                ],
                [
                    817.1428571428571,
                    1459.047619047619
                ],
                [
                    1045.7142857142858,
                    1453.3333333333333
                ],
                [
                    1039.047619047619,
                    1426.6666666666665
                ],
                [
                    1035.2380952380952,
                    1420.952380952381
                ],
                [
                    883.8095238095237,
                    1418.095238095238
                ],
                [
                    876.1904761904761,
                    1423.8095238095239
                ],
                [
                    865.7142857142857,
                    1428.5714285714284
                ],
                [
                    849.5238095238095,
                    1430.4761904761904
                ]
            ],
            "group_id": null,
            "shape_type": "polygon",
            "flags": {}
        },
        {
            "label": "car",
            "points": [
                [
                    744.7619047619047,
                    1462.857142857143
                ],
                [
                    816.1904761904761,
                    1460.952380952381
                ],
                [
                    837.1428571428571,
                    1443.8095238095239
                ],
                [
                    840.952380952381,
                    1440.0
                ],
                [
                    799.047619047619,
                    1442.857142857143
                ],
                [
                    769.5238095238095,
                    1444.7619047619046
                ],
                [
                    751.4285714285714,
                    1454.2857142857142
                ]
            ],
            "group_id": null,
            "shape_type": "polygon",
            "flags": {}
        },
        {
            "label": "umbrella",
            "points": [
                [
                    1039.047619047619,
                    1408.5714285714284
                ],
                [
                    1078.095238095238,
                    1406.6666666666665
                ],
                [
                    1098.095238095238,
                    1421.904761904762
                ],
                [
                    1098.095238095238,
                    1456.1904761904761
                ],
                [
                    1105.7142857142858,
                    1454.2857142857142
                ],
                [
                    1105.7142857142858,
                    1421.904761904762
                ],
                [
                    1107.6190476190475,
                    1418.095238095238
                ],
                [
                    1121.904761904762,
                    1409.5238095238094
                ],
                [
                    1163.8095238095239,
                    1405.7142857142856
                ],
                [
                    1105.7142857142858,
                    1389.5238095238094
                ],
                [
                    1094.2857142857142,
                    1386.6666666666665
                ],
                [
                    1091.4285714285713,
                    1390.4761904761904
                ]
            ],
            "group_id": null,
            "shape_type": "polygon",
            "flags": {}
        },
        {
            "label": "car",
            "points": [
                [
                    1316.1904761904761,
                    1428.5714285714284
                ],
                [
                    1313.3333333333333,
                    1451.4285714285713
                ],
                [
                    1493.3333333333333,
                    1448.5714285714284
                ],
                [
                    1474.2857142857142,
                    1431.4285714285713
                ]
            ],
            "group_id": null,
            "shape_type": "polygon",
            "flags": {}
        },
        {
            "label": "person",
            "points": [
                [
                    0.0,
                    1415.0
                ],
                [
                    5.806451612903226,
                    1400.0
                ],
                [
                    13.548387096774194,
                    1394.8387096774193
                ],
                [
                    20.0,
                    1398.0645161290322
                ],
                [
                    21.93548387096774,
                    1407.0967741935483
                ],
                [
                    13.548387096774194,
                    1416.774193548387
                ],
                [
                    18.064516129032256,
                    1424.516129032258
                ],
                [
                    16.129032258064516,
                    1439.3548387096773
                ],
                [
                    12.903225806451612,
                    1458.0645161290322
                ],
                [
                    12.258064516129032,
                    1482.5806451612902
                ],
                [
                    7.096774193548387,
                    1498.7096774193549
                ],
                [
                    7.096774193548387,
                    1510.967741935484
                ],
                [
                    10.32258064516129,
                    1520.6451612903224
                ],
                [
                    16.774193548387096,
                    1528.3870967741934
                ],
                [
                    4.516129032258064,
                    1529.032258064516
                ],
                [
                    12.258064516129032,
                    1536.1290322580644
                ],
                [
                    10.96774193548387,
                    1540.0
                ],
                [
                    0.0,
                    1539.3548387096773
                ]
            ],
            "group_id": null,
            "shape_type": "polygon",
            "flags": {}
        },
        {
            "label": "car",
            "points": [
                [
                    130.96774193548387,
                    1467.741935483871
                ],
                [
                    221.93548387096774,
                    1468.3870967741934
                ],
                [
                    192.25806451612902,
                    1459.3548387096773
                ],
                [
                    157.41935483870967,
                    1460.0
                ],
                [
                    142.5806451612903,
                    1464.516129032258
                ]
            ],
            "group_id": null,
            "shape_type": "polygon",
            "flags": {}
        },
        {
            "label": "truck",
            "points": [
                [
                    1898.2758620689656,
                    1337.0689655172414
                ],
                [
                    1896.5517241379312,
                    1361.2068965517242
                ],
                [
                    1901.7241379310346,
                    1375.8620689655174
                ],
                [
                    1897.4137931034484,
                    1390.5172413793105
                ],
                [
                    1894.8275862068967,
                    1401.7241379310346
                ],
                [
                    1894.8275862068967,
                    1418.103448275862
                ],
                [
                    1898.2758620689656,
                    1423.2758620689656
                ],
                [
                    1900.8620689655174,
                    1444.8275862068967
                ],
                [
                    2294.8275862068967,
                    1434.4827586206898
                ],
                [
                    2311.206896551724,
                    1424.1379310344828
                ],
                [
                    2331.896551724138,
                    1414.6551724137933
                ],
                [
                    2333.6206896551726,
                    1368.9655172413793
                ],
                [
                    2284.4827586206898,
                    1343.103448275862
                ],
                [
                    2035.344827586207,
                    1337.9310344827586
                ],
                [
                    2011.2068965517242,
                    1320.689655172414
                ],
                [
                    1917.2413793103449,
                    1331.0344827586207
                ],
                [
                    1910.344827586207,
                    1341.3793103448277
                ]
            ],
            "group_id": null,
            "shape_type": "polygon",
            "flags": {}
        },
        {
            "label": "car",
            "points": [
                [
                    2518.1034482758623,
                    1433.6206896551726
                ],
                [
                    2543.9655172413795,
                    1437.0689655172414
                ],
                [
                    2715.5172413793107,
                    1433.6206896551726
                ],
                [
                    2712.0689655172414,
                    1414.6551724137933
                ],
                [
                    2696.551724137931,
                    1395.689655172414
                ],
                [
                    2565.5172413793107,
                    1398.2758620689656
                ],
                [
                    2527.586206896552,
                    1426.7241379310346
                ]
            ],
            "group_id": null,
            "shape_type": "polygon",
            "flags": {}
        },
        {
            "label": "car",
            "points": [
                [
                    2712.9310344827586,
                    1420.689655172414
                ],
                [
                    2713.7931034482763,
                    1431.8965517241381
                ],
                [
                    2800.0,
                    1436.2068965517242
                ],
                [
                    2802.586206896552,
                    1423.2758620689656
                ],
                [
                    2759.4827586206898,
                    1415.5172413793105
                ],
                [
                    2726.724137931035,
                    1416.3793103448277
                ]
            ],
            "group_id": null,
            "shape_type": "polygon",
            "flags": {}
        },
        {
            "label": "person",
            "points": [
                [
                    2804.778156996587,
                    917.0648464163822
                ],
                [
                    2801.706484641638,
                    920.136518771331
                ],
                [
                    2803.412969283276,
                    923.5494880546074
                ],
                [
                    2798.976109215017,
                    926.962457337884
                ],
                [
                    2799.6587030716723,
                    932.0819112627986
                ],
                [
                    2796.5870307167233,
                    944.3686006825938
                ],
                [
                    2806.1433447098975,
                    943.6860068259385
                ],
                [
                    2810.5802047781567,
                    943.0034129692832
                ],
                [
                    2813.310580204778,
                    936.8600682593856
                ],
                [
                    2815.358361774744,
                    926.6211604095563
                ],
                [
                    2811.6040955631397,
                    922.8668941979522
                ],
                [
                    2809.5563139931737,
                    922.5255972696245
                ],
                [
                    2809.215017064846,
                    917.7474402730375
                ]
            ],
            "group_id": null,
            "shape_type": "polygon",
            "flags": {}
        },
        {
            "label": "person",
            "points": [
                [
                    1931.5175097276265,
                    1014.7859922178989
                ],
                [
                    1925.6809338521402,
                    1022.9571984435798
                ],
                [
                    1931.1284046692608,
                    1024.1245136186772
                ],
                [
                    1931.1284046692608,
                    1028.7937743190662
                ],
                [
                    1943.968871595331,
                    1028.7937743190662
                ],
                [
                    1942.8015564202335,
                    1020.2334630350196
                ],
                [
                    1945.5252918287938,
                    1017.5097276264592
                ],
                [
                    1947.4708171206228,
                    1011.6731517509728
                ],
                [
                    1946.3035019455253,
                    1006.614785992218
                ],
                [
                    1941.6342412451363,
                    1008.171206225681
                ],
                [
                    1937.7431906614788,
                    1013.2295719844359
                ]
            ],
            "group_id": null,
            "shape_type": "polygon",
            "flags": {}
        }
    ],
    "imagePath": "../../Canon1DsMkIII_PNG/Canon1DsMkIII_0102.PNG",
    "imageData": null,
    "imageHeight": 1876,
    "imageWidth": 2820
}