{
    "version": "4.5.6",
    "flags": {},
    "shapes": [
        {
            "label": "person",
            "points": [
                [
                    1891.6774193548388,
                    873.3225806451613
                ],
                [
                    1891.6774193548388,
                    908.8064516129033
                ],
                [
                    1911.032258064516,
                    931.3870967741935
                ],
                [
                    1862.6451612903227,
                    958.8064516129032
                ],
                [
                    1862.6451612903227,
                    1034.6129032258063
                ],
                [
                    1857.8064516129032,
                    1124.9354838709678
                ],
                [
                    1875.5483870967741,
                    1163.6451612903227
                ],
                [
                    1896.516129032258,
                    1153.967741935484
                ],
                [
                    1901.3548387096773,
                    1210.4193548387098
                ],
                [
                    1911.032258064516,
                    1276.5483870967741
                ],
                [
                    1922.3225806451612,
                    1345.9032258064517
                ],
                [
                    1957.8064516129032,
                    1344.2903225806451
                ],
                [
                    1943.2903225806451,
                    1300.741935483871
                ],
                [
                    1936.8387096774193,
                    1181.3870967741937
                ],
                [
                    1957.8064516129032,
                    1210.4193548387098
                ],
                [
                    1946.516129032258,
                    1266.8709677419356
                ],
                [
                    1969.0967741935483,
                    1318.483870967742
                ],
                [
                    1998.1290322580646,
                    1339.4516129032259
                ],
                [
                    2011.032258064516,
                    1326.5483870967741
                ],
                [
                    1986.8387096774193,
                    1281.3870967741937
                ],
                [
                    2006.1935483870968,
                    1223.3225806451612
                ],
                [
                    2001.3548387096773,
                    1184.6129032258063
                ],
                [
                    1988.4516129032259,
                    1137.8387096774193
                ],
                [
                    2022.3225806451612,
                    1092.6774193548388
                ],
                [
                    2002.967741935484,
                    1053.967741935484
                ],
                [
                    2004.5806451612902,
                    994.2903225806451
                ],
                [
                    1986.8387096774193,
                    945.9032258064516
                ],
                [
                    1948.1290322580646,
                    937.8387096774194
                ],
                [
                    1949.741935483871,
                    892.6774193548387
                ],
                [
                    1919.0967741935483,
                    862.0322580645161
                ]
            ],
            "group_id": null,
            "shape_type": "polygon",
            "flags": {}
        },
        {
            "label": "person",
            "points": [
                [
                    1770.7096774193549,
                    902.3548387096774
                ],
                [
                    1736.8387096774193,
                    915.258064516129
                ],
                [
                    1736.7924528301885,
                    957.5471698113207
                ],
                [
                    1702.830188679245,
                    981.132075471698
                ],
                [
                    1731.132075471698,
                    1000.0
                ],
                [
                    1741.509433962264,
                    1036.7924528301887
                ],
                [
                    1764.1509433962262,
                    1049.0566037735848
                ],
                [
                    1777.3584905660377,
                    1124.5283018867924
                ],
                [
                    1731.132075471698,
                    1145.2830188679245
                ],
                [
                    1731.132075471698,
                    1203.7735849056603
                ],
                [
                    1741.509433962264,
                    1279.245283018868
                ],
                [
                    1733.0188679245282,
                    1329.245283018868
                ],
                [
                    1740.566037735849,
                    1350.0
                ],
                [
                    1763.2075471698113,
                    1301.8867924528302
                ],
                [
                    1776.4150943396226,
                    1346.2264150943395
                ],
                [
                    1813.2075471698113,
                    1343.3962264150944
                ],
                [
                    1802.830188679245,
                    1279.245283018868
                ],
                [
                    1812.264150943396,
                    1186.7924528301887
                ],
                [
                    1824.5283018867924,
                    1138.6792452830189
                ],
                [
                    1825.4716981132074,
                    1093.3962264150944
                ],
                [
                    1815.0943396226414,
                    982.0754716981131
                ],
                [
                    1787.7358490566037,
                    962.2641509433962
                ],
                [
                    1797.1698113207547,
                    932.0754716981131
                ]
            ],
            "group_id": null,
            "shape_type": "polygon",
            "flags": {}
        },
        {
            "label": "person",
            "points": [
                [
                    1654.7169811320755,
                    916.0377358490565
                ],
                [
                    1632.0754716981132,
                    943.3962264150942
                ],
                [
                    1639.6226415094338,
                    994.3396226415094
                ],
                [
                    1615.0943396226414,
                    1016.0377358490565
                ],
                [
                    1612.264150943396,
                    1051.8867924528302
                ],
                [
                    1594.3396226415093,
                    1116.0377358490566
                ],
                [
                    1585.8490566037735,
                    1153.7735849056603
                ],
                [
                    1606.6037735849056,
                    1143.3962264150944
                ],
                [
                    1631.132075471698,
                    1085.8490566037735
                ],
                [
                    1633.9622641509434,
                    1138.6792452830189
                ],
                [
                    1633.9622641509434,
                    1172.6415094339623
                ],
                [
                    1652.830188679245,
                    1230.1886792452829
                ],
                [
                    1675.4716981132074,
                    1290.566037735849
                ],
                [
                    1667.9245283018868,
                    1314.1509433962262
                ],
                [
                    1652.830188679245,
                    1349.0566037735848
                ],
                [
                    1670.7547169811319,
                    1357.5471698113206
                ],
                [
                    1687.7358490566037,
                    1333.9622641509434
                ],
                [
                    1695.2830188679245,
                    1370.754716981132
                ],
                [
                    1710.377358490566,
                    1366.0377358490566
                ],
                [
                    1720.7547169811319,
                    1339.6226415094338
                ],
                [
                    1708.4905660377358,
                    1302.830188679245
                ],
                [
                    1702.830188679245,
                    1249.0566037735848
                ],
                [
                    1714.1509433962262,
                    1208.4905660377358
                ],
                [
                    1728.3018867924527,
                    1195.2830188679245
                ],
                [
                    1732.0754716981132,
                    1145.2830188679245
                ],
                [
                    1732.0754716981132,
                    1095.2830188679245
                ],
                [
                    1739.6226415094338,
                    1033.9622641509434
                ],
                [
                    1725.4716981132074,
                    997.1698113207547
                ],
                [
                    1700.943396226415,
                    980.188679245283
                ],
                [
                    1686.7924528301885,
                    969.8113207547169
                ],
                [
                    1688.6792452830189,
                    937.7358490566037
                ],
                [
                    1670.7547169811319,
                    925.4716981132075
                ]
            ],
            "group_id": null,
            "shape_type": "polygon",
            "flags": {}
        },
        {
            "label": "handbag",
            "points": [
                [
                    1723.5849056603772,
                    1060.377358490566
                ],
                [
                    1737.7358490566037,
                    1150.0
                ],
                [
                    1768.8679245283017,
                    1127.3584905660377
                ],
                [
                    1759.4339622641508,
                    1053.7735849056603
                ]
            ],
            "group_id": null,
            "shape_type": "polygon",
            "flags": {}
        },
        {
            "label": "handbag",
            "points": [
                [
                    1800.943396226415,
                    1002.8301886792452
                ],
                [
                    1788.6792452830189,
                    1060.377358490566
                ],
                [
                    1792.4528301886792,
                    1083.0188679245282
                ],
                [
                    1818.8679245283017,
                    1092.4528301886792
                ],
                [
                    1834.9056603773583,
                    1075.4716981132076
                ],
                [
                    1822.6415094339623,
                    1037.7358490566037
                ]
            ],
            "group_id": null,
            "shape_type": "polygon",
            "flags": {}
        },
        {
            "label": "person",
            "points": [
                [
                    2070.754716981132,
                    955.6603773584906
                ],
                [
                    2066.0377358490564,
                    972.6415094339623
                ],
                [
                    2073.5849056603774,
                    1012.2641509433962
                ],
                [
                    2051.88679245283,
                    1001.8867924528302
                ],
                [
                    2043.3962264150941,
                    1032.0754716981132
                ],
                [
                    2039.6226415094338,
                    1060.377358490566
                ],
                [
                    2050.0,
                    1070.754716981132
                ],
                [
                    2050.0,
                    1098.1132075471698
                ],
                [
                    2054.7169811320755,
                    1120.754716981132
                ],
                [
                    2053.7735849056603,
                    1183.9622641509434
                ],
                [
                    2066.0377358490564,
                    1221.698113207547
                ],
                [
                    2074.528301886792,
                    1240.566037735849
                ],
                [
                    2080.188679245283,
                    1265.0943396226414
                ],
                [
                    2093.396226415094,
                    1260.377358490566
                ],
                [
                    2093.396226415094,
                    1128.3018867924527
                ],
                [
                    2087.7358490566035,
                    963.2075471698113
                ]
            ],
            "group_id": null,
            "shape_type": "polygon",
            "flags": {}
        }
    ],
    "imagePath": "../../Canon1DsMkIII_PNG/Canon1DsMkIII_0042.PNG",
    "imageData": null,
    "imageHeight": 1876,
    "imageWidth": 2820
}