{
    "version": "4.5.6",
    "flags": {},
    "shapes": [
        {
            "label": "car",
            "points": [
                [
                    241.45098039215685,
                    1029.1764705882354
                ],
                [
                    392.4313725490196,
                    942.9019607843137
                ],
                [
                    612.0392156862745,
                    913.4901960784314
                ],
                [
                    808.1176470588235,
                    931.1372549019608
                ],
                [
                    953.2156862745098,
                    1007.6078431372549
                ],
                [
                    1053.2156862745098,
                    1009.5686274509803
                ],
                [
                    1051.2549019607843,
                    1080.1568627450981
                ],
                [
                    953.2156862745098,
                    1072.313725490196
                ],
                [
                    874.7843137254902,
                    1044.862745098039
                ],
                [
                    819.8823529411765,
                    1044.862745098039
                ],
                [
                    549.2941176470588,
                    1037.0196078431372
                ],
                [
                    451.2549019607843,
                    1062.5098039215686
                ],
                [
                    394.3921568627451,
                    1054.6666666666667
                ],
                [
                    333.6078431372549,
                    1007.6078431372549
                ]
            ],
            "group_id": null,
            "shape_type": "polygon",
            "flags": {}
        },
        {
            "label": "bicycle",
            "points": [
                [
                    1785.4166666666667,
                    1111.4583333333335
                ],
                [
                    1760.4166666666667,
                    1117.7083333333335
                ],
                [
                    1769.7916666666667,
                    1123.9583333333335
                ],
                [
                    1751.0416666666667,
                    1152.0833333333335
                ],
                [
                    1797.9166666666667,
                    1418.75
                ],
                [
                    1825.0,
                    1407.2916666666667
                ],
                [
                    1854.1666666666667,
                    1319.7916666666667
                ],
                [
                    1833.3333333333335,
                    1263.5416666666667
                ],
                [
                    1811.4583333333335,
                    1242.7083333333335
                ],
                [
                    1816.6666666666667,
                    1196.875
                ],
                [
                    1825.0,
                    1195.8333333333335
                ],
                [
                    1903.125,
                    1288.5416666666667
                ],
                [
                    1909.375,
                    1267.7083333333335
                ],
                [
                    1887.5,
                    1241.6666666666667
                ],
                [
                    1947.9166666666667,
                    1234.375
                ],
                [
                    2044.7916666666667,
                    1219.7916666666667
                ],
                [
                    2027.0833333333335,
                    1202.0833333333335
                ],
                [
                    2028.125,
                    1178.125
                ],
                [
                    2065.625,
                    1161.4583333333335
                ],
                [
                    2062.5,
                    1139.5833333333335
                ],
                [
                    2013.5416666666667,
                    1136.4583333333335
                ],
                [
                    1982.2916666666667,
                    1131.25
                ],
                [
                    1962.5,
                    1141.6666666666667
                ],
                [
                    1975.0,
                    1156.25
                ],
                [
                    1995.8333333333335,
                    1175.0
                ],
                [
                    1991.6666666666667,
                    1197.9166666666667
                ],
                [
                    1983.3333333333335,
                    1205.2083333333335
                ],
                [
                    1981.25,
                    1213.5416666666667
                ],
                [
                    1881.25,
                    1225.0
                ],
                [
                    1876.0416666666667,
                    1226.0416666666667
                ],
                [
                    1836.4583333333335,
                    1177.0833333333335
                ],
                [
                    1823.9583333333335,
                    1163.5416666666667
                ],
                [
                    1838.5416666666667,
                    1136.4583333333335
                ],
                [
                    1825.0,
                    1120.8333333333335
                ],
                [
                    1845.8333333333335,
                    1109.375
                ],
                [
                    1853.125,
                    1097.9166666666667
                ],
                [
                    1854.1666666666667,
                    1090.625
                ],
                [
                    1839.5833333333335,
                    1091.6666666666667
                ],
                [
                    1827.0833333333335,
                    1084.375
                ],
                [
                    1789.5833333333335,
                    1094.7916666666667
                ]
            ],
            "group_id": null,
            "shape_type": "polygon",
            "flags": {}
        },
        {
            "label": "person",
            "points": [
                [
                    279.1044776119403,
                    588.0597014925373
                ],
                [
                    279.1044776119403,
                    605.9701492537313
                ],
                [
                    268.65671641791045,
                    611.9402985074627
                ],
                [
                    261.19402985074623,
                    635.820895522388
                ],
                [
                    241.79104477611938,
                    664.1791044776119
                ],
                [
                    256.7164179104478,
                    668.6567164179104
                ],
                [
                    274.6268656716418,
                    650.7462686567163
                ],
                [
                    282.08955223880594,
                    679.1044776119403
                ],
                [
                    292.5373134328358,
                    711.9402985074627
                ],
                [
                    298.5074626865671,
                    732.8358208955224
                ],
                [
                    289.55223880597015,
                    758.2089552238806
                ],
                [
                    319.4029850746268,
                    749.2537313432836
                ],
                [
                    314.92537313432837,
                    719.4029850746268
                ],
                [
                    320.8955223880597,
                    704.4776119402985
                ],
                [
                    322.5165562913907,
                    617.8807947019867
                ],
                [
                    301.9867549668874,
                    578.8079470198676
                ],
                [
                    288.7417218543046,
                    577.4834437086092
                ]
            ],
            "group_id": null,
            "shape_type": "polygon",
            "flags": {}
        },
        {
            "label": "person",
            "points": [
                [
                    850.6756756756757,
                    787.8378378378378
                ],
                [
                    847.2972972972973,
                    799.3243243243244
                ],
                [
                    852.0270270270271,
                    818.918918918919
                ],
                [
                    858.7837837837837,
                    826.3513513513514
                ],
                [
                    843.918918918919,
                    836.4864864864865
                ],
                [
                    841.2162162162163,
                    859.4594594594595
                ],
                [
                    831.7567567567568,
                    895.9459459459459
                ],
                [
                    833.7837837837837,
                    908.1081081081081
                ],
                [
                    844.5945945945946,
                    900.0
                ],
                [
                    843.2432432432432,
                    934.4594594594595
                ],
                [
                    878.3783783783784,
                    935.8108108108108
                ],
                [
                    888.5135135135135,
                    914.1891891891892
                ],
                [
                    887.8378378378378,
                    876.3513513513514
                ],
                [
                    893.918918918919,
                    866.8918918918919
                ],
                [
                    893.918918918919,
                    836.4864864864865
                ],
                [
                    888.5135135135135,
                    823.6486486486486
                ],
                [
                    875.0,
                    819.5945945945946
                ],
                [
                    882.4324324324324,
                    808.1081081081081
                ],
                [
                    880.4054054054054,
                    792.5675675675676
                ],
                [
                    871.6216216216217,
                    784.4594594594595
                ],
                [
                    857.4324324324324,
                    783.7837837837837
                ]
            ],
            "group_id": null,
            "shape_type": "polygon",
            "flags": {}
        },
        {
            "label": "person",
            "points": [
                [
                    925.0,
                    786.4864864864865
                ],
                [
                    920.9459459459459,
                    795.9459459459459
                ],
                [
                    923.6486486486486,
                    806.081081081081
                ],
                [
                    916.8918918918919,
                    822.972972972973
                ],
                [
                    918.918918918919,
                    851.3513513513514
                ],
                [
                    912.8378378378378,
                    870.9459459459459
                ],
                [
                    907.4324324324324,
                    888.5135135135135
                ],
                [
                    910.8108108108108,
                    893.2432432432432
                ],
                [
                    918.918918918919,
                    891.8918918918919
                ],
                [
                    922.2972972972973,
                    915.5405405405405
                ],
                [
                    926.3513513513514,
                    956.7567567567568
                ],
                [
                    925.6756756756757,
                    972.2972972972973
                ],
                [
                    912.8378378378378,
                    983.7837837837837
                ],
                [
                    938.5135135135135,
                    978.3783783783784
                ],
                [
                    939.8648648648649,
                    950.6756756756757
                ],
                [
                    958.7837837837837,
                    965.5405405405405
                ],
                [
                    968.2432432432432,
                    967.5675675675676
                ],
                [
                    970.9459459459459,
                    947.2972972972973
                ],
                [
                    962.8378378378378,
                    938.5135135135135
                ],
                [
                    952.7027027027027,
                    935.1351351351351
                ],
                [
                    953.3783783783784,
                    899.3243243243244
                ],
                [
                    960.1351351351351,
                    889.1891891891892
                ],
                [
                    966.2162162162163,
                    877.0270270270271
                ],
                [
                    964.8648648648649,
                    856.7567567567568
                ],
                [
                    969.5945945945946,
                    843.918918918919
                ],
                [
                    965.5405405405405,
                    814.1891891891892
                ],
                [
                    956.081081081081,
                    806.081081081081
                ],
                [
                    950.6756756756757,
                    797.972972972973
                ],
                [
                    956.081081081081,
                    785.1351351351351
                ],
                [
                    947.2972972972973,
                    776.3513513513514
                ],
                [
                    933.7837837837837,
                    776.3513513513514
                ]
            ],
            "group_id": null,
            "shape_type": "polygon",
            "flags": {}
        },
        {
            "label": "person",
            "points": [
                [
                    1038.5135135135135,
                    805.4054054054054
                ],
                [
                    1037.162162162162,
                    818.918918918919
                ],
                [
                    1033.7837837837837,
                    831.7567567567568
                ],
                [
                    1032.4324324324325,
                    854.7297297297297
                ],
                [
                    1031.7567567567567,
                    870.9459459459459
                ],
                [
                    1030.4054054054054,
                    893.918918918919
                ],
                [
                    1035.1351351351352,
                    899.3243243243244
                ],
                [
                    1035.1351351351352,
                    914.8648648648649
                ],
                [
                    1051.3513513513515,
                    968.918918918919
                ],
                [
                    1050.0,
                    981.081081081081
                ],
                [
                    1043.2432432432433,
                    987.8378378378378
                ],
                [
                    1064.8648648648648,
                    987.1621621621622
                ],
                [
                    1064.8648648648648,
                    966.2162162162163
                ],
                [
                    1066.2162162162163,
                    906.081081081081
                ],
                [
                    1068.918918918919,
                    898.6486486486486
                ],
                [
                    1068.2432432432433,
                    887.1621621621622
                ],
                [
                    1071.6216216216217,
                    874.3243243243244
                ],
                [
                    1076.3513513513515,
                    852.7027027027027
                ],
                [
                    1075.6756756756756,
                    831.7567567567568
                ],
                [
                    1074.3243243243244,
                    812.1621621621622
                ],
                [
                    1061.4864864864865,
                    797.2972972972973
                ],
                [
                    1044.5945945945946,
                    798.6486486486486
                ]
            ],
            "group_id": null,
            "shape_type": "polygon",
            "flags": {}
        },
        {
            "label": "bicycle",
            "points": [
                [
                    1357.4324324324325,
                    952.7027027027027
                ],
                [
                    1348.6486486486488,
                    972.2972972972973
                ],
                [
                    1350.6756756756756,
                    1006.7567567567568
                ],
                [
                    1380.4054054054054,
                    1031.081081081081
                ],
                [
                    1407.4324324324325,
                    1029.7297297297298
                ],
                [
                    1428.3783783783783,
                    1016.2162162162163
                ],
                [
                    1437.162162162162,
                    993.918918918919
                ],
                [
                    1442.5675675675675,
                    997.2972972972973
                ],
                [
                    1452.7027027027027,
                    1009.4594594594595
                ],
                [
                    1454.7297297297298,
                    1016.2162162162163
                ],
                [
                    1460.1351351351352,
                    1012.8378378378378
                ],
                [
                    1460.1351351351352,
                    1006.7567567567568
                ],
                [
                    1470.945945945946,
                    1000.6756756756757
                ],
                [
                    1470.945945945946,
                    989.8648648648649
                ],
                [
                    1480.4054054054054,
                    977.0270270270271
                ],
                [
                    1492.5675675675675,
                    970.9459459459459
                ],
                [
                    1500.6756756756756,
                    1000.6756756756757
                ],
                [
                    1514.8648648648648,
                    1023.6486486486486
                ],
                [
                    1548.6486486486488,
                    1032.4324324324325
                ],
                [
                    1576.3513513513515,
                    1020.9459459459459
                ],
                [
                    1587.162162162162,
                    1001.3513513513514
                ],
                [
                    1589.1891891891892,
                    981.7567567567568
                ],
                [
                    1585.8108108108108,
                    963.5135135135135
                ],
                [
                    1573.6486486486488,
                    949.3243243243244
                ],
                [
                    1562.162162162162,
                    942.5675675675676
                ],
                [
                    1533.1081081081081,
                    942.5675675675676
                ],
                [
                    1525.0,
                    944.5945945945946
                ],
                [
                    1514.1891891891892,
                    902.0270270270271
                ],
                [
                    1520.2702702702702,
                    897.972972972973
                ],
                [
                    1531.081081081081,
                    902.0270270270271
                ],
                [
                    1533.1081081081081,
                    896.6216216216217
                ],
                [
                    1524.3243243243244,
                    890.5405405405405
                ],
                [
                    1530.4054054054054,
                    886.4864864864865
                ],
                [
                    1520.945945945946,
                    882.4324324324324
                ],
                [
                    1514.8648648648648,
                    882.4324324324324
                ],
                [
                    1516.2162162162163,
                    890.5405405405405
                ],
                [
                    1507.4324324324325,
                    897.972972972973
                ],
                [
                    1508.1081081081081,
                    911.4864864864865
                ],
                [
                    1510.1351351351352,
                    918.2432432432432
                ],
                [
                    1443.918918918919,
                    936.4864864864865
                ],
                [
                    1437.837837837838,
                    919.5945945945946
                ],
                [
                    1442.5675675675675,
                    916.2162162162163
                ],
                [
                    1455.4054054054054,
                    914.8648648648649
                ],
                [
                    1449.3243243243244,
                    910.1351351351351
                ],
                [
                    1413.5135135135135,
                    908.7837837837837
                ],
                [
                    1414.8648648648648,
                    917.5675675675676
                ],
                [
                    1420.945945945946,
                    924.3243243243244
                ],
                [
                    1431.081081081081,
                    924.3243243243244
                ],
                [
                    1435.8108108108108,
                    933.7837837837837
                ],
                [
                    1435.8108108108108,
                    941.8918918918919
                ],
                [
                    1414.8648648648648,
                    943.918918918919
                ],
                [
                    1398.6486486486488,
                    939.1891891891892
                ],
                [
                    1372.972972972973,
                    941.2162162162163
                ]
            ],
            "group_id": null,
            "shape_type": "polygon",
            "flags": {}
        },
        {
            "label": "bicycle",
            "points": [
                [
                    1604.7297297297298,
                    956.7567567567568
                ],
                [
                    1592.5675675675675,
                    975.0
                ],
                [
                    1589.8648648648648,
                    992.5675675675676
                ],
                [
                    1595.945945945946,
                    1016.2162162162163
                ],
                [
                    1616.8918918918919,
                    1031.081081081081
                ],
                [
                    1642.5675675675675,
                    1031.081081081081
                ],
                [
                    1664.1891891891892,
                    1019.5945945945946
                ],
                [
                    1673.6486486486488,
                    995.9459459459459
                ],
                [
                    1678.3783783783783,
                    997.972972972973
                ],
                [
                    1684.4594594594594,
                    1009.4594594594595
                ],
                [
                    1700.6756756756756,
                    1005.4054054054054
                ],
                [
                    1703.3783783783783,
                    994.5945945945946
                ],
                [
                    1713.5135135135135,
                    993.918918918919
                ],
                [
                    1726.3513513513515,
                    992.5675675675676
                ],
                [
                    1735.8108108108108,
                    1017.5675675675676
                ],
                [
                    1756.081081081081,
                    1029.7297297297298
                ],
                [
                    1781.7567567567569,
                    1029.0540540540542
                ],
                [
                    1800.0,
                    1012.8378378378378
                ],
                [
                    1806.081081081081,
                    987.1621621621622
                ],
                [
                    1802.7027027027027,
                    958.1081081081081
                ],
                [
                    1791.2162162162163,
                    941.8918918918919
                ],
                [
                    1779.0540540540542,
                    933.1081081081081
                ],
                [
                    1750.6756756756756,
                    937.1621621621622
                ],
                [
                    1747.2972972972973,
                    921.6216216216217
                ],
                [
                    1754.0540540540542,
                    913.5135135135135
                ],
                [
                    1782.4324324324325,
                    913.5135135135135
                ],
                [
                    1779.0540540540542,
                    900.0
                ],
                [
                    1734.4594594594594,
                    895.2702702702703
                ],
                [
                    1736.4864864864865,
                    902.7027027027027
                ],
                [
                    1741.2162162162163,
                    908.1081081081081
                ],
                [
                    1734.4594594594594,
                    914.8648648648649
                ],
                [
                    1737.837837837838,
                    929.7297297297298
                ],
                [
                    1719.5945945945946,
                    945.9459459459459
                ],
                [
                    1685.1351351351352,
                    945.9459459459459
                ],
                [
                    1680.4054054054054,
                    933.7837837837837
                ],
                [
                    1694.5945945945946,
                    929.0540540540541
                ],
                [
                    1689.8648648648648,
                    923.6486486486486
                ],
                [
                    1662.162162162162,
                    927.7027027027027
                ],
                [
                    1649.3243243243244,
                    925.0
                ],
                [
                    1646.6216216216217,
                    929.0540540540541
                ],
                [
                    1656.7567567567569,
                    936.4864864864865
                ],
                [
                    1668.918918918919,
                    937.8378378378378
                ],
                [
                    1669.5945945945946,
                    944.5945945945946
                ],
                [
                    1662.162162162162,
                    955.4054054054054
                ],
                [
                    1632.4324324324325,
                    950.0
                ],
                [
                    1612.837837837838,
                    952.0270270270271
                ]
            ],
            "group_id": null,
            "shape_type": "polygon",
            "flags": {}
        },
        {
            "label": "person",
            "points": [
                [
                    1753.8461538461538,
                    813.4615384615385
                ],
                [
                    1744.2307692307693,
                    826.9230769230769
                ],
                [
                    1757.6923076923076,
                    839.4230769230769
                ],
                [
                    1743.2692307692307,
                    853.8461538461538
                ],
                [
                    1742.3076923076922,
                    871.1538461538461
                ],
                [
                    1744.2307692307693,
                    906.7307692307692
                ],
                [
                    1752.8846153846152,
                    938.4615384615385
                ],
                [
                    1795.1923076923076,
                    934.6153846153845
                ],
                [
                    1783.6538461538462,
                    898.0769230769231
                ],
                [
                    1783.6538461538462,
                    879.8076923076923
                ],
                [
                    1808.6538461538462,
                    872.1153846153846
                ],
                [
                    1798.076923076923,
                    864.4230769230769
                ],
                [
                    1779.8076923076922,
                    864.4230769230769
                ],
                [
                    1771.1538461538462,
                    844.2307692307692
                ],
                [
                    1783.6538461538462,
                    844.2307692307692
                ],
                [
                    1783.6538461538462,
                    827.8846153846154
                ],
                [
                    1779.8076923076922,
                    813.4615384615385
                ],
                [
                    1764.423076923077,
                    808.6538461538461
                ]
            ],
            "group_id": null,
            "shape_type": "polygon",
            "flags": {}
        },
        {
            "label": "handbag",
            "points": [
                [
                    1745.1923076923076,
                    874.0384615384615
                ],
                [
                    1737.5,
                    874.0384615384615
                ],
                [
                    1729.8076923076922,
                    878.8461538461538
                ],
                [
                    1725.9615384615383,
                    898.0769230769231
                ],
                [
                    1740.3846153846152,
                    908.6538461538461
                ]
            ],
            "group_id": null,
            "shape_type": "polygon",
            "flags": {}
        },
        {
            "label": "person",
            "points": [
                [
                    2392.857142857143,
                    800.0
                ],
                [
                    2383.3333333333335,
                    811.9047619047619
                ],
                [
                    2383.3333333333335,
                    829.7619047619048
                ],
                [
                    2376.190476190476,
                    841.6666666666667
                ],
                [
                    2372.6190476190477,
                    865.4761904761905
                ],
                [
                    2382.1428571428573,
                    885.7142857142858
                ],
                [
                    2377.3809523809523,
                    932.1428571428572
                ],
                [
                    2375.0,
                    970.2380952380953
                ],
                [
                    2376.190476190476,
                    994.047619047619
                ],
                [
                    2378.5714285714284,
                    1003.5714285714286
                ],
                [
                    2396.4285714285716,
                    997.6190476190477
                ],
                [
                    2394.0476190476193,
                    976.1904761904763
                ],
                [
                    2400.0,
                    923.8095238095239
                ],
                [
                    2409.5238095238096,
                    945.2380952380953
                ],
                [
                    2410.714285714286,
                    989.2857142857143
                ],
                [
                    2414.285714285714,
                    1001.1904761904763
                ],
                [
                    2429.761904761905,
                    998.8095238095239
                ],
                [
                    2425.0,
                    983.3333333333334
                ],
                [
                    2422.6190476190477,
                    936.9047619047619
                ],
                [
                    2429.761904761905,
                    925.0
                ],
                [
                    2435.714285714286,
                    902.3809523809524
                ],
                [
                    2427.3809523809523,
                    877.3809523809524
                ],
                [
                    2426.190476190476,
                    865.4761904761905
                ],
                [
                    2436.904761904762,
                    875.0
                ],
                [
                    2444.0476190476193,
                    861.9047619047619
                ],
                [
                    2438.095238095238,
                    847.6190476190477
                ],
                [
                    2433.3333333333335,
                    827.3809523809524
                ],
                [
                    2425.0,
                    822.6190476190477
                ],
                [
                    2420.2380952380954,
                    801.1904761904763
                ],
                [
                    2409.5238095238096,
                    792.8571428571429
                ]
            ],
            "group_id": null,
            "shape_type": "polygon",
            "flags": {}
        },
        {
            "label": "person",
            "points": [
                [
                    2480.952380952381,
                    784.5238095238095
                ],
                [
                    2472.6190476190477,
                    794.047619047619
                ],
                [
                    2476.190476190476,
                    813.0952380952381
                ],
                [
                    2463.095238095238,
                    832.1428571428572
                ],
                [
                    2459.5238095238096,
                    859.5238095238095
                ],
                [
                    2465.4761904761904,
                    872.6190476190477
                ],
                [
                    2463.095238095238,
                    896.4285714285714
                ],
                [
                    2476.190476190476,
                    923.8095238095239
                ],
                [
                    2472.6190476190477,
                    965.4761904761905
                ],
                [
                    2459.5238095238096,
                    982.1428571428572
                ],
                [
                    2480.952380952381,
                    996.4285714285714
                ],
                [
                    2501.190476190476,
                    1003.5714285714286
                ],
                [
                    2504.761904761905,
                    967.8571428571429
                ],
                [
                    2503.5714285714284,
                    929.7619047619048
                ],
                [
                    2489.285714285714,
                    909.5238095238095
                ],
                [
                    2500.0,
                    872.6190476190477
                ],
                [
                    2505.952380952381,
                    845.2380952380953
                ],
                [
                    2503.5714285714284,
                    827.3809523809524
                ],
                [
                    2496.4285714285716,
                    814.2857142857143
                ],
                [
                    2501.190476190476,
                    803.5714285714286
                ],
                [
                    2505.952380952381,
                    789.2857142857143
                ],
                [
                    2496.4285714285716,
                    782.1428571428572
                ]
            ],
            "group_id": null,
            "shape_type": "polygon",
            "flags": {}
        },
        {
            "label": "person",
            "points": [
                [
                    2532.1428571428573,
                    820.2380952380953
                ],
                [
                    2520.2380952380954,
                    839.2857142857143
                ],
                [
                    2503.5714285714284,
                    848.8095238095239
                ],
                [
                    2496.4285714285716,
                    875.0
                ],
                [
                    2486.904761904762,
                    910.7142857142858
                ],
                [
                    2502.3809523809523,
                    934.5238095238095
                ],
                [
                    2530.952380952381,
                    922.6190476190477
                ],
                [
                    2548.809523809524,
                    911.9047619047619
                ],
                [
                    2565.4761904761904,
                    916.6666666666667
                ],
                [
                    2570.2380952380954,
                    892.8571428571429
                ],
                [
                    2560.714285714286,
                    869.047619047619
                ],
                [
                    2554.761904761905,
                    850.0
                ],
                [
                    2561.904761904762,
                    821.4285714285714
                ],
                [
                    2548.809523809524,
                    815.4761904761905
                ]
            ],
            "group_id": null,
            "shape_type": "polygon",
            "flags": {}
        },
        {
            "label": "person",
            "points": [
                [
                    2570.2380952380954,
                    833.3333333333334
                ],
                [
                    2566.666666666667,
                    846.4285714285714
                ],
                [
                    2555.952380952381,
                    859.5238095238095
                ],
                [
                    2563.095238095238,
                    884.5238095238095
                ],
                [
                    2573.809523809524,
                    898.8095238095239
                ],
                [
                    2561.904761904762,
                    921.4285714285714
                ],
                [
                    2563.095238095238,
                    950.0
                ],
                [
                    2576.190476190476,
                    977.3809523809524
                ],
                [
                    2571.4285714285716,
                    1016.6666666666667
                ],
                [
                    2565.4761904761904,
                    1030.952380952381
                ],
                [
                    2583.3333333333335,
                    1022.6190476190477
                ],
                [
                    2585.714285714286,
                    984.5238095238095
                ],
                [
                    2600.0,
                    1029.7619047619048
                ],
                [
                    2622.6190476190477,
                    1034.5238095238096
                ],
                [
                    2617.857142857143,
                    1023.8095238095239
                ],
                [
                    2605.952380952381,
                    1005.952380952381
                ],
                [
                    2601.190476190476,
                    982.1428571428572
                ],
                [
                    2600.0,
                    958.3333333333334
                ],
                [
                    2602.3809523809523,
                    932.1428571428572
                ],
                [
                    2601.190476190476,
                    910.7142857142858
                ],
                [
                    2600.0,
                    898.8095238095239
                ],
                [
                    2595.2380952380954,
                    878.5714285714286
                ],
                [
                    2603.5714285714284,
                    872.6190476190477
                ],
                [
                    2598.809523809524,
                    863.0952380952381
                ],
                [
                    2592.857142857143,
                    857.1428571428572
                ],
                [
                    2594.0476190476193,
                    838.0952380952381
                ],
                [
                    2590.4761904761904,
                    825.0
                ],
                [
                    2578.5714285714284,
                    821.4285714285714
                ]
            ],
            "group_id": null,
            "shape_type": "polygon",
            "flags": {}
        },
        {
            "label": "handbag",
            "points": [
                [
                    2566.666666666667,
                    904.7619047619048
                ],
                [
                    2595.2380952380954,
                    907.1428571428572
                ],
                [
                    2595.2380952380954,
                    930.952380952381
                ],
                [
                    2578.5714285714284,
                    929.7619047619048
                ],
                [
                    2566.666666666667,
                    921.4285714285714
                ]
            ],
            "group_id": null,
            "shape_type": "polygon",
            "flags": {}
        },
        {
            "label": "handbag",
            "points": [
                [
                    2360.714285714286,
                    875.0
                ],
                [
                    2352.3809523809523,
                    901.1904761904763
                ],
                [
                    2370.2380952380954,
                    907.1428571428572
                ],
                [
                    2391.666666666667,
                    903.5714285714286
                ],
                [
                    2396.4285714285716,
                    889.2857142857143
                ],
                [
                    2388.095238095238,
                    880.952380952381
                ]
            ],
            "group_id": null,
            "shape_type": "polygon",
            "flags": {}
        },
        {
            "label": "person",
            "points": [
                [
                    2711.904761904762,
                    823.8095238095239
                ],
                [
                    2700.0,
                    841.6666666666667
                ],
                [
                    2698.809523809524,
                    863.0952380952381
                ],
                [
                    2694.0476190476193,
                    876.1904761904763
                ],
                [
                    2697.6190476190477,
                    896.4285714285714
                ],
                [
                    2695.2380952380954,
                    916.6666666666667
                ],
                [
                    2692.857142857143,
                    950.0
                ],
                [
                    2705.952380952381,
                    957.1428571428572
                ],
                [
                    2704.761904761905,
                    1004.7619047619048
                ],
                [
                    2711.904761904762,
                    1039.2857142857142
                ],
                [
                    2708.3333333333335,
                    1059.5238095238096
                ],
                [
                    2720.2380952380954,
                    1061.904761904762
                ],
                [
                    2723.809523809524,
                    983.3333333333334
                ],
                [
                    2729.761904761905,
                    995.2380952380953
                ],
                [
                    2733.3333333333335,
                    1019.047619047619
                ],
                [
                    2738.095238095238,
                    1033.3333333333335
                ],
                [
                    2733.3333333333335,
                    1052.3809523809525
                ],
                [
                    2735.714285714286,
                    1060.7142857142858
                ],
                [
                    2750.0,
                    1060.7142857142858
                ],
                [
                    2750.0,
                    966.6666666666667
                ],
                [
                    2753.571428571429,
                    939.2857142857143
                ],
                [
                    2750.0,
                    921.4285714285714
                ],
                [
                    2754.761904761905,
                    902.3809523809524
                ],
                [
                    2754.761904761905,
                    878.5714285714286
                ],
                [
                    2748.809523809524,
                    864.2857142857143
                ],
                [
                    2742.857142857143,
                    859.5238095238095
                ],
                [
                    2739.285714285714,
                    844.047619047619
                ],
                [
                    2732.1428571428573,
                    830.952380952381
                ],
                [
                    2723.809523809524,
                    821.4285714285714
                ]
            ],
            "group_id": null,
            "shape_type": "polygon",
            "flags": {}
        },
        {
            "label": "person",
            "points": [
                [
                    2669.0476190476193,
                    813.0952380952381
                ],
                [
                    2655.952380952381,
                    835.7142857142858
                ],
                [
                    2664.285714285714,
                    844.047619047619
                ],
                [
                    2651.190476190476,
                    859.5238095238095
                ],
                [
                    2651.190476190476,
                    940.4761904761905
                ],
                [
                    2663.095238095238,
                    944.047619047619
                ],
                [
                    2665.4761904761904,
                    989.2857142857143
                ],
                [
                    2655.952380952381,
                    996.4285714285714
                ],
                [
                    2657.1428571428573,
                    1019.047619047619
                ],
                [
                    2661.904761904762,
                    1025.0
                ],
                [
                    2697.6190476190477,
                    1028.5714285714287
                ],
                [
                    2686.904761904762,
                    1007.1428571428572
                ],
                [
                    2689.285714285714,
                    963.0952380952382
                ],
                [
                    2692.857142857143,
                    945.2380952380953
                ],
                [
                    2696.4285714285716,
                    916.6666666666667
                ],
                [
                    2698.809523809524,
                    896.4285714285714
                ],
                [
                    2692.857142857143,
                    878.5714285714286
                ],
                [
                    2697.6190476190477,
                    863.0952380952381
                ],
                [
                    2696.4285714285716,
                    854.7619047619048
                ],
                [
                    2690.4761904761904,
                    846.4285714285714
                ],
                [
                    2695.2380952380954,
                    833.3333333333334
                ],
                [
                    2696.4285714285716,
                    821.4285714285714
                ],
                [
                    2680.952380952381,
                    811.9047619047619
                ]
            ],
            "group_id": null,
            "shape_type": "polygon",
            "flags": {}
        },
        {
            "label": "person",
            "points": [
                [
                    2604.761904761905,
                    835.7142857142858
                ],
                [
                    2601.190476190476,
                    855.952380952381
                ],
                [
                    2596.4285714285716,
                    865.4761904761905
                ],
                [
                    2605.952380952381,
                    873.8095238095239
                ],
                [
                    2596.4285714285716,
                    880.952380952381
                ],
                [
                    2597.6190476190477,
                    903.5714285714286
                ],
                [
                    2603.5714285714284,
                    932.1428571428572
                ],
                [
                    2600.0,
                    969.047619047619
                ],
                [
                    2602.3809523809523,
                    991.6666666666667
                ],
                [
                    2616.666666666667,
                    1023.8095238095239
                ],
                [
                    2623.809523809524,
                    982.1428571428572
                ],
                [
                    2628.5714285714284,
                    939.2857142857143
                ],
                [
                    2629.761904761905,
                    866.6666666666667
                ],
                [
                    2632.1428571428573,
                    833.3333333333334
                ],
                [
                    2617.857142857143,
                    829.7619047619048
                ]
            ],
            "group_id": null,
            "shape_type": "polygon",
            "flags": {}
        },
        {
            "label": "person",
            "points": [
                [
                    2736.904761904762,
                    832.1428571428572
                ],
                [
                    2736.904761904762,
                    816.6666666666667
                ],
                [
                    2747.6190476190477,
                    804.7619047619048
                ],
                [
                    2758.3333333333335,
                    811.9047619047619
                ],
                [
                    2761.904761904762,
                    829.7619047619048
                ],
                [
                    2763.095238095238,
                    839.2857142857143
                ],
                [
                    2775.0,
                    854.7619047619048
                ],
                [
                    2775.0,
                    875.0
                ],
                [
                    2772.6190476190477,
                    895.2380952380953
                ],
                [
                    2771.4285714285716,
                    936.9047619047619
                ],
                [
                    2773.809523809524,
                    963.0952380952382
                ],
                [
                    2772.6190476190477,
                    982.1428571428572
                ],
                [
                    2775.0,
                    1004.7619047619048
                ],
                [
                    2791.666666666667,
                    1017.8571428571429
                ],
                [
                    2778.571428571429,
                    1017.8571428571429
                ],
                [
                    2765.4761904761904,
                    1009.5238095238095
                ],
                [
                    2764.285714285714,
                    995.2380952380953
                ],
                [
                    2763.095238095238,
                    961.9047619047619
                ],
                [
                    2754.761904761905,
                    950.0
                ],
                [
                    2751.190476190476,
                    934.5238095238095
                ],
                [
                    2754.761904761905,
                    904.7619047619048
                ],
                [
                    2755.952380952381,
                    875.0
                ],
                [
                    2748.809523809524,
                    861.9047619047619
                ],
                [
                    2740.4761904761904,
                    852.3809523809524
                ]
            ],
            "group_id": null,
            "shape_type": "polygon",
            "flags": {}
        },
        {
            "label": "person",
            "points": [
                [
                    2797.6190476190477,
                    809.5238095238095
                ],
                [
                    2790.4761904761904,
                    828.5714285714286
                ],
                [
                    2786.904761904762,
                    842.8571428571429
                ],
                [
                    2779.761904761905,
                    869.047619047619
                ],
                [
                    2783.3333333333335,
                    884.5238095238095
                ],
                [
                    2791.666666666667,
                    898.8095238095239
                ],
                [
                    2788.095238095238,
                    925.0
                ],
                [
                    2792.857142857143,
                    945.2380952380953
                ],
                [
                    2789.285714285714,
                    1000.0
                ],
                [
                    2805.952380952381,
                    1001.1904761904763
                ],
                [
                    2808.3333333333335,
                    934.5238095238095
                ],
                [
                    2804.761904761905,
                    888.0952380952381
                ],
                [
                    2809.5238095238096,
                    846.4285714285714
                ],
                [
                    2811.904761904762,
                    808.3333333333334
                ]
            ],
            "group_id": null,
            "shape_type": "polygon",
            "flags": {}
        },
        {
            "label": "handbag",
            "points": [
                [
                    2776.190476190476,
                    889.2857142857143
                ],
                [
                    2770.2380952380954,
                    907.1428571428572
                ],
                [
                    2797.6190476190477,
                    910.7142857142858
                ],
                [
                    2805.952380952381,
                    903.5714285714286
                ],
                [
                    2804.761904761905,
                    888.0952380952381
                ]
            ],
            "group_id": null,
            "shape_type": "polygon",
            "flags": {}
        },
        {
            "label": "traffic light",
            "points": [
                [
                    2664.285714285714,
                    642.8571428571429
                ],
                [
                    2664.285714285714,
                    752.3809523809524
                ],
                [
                    2708.3333333333335,
                    742.8571428571429
                ],
                [
                    2722.6190476190477,
                    721.4285714285714
                ],
                [
                    2734.5238095238096,
                    707.1428571428572
                ],
                [
                    2722.6190476190477,
                    696.4285714285714
                ],
                [
                    2708.3333333333335,
                    688.0952380952381
                ],
                [
                    2711.904761904762,
                    677.3809523809524
                ],
                [
                    2721.4285714285716,
                    654.7619047619048
                ],
                [
                    2711.904761904762,
                    640.4761904761905
                ],
                [
                    2682.1428571428573,
                    642.8571428571429
                ],
                [
                    2676.190476190476,
                    629.7619047619048
                ],
                [
                    2666.666666666667,
                    630.952380952381
                ]
            ],
            "group_id": null,
            "shape_type": "polygon",
            "flags": {}
        },
        {
            "label": "traffic light",
            "points": [
                [
                    2571.4285714285716,
                    630.952380952381
                ],
                [
                    2566.666666666667,
                    650.0
                ],
                [
                    2582.1428571428573,
                    650.0
                ],
                [
                    2591.666666666667,
                    659.5238095238095
                ],
                [
                    2591.666666666667,
                    669.047619047619
                ],
                [
                    2572.6190476190477,
                    667.8571428571429
                ],
                [
                    2566.666666666667,
                    686.9047619047619
                ],
                [
                    2583.3333333333335,
                    688.0952380952381
                ],
                [
                    2585.714285714286,
                    707.1428571428572
                ],
                [
                    2567.857142857143,
                    710.7142857142858
                ],
                [
                    2572.6190476190477,
                    729.7619047619048
                ],
                [
                    2586.904761904762,
                    735.7142857142858
                ],
                [
                    2601.190476190476,
                    748.8095238095239
                ],
                [
                    2610.714285714286,
                    754.7619047619048
                ],
                [
                    2623.809523809524,
                    746.4285714285714
                ],
                [
                    2622.6190476190477,
                    625.0
                ],
                [
                    2611.904761904762,
                    620.2380952380953
                ],
                [
                    2602.3809523809523,
                    628.5714285714286
                ]
            ],
            "group_id": null,
            "shape_type": "polygon",
            "flags": {}
        },
        {
            "label": "traffic light",
            "points": [
                [
                    2709.5238095238096,
                    544.047619047619
                ],
                [
                    2711.904761904762,
                    577.3809523809524
                ],
                [
                    2747.6190476190477,
                    583.3333333333334
                ],
                [
                    2759.5238095238096,
                    604.7619047619048
                ],
                [
                    2709.5238095238096,
                    607.1428571428571
                ],
                [
                    2717.857142857143,
                    634.5238095238095
                ],
                [
                    2759.5238095238096,
                    636.9047619047619
                ],
                [
                    2757.1428571428573,
                    660.7142857142858
                ],
                [
                    2720.2380952380954,
                    658.3333333333334
                ],
                [
                    2711.904761904762,
                    679.7619047619048
                ],
                [
                    2721.4285714285716,
                    688.0952380952381
                ],
                [
                    2753.571428571429,
                    689.2857142857143
                ],
                [
                    2763.095238095238,
                    713.0952380952381
                ],
                [
                    2786.904761904762,
                    711.9047619047619
                ],
                [
                    2789.285714285714,
                    539.2857142857143
                ],
                [
                    2764.285714285714,
                    539.2857142857143
                ],
                [
                    2758.3333333333335,
                    540.4761904761905
                ]
            ],
            "group_id": null,
            "shape_type": "polygon",
            "flags": {}
        },
        {
            "label": "person",
            "points": [
                [
                    2329.761904761905,
                    685.7142857142858
                ],
                [
                    2325.0,
                    701.1904761904763
                ],
                [
                    2323.809523809524,
                    725.0
                ],
                [
                    2327.3809523809523,
                    740.4761904761905
                ],
                [
                    2334.5238095238096,
                    760.7142857142858
                ],
                [
                    2338.095238095238,
                    771.4285714285714
                ],
                [
                    2323.809523809524,
                    798.8095238095239
                ],
                [
                    2330.952380952381,
                    805.952380952381
                ],
                [
                    2352.3809523809523,
                    803.5714285714286
                ],
                [
                    2351.190476190476,
                    744.047619047619
                ],
                [
                    2369.0476190476193,
                    736.9047619047619
                ],
                [
                    2360.714285714286,
                    723.8095238095239
                ],
                [
                    2354.761904761905,
                    709.5238095238095
                ],
                [
                    2352.3809523809523,
                    703.5714285714286
                ],
                [
                    2354.761904761905,
                    683.3333333333334
                ],
                [
                    2347.6190476190477,
                    673.8095238095239
                ]
            ],
            "group_id": null,
            "shape_type": "polygon",
            "flags": {}
        },
        {
            "label": "person",
            "points": [
                [
                    1661.5819209039548,
                    687.0056497175141
                ],
                [
                    1663.276836158192,
                    695.4802259887006
                ],
                [
                    1654.8022598870057,
                    700.5649717514124
                ],
                [
                    1649.1525423728813,
                    710.7344632768361
                ],
                [
                    1649.7175141242938,
                    718.6440677966102
                ],
                [
                    1650.2824858757062,
                    736.1581920903955
                ],
                [
                    1650.2824858757062,
                    748.5875706214689
                ],
                [
                    1645.7627118644068,
                    762.7118644067797
                ],
                [
                    1644.0677966101696,
                    775.1412429378531
                ],
                [
                    1653.1073446327684,
                    775.1412429378531
                ],
                [
                    1661.0169491525423,
                    761.5819209039548
                ],
                [
                    1663.8418079096045,
                    750.8474576271186
                ],
                [
                    1666.6666666666667,
                    763.276836158192
                ],
                [
                    1671.1864406779662,
                    773.4463276836158
                ],
                [
                    1682.4858757062148,
                    776.271186440678
                ],
                [
                    1679.6610169491526,
                    761.0169491525423
                ],
                [
                    1674.0112994350281,
                    740.1129943502825
                ],
                [
                    1673.446327683616,
                    722.5988700564972
                ],
                [
                    1677.9661016949153,
                    708.4745762711864
                ],
                [
                    1673.446327683616,
                    699.4350282485875
                ],
                [
                    1676.8361581920904,
                    694.3502824858757
                ],
                [
                    1678.5310734463276,
                    684.7457627118644
                ],
                [
                    1674.0112994350281,
                    677.9661016949152
                ],
                [
                    1664.9717514124293,
                    678.5310734463277
                ]
            ],
            "group_id": null,
            "shape_type": "polygon",
            "flags": {}
        },
        {
            "label": "handbag",
            "points": [
                [
                    1661.0169491525423,
                    718.6440677966102
                ],
                [
                    1656.497175141243,
                    724.8587570621469
                ],
                [
                    1651.9774011299435,
                    745.1977401129943
                ],
                [
                    1671.7514124293784,
                    743.5028248587571
                ],
                [
                    1671.1864406779662,
                    719.7740112994351
                ]
            ],
            "group_id": null,
            "shape_type": "polygon",
            "flags": {}
        },
        {
            "label": "handbag",
            "points": [
                [
                    1649.1525423728813,
                    724.2937853107345
                ],
                [
                    1640.677966101695,
                    743.5028248587571
                ],
                [
                    1651.412429378531,
                    745.7627118644068
                ],
                [
                    1656.497175141243,
                    723.728813559322
                ]
            ],
            "group_id": null,
            "shape_type": "polygon",
            "flags": {}
        }
    ],
    "imagePath": "../../Canon1DsMkIII_PNG/Canon1DsMkIII_0121.PNG",
    "imageData": null,
    "imageHeight": 1876,
    "imageWidth": 2820
}