{
    "version": "4.5.6",
    "flags": {},
    "shapes": [
        {
            "label": "car",
            "points": [
                [
                    1124.7096774193549,
                    1253.967741935484
                ],
                [
                    1105.3548387096773,
                    1313.6451612903227
                ],
                [
                    1103.741935483871,
                    1376.5483870967741
                ],
                [
                    1097.2903225806451,
                    1418.483870967742
                ],
                [
                    1126.3225806451612,
                    1489.4516129032259
                ],
                [
                    1158.5806451612902,
                    1518.483870967742
                ],
                [
                    1213.4193548387098,
                    1516.8709677419356
                ],
                [
                    1256.967741935484,
                    1529.774193548387
                ],
                [
                    1342.4516129032259,
                    1524.9354838709678
                ],
                [
                    1390.8387096774193,
                    1553.967741935484
                ],
                [
                    1424.7096774193549,
                    1579.774193548387
                ],
                [
                    1521.483870967742,
                    1578.1612903225807
                ],
                [
                    1569.8709677419356,
                    1633.0
                ],
                [
                    1636.0,
                    1647.516129032258
                ],
                [
                    1721.483870967742,
                    1639.4516129032259
                ],
                [
                    1790.8387096774193,
                    1573.3225806451612
                ],
                [
                    1879.5483870967741,
                    1563.6451612903227
                ],
                [
                    2060.1935483870966,
                    1547.516129032258
                ],
                [
                    2115.032258064516,
                    1550.741935483871
                ],
                [
                    2208.5806451612902,
                    1539.4516129032259
                ],
                [
                    2448.9032258064517,
                    1529.774193548387
                ],
                [
                    2484.3870967741937,
                    1537.8387096774193
                ],
                [
                    2524.7096774193546,
                    1591.0645161290322
                ],
                [
                    2594.064516129032,
                    1600.741935483871
                ],
                [
                    2652.1290322580644,
                    1589.4516129032259
                ],
                [
                    2706.967741935484,
                    1505.5806451612902
                ],
                [
                    2773.0967741935483,
                    1481.3870967741937
                ],
                [
                    2800.516129032258,
                    1424.9354838709678
                ],
                [
                    2803.741935483871,
                    1381.3870967741937
                ],
                [
                    2781.1612903225805,
                    1376.5483870967741
                ],
                [
                    2771.483870967742,
                    1316.8709677419356
                ],
                [
                    2734.3870967741937,
                    1292.6774193548388
                ],
                [
                    2618.2580645161293,
                    1268.483870967742
                ],
                [
                    2503.741935483871,
                    1258.8064516129032
                ],
                [
                    2416.6451612903224,
                    1250.741935483871
                ],
                [
                    2210.1935483870966,
                    1099.1290322580646
                ],
                [
                    2118.2580645161293,
                    1071.7096774193549
                ],
                [
                    2108.5806451612902,
                    1026.5483870967741
                ],
                [
                    2010.1935483870968,
                    1023.3225806451612
                ],
                [
                    2011.8064516129032,
                    1058.8064516129032
                ],
                [
                    1502.1290322580646,
                    1089.4516129032259
                ],
                [
                    1452.1290322580646,
                    1157.1935483870968
                ],
                [
                    1371.483870967742,
                    1234.6129032258063
                ]
            ],
            "group_id": null,
            "shape_type": "polygon",
            "flags": {}
        },
        {
            "label": "car",
            "points": [
                [
                    424.7096774193548,
                    1124.9354838709678
                ],
                [
                    410.19354838709677,
                    1200.741935483871
                ],
                [
                    444.06451612903226,
                    1247.516129032258
                ],
                [
                    465.03225806451616,
                    1297.516129032258
                ],
                [
                    490.83870967741933,
                    1286.225806451613
                ],
                [
                    498.9032258064516,
                    1266.8709677419356
                ],
                [
                    594.0645161290323,
                    1278.1612903225807
                ],
                [
                    634.3870967741935,
                    1291.0645161290322
                ],
                [
                    718.258064516129,
                    1289.4516129032259
                ],
                [
                    737.6129032258065,
                    1274.9354838709678
                ],
                [
                    895.6774193548387,
                    1263.6451612903227
                ],
                [
                    931.1612903225806,
                    1286.225806451613
                ],
                [
                    965.0322580645161,
                    1273.3225806451612
                ],
                [
                    981.1612903225806,
                    1233.0
                ],
                [
                    997.2903225806451,
                    1195.9032258064517
                ],
                [
                    969.8709677419355,
                    1153.967741935484
                ],
                [
                    942.4516129032259,
                    1149.1290322580646
                ],
                [
                    906.9677419354839,
                    1139.4516129032259
                ],
                [
                    865.0322580645161,
                    1102.3548387096773
                ],
                [
                    819.8709677419355,
                    1076.5483870967741
                ],
                [
                    760.1935483870968,
                    1062.032258064516
                ],
                [
                    689.2258064516129,
                    1050.741935483871
                ],
                [
                    618.258064516129,
                    1049.1290322580646
                ],
                [
                    547.2903225806451,
                    1068.483870967742
                ],
                [
                    482.7741935483871,
                    1078.1612903225807
                ],
                [
                    469.8709677419355,
                    1124.9354838709678
                ]
            ],
            "group_id": null,
            "shape_type": "polygon",
            "flags": {}
        },
        {
            "label": "person",
            "points": [
                [
                    189.2258064516129,
                    1070.0967741935483
                ],
                [
                    189.2258064516129,
                    1115.258064516129
                ],
                [
                    192.45161290322582,
                    1152.3548387096773
                ],
                [
                    210.19354838709677,
                    1183.0
                ],
                [
                    223.09677419354838,
                    1200.741935483871
                ],
                [
                    269.8709677419355,
                    1224.9354838709678
                ],
                [
                    276.3225806451613,
                    1244.2903225806451
                ],
                [
                    250.51612903225805,
                    1271.7096774193549
                ],
                [
                    213.41935483870967,
                    1294.2903225806451
                ],
                [
                    455.35483870967744,
                    1303.967741935484
                ],
                [
                    448.90322580645164,
                    1258.8064516129032
                ],
                [
                    405.35483870967744,
                    1203.967741935484
                ],
                [
                    398.90322580645164,
                    1162.032258064516
                ],
                [
                    376.3225806451613,
                    1150.741935483871
                ],
                [
                    390.83870967741933,
                    1112.032258064516
                ],
                [
                    377.93548387096774,
                    1044.2903225806451
                ],
                [
                    336.0,
                    1016.8709677419356
                ],
                [
                    297.2903225806452,
                    987.8387096774193
                ],
                [
                    256.9677419354839,
                    1012.0322580645161
                ],
                [
                    205.3548387096774,
                    1037.8387096774193
                ]
            ],
            "group_id": null,
            "shape_type": "polygon",
            "flags": {}
        },
        {
            "label": "traffic light",
            "points": [
                [
                    382.7586206896552,
                    864.6551724137931
                ],
                [
                    381.89655172413796,
                    937.9310344827587
                ],
                [
                    389.65517241379314,
                    951.7241379310345
                ],
                [
                    404.3103448275862,
                    950.8620689655173
                ],
                [
                    418.1034482758621,
                    931.896551724138
                ],
                [
                    414.65517241379314,
                    918.9655172413794
                ],
                [
                    408.62068965517244,
                    918.1034482758621
                ],
                [
                    414.65517241379314,
                    900.8620689655173
                ],
                [
                    425.86206896551727,
                    889.6551724137931
                ],
                [
                    409.4827586206897,
                    885.344827586207
                ],
                [
                    419.82758620689657,
                    868.9655172413794
                ],
                [
                    415.51724137931035,
                    856.896551724138
                ],
                [
                    398.2758620689655,
                    850.0000000000001
                ]
            ],
            "group_id": null,
            "shape_type": "polygon",
            "flags": {}
        },
        {
            "label": "traffic light",
            "points": [
                [
                    791.3793103448277,
                    518.1034482758621
                ],
                [
                    806.896551724138,
                    543.9655172413793
                ],
                [
                    815.5172413793103,
                    551.7241379310345
                ],
                [
                    862.0689655172414,
                    544.8275862068966
                ],
                [
                    891.3793103448277,
                    546.551724137931
                ],
                [
                    878.4482758620691,
                    513.7931034482759
                ],
                [
                    843.1034482758621,
                    508.62068965517244
                ],
                [
                    809.4827586206898,
                    512.0689655172414
                ]
            ],
            "group_id": null,
            "shape_type": "polygon",
            "flags": {}
        },
        {
            "label": "handbag",
            "points": [
                [
                    99.13793103448276,
                    1625.8620689655174
                ],
                [
                    73.27586206896552,
                    1646.5517241379312
                ],
                [
                    48.27586206896552,
                    1743.9655172413795
                ],
                [
                    68.96551724137932,
                    1742.2413793103449
                ],
                [
                    105.17241379310346,
                    1761.2068965517242
                ],
                [
                    130.17241379310346,
                    1768.9655172413795
                ],
                [
                    125.00000000000001,
                    1605.1724137931035
                ]
            ],
            "group_id": null,
            "shape_type": "polygon",
            "flags": {}
        },
        {
            "label": "truck",
            "points": [
                [
                    1.7241379310344829,
                    923.2758620689656
                ],
                [
                    187.93103448275863,
                    930.1724137931035
                ],
                [
                    343.96551724137936,
                    943.1034482758621
                ],
                [
                    383.62068965517244,
                    1000.0000000000001
                ],
                [
                    411.2068965517242,
                    1063.793103448276
                ],
                [
                    420.68965517241384,
                    1122.4137931034484
                ],
                [
                    408.62068965517244,
                    1200.8620689655174
                ],
                [
                    400.0,
                    1163.793103448276
                ],
                [
                    375.0,
                    1152.5862068965519
                ],
                [
                    393.1034482758621,
                    1111.2068965517242
                ],
                [
                    378.448275862069,
                    1040.5172413793105
                ],
                [
                    299.1379310344828,
                    987.9310344827587
                ],
                [
                    245.6896551724138,
                    1000.8620689655173
                ],
                [
                    221.55172413793105,
                    1020.6896551724138
                ],
                [
                    200.0,
                    1043.9655172413793
                ],
                [
                    187.93103448275863,
                    1074.1379310344828
                ],
                [
                    189.6551724137931,
                    1109.4827586206898
                ],
                [
                    194.82758620689657,
                    1118.9655172413793
                ],
                [
                    195.6896551724138,
                    1154.3103448275863
                ],
                [
                    212.0689655172414,
                    1187.9310344827586
                ],
                [
                    225.00000000000003,
                    1206.0344827586207
                ],
                [
                    267.2413793103448,
                    1227.5862068965519
                ],
                [
                    277.58620689655174,
                    1245.689655172414
                ],
                [
                    249.1379310344828,
                    1269.8275862068967
                ],
                [
                    214.6551724137931,
                    1291.3793103448277
                ],
                [
                    202.58620689655174,
                    1296.5517241379312
                ],
                [
                    180.17241379310346,
                    1279.3103448275863
                ],
                [
                    218.1034482758621,
                    1252.5862068965519
                ],
                [
                    188.79310344827587,
                    1242.2413793103449
                ],
                [
                    165.51724137931035,
                    1254.3103448275863
                ],
                [
                    132.75862068965517,
                    1248.2758620689656
                ],
                [
                    76.72413793103449,
                    1246.5517241379312
                ],
                [
                    63.793103448275865,
                    1231.0344827586207
                ],
                [
                    60.344827586206904,
                    1201.7241379310346
                ],
                [
                    34.48275862068966,
                    1190.5172413793105
                ],
                [
                    31.896551724137932,
                    1221.5517241379312
                ],
                [
                    55.17241379310345,
                    1238.793103448276
                ],
                [
                    68.96551724137932,
                    1268.9655172413793
                ],
                [
                    50.862068965517246,
                    1276.7241379310346
                ],
                [
                    14.655172413793105,
                    1277.5862068965519
                ],
                [
                    4.310344827586207,
                    1275.0
                ]
            ],
            "group_id": null,
            "shape_type": "polygon",
            "flags": {}
        },
        {
            "label": "motorcycle",
            "points": [
                [
                    35.3448275862069,
                    1187.0689655172414
                ],
                [
                    25.0,
                    1197.4137931034484
                ],
                [
                    28.448275862068968,
                    1221.5517241379312
                ],
                [
                    37.931034482758626,
                    1229.3103448275863
                ],
                [
                    56.03448275862069,
                    1238.793103448276
                ],
                [
                    69.82758620689656,
                    1263.793103448276
                ],
                [
                    44.827586206896555,
                    1287.0689655172414
                ],
                [
                    26.724137931034484,
                    1295.689655172414
                ],
                [
                    12.06896551724138,
                    1277.5862068965519
                ],
                [
                    2.586206896551724,
                    1281.0344827586207
                ],
                [
                    0.0,
                    1681.8965517241381
                ],
                [
                    36.20689655172414,
                    1678.448275862069
                ],
                [
                    27.586206896551726,
                    1633.6206896551726
                ],
                [
                    28.448275862068968,
                    1612.0689655172414
                ],
                [
                    38.793103448275865,
                    1588.793103448276
                ],
                [
                    43.10344827586207,
                    1580.1724137931035
                ],
                [
                    33.62068965517241,
                    1570.689655172414
                ],
                [
                    48.27586206896552,
                    1545.689655172414
                ],
                [
                    49.13793103448276,
                    1504.3103448275863
                ],
                [
                    50.862068965517246,
                    1434.4827586206898
                ],
                [
                    131.0344827586207,
                    1421.5517241379312
                ],
                [
                    132.75862068965517,
                    1304.3103448275863
                ],
                [
                    206.89655172413794,
                    1294.8275862068967
                ],
                [
                    183.6206896551724,
                    1278.448275862069
                ],
                [
                    217.24137931034485,
                    1252.5862068965519
                ],
                [
                    191.3793103448276,
                    1243.9655172413793
                ],
                [
                    168.1034482758621,
                    1256.896551724138
                ],
                [
                    132.75862068965517,
                    1250.0
                ],
                [
                    76.72413793103449,
                    1250.8620689655174
                ],
                [
                    62.931034482758626,
                    1235.344827586207
                ],
                [
                    62.931034482758626,
                    1203.448275862069
                ]
            ],
            "group_id": null,
            "shape_type": "polygon",
            "flags": {}
        },
        {
            "label": "car",
            "points": [
                [
                    1430.3370786516853,
                    1132.5842696629213
                ],
                [
                    1431.4606741573034,
                    1174.1573033707864
                ],
                [
                    1488.7640449438202,
                    1102.2471910112358
                ],
                [
                    1546.067415730337,
                    1082.0224719101122
                ],
                [
                    1750.561797752809,
                    1076.4044943820224
                ],
                [
                    1735.9550561797753,
                    1052.808988764045
                ],
                [
                    1528.0898876404494,
                    1044.943820224719
                ],
                [
                    1497.752808988764,
                    1052.808988764045
                ],
                [
                    1487.6404494382023,
                    1087.6404494382023
                ],
                [
                    1447.191011235955,
                    1116.8539325842696
                ]
            ],
            "group_id": null,
            "shape_type": "polygon",
            "flags": {}
        },
        {
            "label": "car",
            "points": [
                [
                    1679.7752808988764,
                    1008.9887640449438
                ],
                [
                    1680.8988764044943,
                    1011.2359550561797
                ],
                [
                    1668.5393258426966,
                    1048.314606741573
                ],
                [
                    1732.5842696629213,
                    1052.808988764045
                ],
                [
                    1755.056179775281,
                    1075.2808988764045
                ],
                [
                    1895.5056179775281,
                    1065.1685393258426
                ],
                [
                    1906.741573033708,
                    1048.314606741573
                ],
                [
                    1883.1460674157304,
                    1048.314606741573
                ],
                [
                    1852.808988764045,
                    1012.3595505617977
                ],
                [
                    1783.1460674157304,
                    1006.7415730337078
                ],
                [
                    1741.573033707865,
                    1005.6179775280899
                ]
            ],
            "group_id": null,
            "shape_type": "polygon",
            "flags": {}
        },
        {
            "label": "car",
            "points": [
                [
                    2183.14606741573,
                    998.876404494382
                ],
                [
                    2174.1573033707864,
                    1031.4606741573034
                ],
                [
                    2178.6516853932585,
                    1071.9101123595506
                ],
                [
                    2194.38202247191,
                    1075.2808988764045
                ],
                [
                    2213.483146067416,
                    1077.5280898876404
                ],
                [
                    2232.584269662921,
                    1083.1460674157304
                ],
                [
                    2311.2359550561796,
                    1080.8988764044943
                ],
                [
                    2325.8426966292136,
                    1042.6966292134832
                ],
                [
                    2310.112359550562,
                    1015.7303370786517
                ],
                [
                    2285.3932584269664,
                    995.5056179775281
                ],
                [
                    2237.078651685393,
                    995.5056179775281
                ]
            ],
            "group_id": null,
            "shape_type": "polygon",
            "flags": {}
        },
        {
            "label": "bus",
            "points": [
                [
                    2331.4606741573034,
                    908.9887640449438
                ],
                [
                    2342.696629213483,
                    1038.202247191011
                ],
                [
                    2395.505617977528,
                    1039.3258426966293
                ],
                [
                    2389.887640449438,
                    932.5842696629213
                ],
                [
                    2429.2134831460676,
                    920.2247191011236
                ],
                [
                    2512.3595505617977,
                    924.7191011235955
                ],
                [
                    2491.0112359550562,
                    905.6179775280899
                ],
                [
                    2458.4269662921347,
                    901.1235955056179
                ],
                [
                    2417.9775280898875,
                    901.1235955056179
                ],
                [
                    2385.3932584269664,
                    896.629213483146
                ],
                [
                    2353.932584269663,
                    895.5056179775281
                ]
            ],
            "group_id": null,
            "shape_type": "polygon",
            "flags": {}
        },
        {
            "label": "bus",
            "points": [
                [
                    2389.887640449438,
                    935.9550561797753
                ],
                [
                    2400.0,
                    1039.3258426966293
                ],
                [
                    2470.7865168539324,
                    1039.3258426966293
                ],
                [
                    2469.6629213483147,
                    1015.7303370786517
                ],
                [
                    2489.887640449438,
                    974.1573033707865
                ],
                [
                    2538.2022471910113,
                    975.2808988764045
                ],
                [
                    2538.2022471910113,
                    930.3370786516854
                ],
                [
                    2514.6067415730336,
                    928.0898876404494
                ],
                [
                    2433.7078651685392,
                    916.8539325842696
                ]
            ],
            "group_id": null,
            "shape_type": "polygon",
            "flags": {}
        },
        {
            "label": "car",
            "points": [
                [
                    2471.9101123595506,
                    1013.4831460674158
                ],
                [
                    2473.0337078651687,
                    1033.7078651685392
                ],
                [
                    2522.4719101123596,
                    1032.5842696629213
                ],
                [
                    2533.7078651685392,
                    1002.2471910112359
                ],
                [
                    2542.696629213483,
                    977.5280898876405
                ],
                [
                    2494.38202247191,
                    977.5280898876405
                ]
            ],
            "group_id": null,
            "shape_type": "polygon",
            "flags": {}
        },
        {
            "label": "car",
            "points": [
                [
                    2579.775280898876,
                    986.5168539325842
                ],
                [
                    2611.2359550561796,
                    980.8988764044943
                ],
                [
                    2630.3370786516853,
                    1015.7303370786517
                ],
                [
                    2634.8314606741574,
                    1056.1797752808989
                ],
                [
                    2606.741573033708,
                    1049.438202247191
                ],
                [
                    2589.887640449438,
                    1052.808988764045
                ]
            ],
            "group_id": null,
            "shape_type": "polygon",
            "flags": {}
        },
        {
            "label": "person",
            "points": [
                [
                    496.8503937007874,
                    1000.0
                ],
                [
                    493.7007874015748,
                    1019.6850393700787
                ],
                [
                    490.5511811023622,
                    1030.708661417323
                ],
                [
                    478.74015748031496,
                    1024.4094488188975
                ],
                [
                    464.56692913385825,
                    1034.6456692913387
                ],
                [
                    473.2283464566929,
                    1048.0314960629921
                ],
                [
                    477.1653543307087,
                    1062.992125984252
                ],
                [
                    477.9527559055118,
                    1079.527559055118
                ],
                [
                    511.0236220472441,
                    1073.2283464566929
                ],
                [
                    534.6456692913385,
                    1065.3543307086613
                ],
                [
                    540.1574803149606,
                    1057.4803149606298
                ],
                [
                    524.4094488188977,
                    1040.9448818897638
                ],
                [
                    516.5354330708661,
                    1028.3464566929133
                ],
                [
                    513.3858267716536,
                    1009.4488188976378
                ],
                [
                    509.4488188976378,
                    996.8503937007874
                ]
            ],
            "group_id": null,
            "shape_type": "polygon",
            "flags": {}
        },
        {
            "label": "person",
            "points": [
                [
                    448.81889763779526,
                    994.488188976378
                ],
                [
                    446.45669291338584,
                    994.488188976378
                ],
                [
                    439.37007874015745,
                    997.6377952755905
                ],
                [
                    439.37007874015745,
                    1014.1732283464567
                ],
                [
                    433.8582677165354,
                    1022.0472440944882
                ],
                [
                    416.53543307086613,
                    1050.3937007874015
                ],
                [
                    420.4724409448819,
                    1064.5669291338584
                ],
                [
                    434.64566929133855,
                    1081.1023622047244
                ],
                [
                    440.15748031496065,
                    1106.2992125984251
                ],
                [
                    460.6299212598425,
                    1061.4173228346456
                ],
                [
                    465.3543307086614,
                    1049.6062992125985
                ],
                [
                    460.6299212598425,
                    1030.708661417323
                ],
                [
                    470.0787401574803,
                    1019.6850393700787
                ],
                [
                    467.7165354330709,
                    996.8503937007874
                ]
            ],
            "group_id": null,
            "shape_type": "polygon",
            "flags": {}
        },
        {
            "label": "person",
            "points": [
                [
                    1448.0314960629921,
                    972.4409448818898
                ],
                [
                    1438.5826771653542,
                    983.4645669291339
                ],
                [
                    1435.4330708661416,
                    994.488188976378
                ],
                [
                    1433.0708661417323,
                    1013.3858267716536
                ],
                [
                    1450.3937007874015,
                    1011.0236220472441
                ],
                [
                    1464.5669291338581,
                    1012.5984251968504
                ],
                [
                    1462.2047244094488,
                    985.0393700787401
                ],
                [
                    1459.0551181102362,
                    976.3779527559055
                ],
                [
                    1455.9055118110236,
                    969.2913385826771
                ]
            ],
            "group_id": null,
            "shape_type": "polygon",
            "flags": {}
        },
        {
            "label": "person",
            "points": [
                [
                    1407.0866141732283,
                    977.9527559055118
                ],
                [
                    1399.2125984251968,
                    992.9133858267717
                ],
                [
                    1405.511811023622,
                    1007.8740157480315
                ],
                [
                    1409.4488188976377,
                    1014.1732283464567
                ],
                [
                    1417.3228346456692,
                    1008.6614173228346
                ],
                [
                    1428.3464566929133,
                    1007.8740157480315
                ],
                [
                    1427.55905511811,
                    990.5511811023622
                ],
                [
                    1425.1968503937007,
                    981.1023622047244
                ]
            ],
            "group_id": null,
            "shape_type": "polygon",
            "flags": {}
        }
    ],
    "imagePath": "../../Canon1DsMkIII_PNG/Canon1DsMkIII_0076.PNG",
    "imageData": null,
    "imageHeight": 1876,
    "imageWidth": 2820
}