{
    "version": "4.5.6",
    "flags": {},
    "shapes": [
        {
            "label": "car",
            "points": [
                [
                    1310.1935483870968,
                    1018.483870967742
                ],
                [
                    1303.741935483871,
                    1092.6774193548388
                ],
                [
                    1310.1935483870968,
                    1131.3870967741937
                ],
                [
                    1311.8064516129032,
                    1184.6129032258063
                ],
                [
                    1352.1290322580646,
                    1202.3548387096773
                ],
                [
                    1377.9354838709678,
                    1184.6129032258063
                ],
                [
                    1436.0,
                    1197.516129032258
                ],
                [
                    1442.4516129032259,
                    1237.8387096774193
                ],
                [
                    1461.8064516129032,
                    1271.7096774193549
                ],
                [
                    1519.8709677419356,
                    1273.3225806451612
                ],
                [
                    1561.8064516129032,
                    1226.5483870967741
                ],
                [
                    1897.2903225806451,
                    1212.032258064516
                ],
                [
                    1910.1935483870968,
                    1273.3225806451612
                ],
                [
                    1977.9354838709678,
                    1274.9354838709678
                ],
                [
                    2010.1935483870968,
                    1258.8064516129032
                ],
                [
                    2037.6129032258063,
                    1207.1935483870968
                ],
                [
                    2055.3548387096776,
                    1136.225806451613
                ],
                [
                    2055.3548387096776,
                    1087.8387096774193
                ],
                [
                    2056.967741935484,
                    1031.3870967741937
                ],
                [
                    2021.483870967742,
                    970.0967741935483
                ],
                [
                    1997.2903225806451,
                    950.741935483871
                ],
                [
                    1960.1935483870968,
                    908.8064516129033
                ],
                [
                    1886.0,
                    850.741935483871
                ],
                [
                    1798.9032258064517,
                    834.6129032258065
                ],
                [
                    1676.3225806451612,
                    829.7741935483871
                ],
                [
                    1547.2903225806451,
                    831.3870967741935
                ],
                [
                    1502.1290322580646,
                    834.6129032258065
                ],
                [
                    1456.967741935484,
                    841.0645161290323
                ],
                [
                    1413.4193548387098,
                    879.7741935483871
                ],
                [
                    1368.258064516129,
                    933.0
                ],
                [
                    1332.774193548387,
                    931.3870967741935
                ],
                [
                    1319.8709677419356,
                    953.9677419354839
                ],
                [
                    1331.1612903225807,
                    965.258064516129
                ],
                [
                    1313.4193548387098,
                    984.6129032258063
                ]
            ],
            "group_id": null,
            "shape_type": "polygon",
            "flags": {}
        },
        {
            "label": "car",
            "points": [
                [
                    761.8064516129033,
                    845.9032258064516
                ],
                [
                    745.6774193548387,
                    903.9677419354839
                ],
                [
                    716.6451612903226,
                    920.0967741935484
                ],
                [
                    721.483870967742,
                    966.8709677419356
                ],
                [
                    726.3225806451613,
                    995.9032258064517
                ],
                [
                    748.9032258064516,
                    1016.8709677419356
                ],
                [
                    777.9354838709678,
                    1020.0967741935483
                ],
                [
                    784.3870967741935,
                    994.2903225806451
                ],
                [
                    874.7096774193549,
                    1000.741935483871
                ],
                [
                    892.4516129032259,
                    1024.9354838709678
                ],
                [
                    916.6451612903226,
                    1018.483870967742
                ],
                [
                    916.6451612903226,
                    1003.9677419354839
                ],
                [
                    939.2258064516129,
                    1028.1612903225807
                ],
                [
                    966.6451612903226,
                    1023.3225806451612
                ],
                [
                    971.483870967742,
                    989.4516129032259
                ],
                [
                    977.9354838709678,
                    945.9032258064516
                ],
                [
                    971.483870967742,
                    894.2903225806451
                ],
                [
                    955.3548387096774,
                    883.0
                ],
                [
                    927.9354838709678,
                    841.0645161290323
                ],
                [
                    871.483870967742,
                    836.2258064516129
                ],
                [
                    852.1290322580645,
                    824.9354838709678
                ],
                [
                    824.7096774193549,
                    823.3225806451613
                ],
                [
                    805.3548387096774,
                    836.2258064516129
                ]
            ],
            "group_id": null,
            "shape_type": "polygon",
            "flags": {}
        },
        {
            "label": "fire hydrant",
            "points": [
                [
                    97.29032258064517,
                    1424.9354838709678
                ],
                [
                    60.19354838709677,
                    1441.0645161290322
                ],
                [
                    40.83870967741935,
                    1450.741935483871
                ],
                [
                    32.774193548387096,
                    1470.0967741935483
                ],
                [
                    56.96774193548387,
                    1479.774193548387
                ],
                [
                    66.64516129032258,
                    1503.967741935484
                ],
                [
                    74.70967741935483,
                    1534.6129032258066
                ],
                [
                    76.3225806451613,
                    1583.0
                ],
                [
                    74.70967741935483,
                    1615.258064516129
                ],
                [
                    84.38709677419355,
                    1615.258064516129
                ],
                [
                    90,
                    1875
                ],
                [
                    229.5483870967742,
                    1871.7096774193549
                ],
                [
                    218.25806451612902,
                    1579.774193548387
                ],
                [
                    226.32258064516128,
                    1539.4516129032259
                ],
                [
                    218.25806451612902,
                    1453.967741935484
                ],
                [
                    198.90322580645162,
                    1426.5483870967741
                ],
                [
                    171.48387096774195,
                    1407.1935483870968
                ],
                [
                    161.80645161290323,
                    1386.225806451613
                ],
                [
                    140.83870967741936,
                    1391.0645161290322
                ],
                [
                    139.2258064516129,
                    1408.8064516129032
                ]
            ],
            "group_id": null,
            "shape_type": "polygon",
            "flags": {}
        },
        {
            "label": "motorcycle",
            "points": [
                [
                    2179.2452830188677,
                    919.8113207547169
                ],
                [
                    2188.6792452830186,
                    939.622641509434
                ],
                [
                    2203.7735849056603,
                    948.1132075471697
                ],
                [
                    2205.6603773584907,
                    958.4905660377358
                ],
                [
                    2215.094339622641,
                    991.5094339622641
                ],
                [
                    2209.433962264151,
                    1006.6037735849056
                ],
                [
                    2222.6415094339623,
                    1003.7735849056603
                ],
                [
                    2240.566037735849,
                    1028.3018867924527
                ],
                [
                    2248.1132075471696,
                    1039.6226415094338
                ],
                [
                    2250.943396226415,
                    1085.8490566037735
                ],
                [
                    2265.094339622641,
                    1129.245283018868
                ],
                [
                    2277.3584905660377,
                    1141.509433962264
                ],
                [
                    2299.056603773585,
                    1138.6792452830189
                ],
                [
                    2307.5471698113206,
                    1105.6603773584905
                ],
                [
                    2333.018867924528,
                    1099.0566037735848
                ],
                [
                    2348.1132075471696,
                    1116.0377358490566
                ],
                [
                    2370.754716981132,
                    1133.9622641509434
                ],
                [
                    2384.9056603773583,
                    1120.754716981132
                ],
                [
                    2384.9056603773583,
                    1080.1886792452829
                ],
                [
                    2367.9245283018868,
                    1047.1698113207547
                ],
                [
                    2354.7169811320755,
                    994.3396226415094
                ],
                [
                    2359.433962264151,
                    972.6415094339623
                ],
                [
                    2341.509433962264,
                    967.9245283018868
                ],
                [
                    2332.0754716981132,
                    949.0566037735848
                ],
                [
                    2323.5849056603774,
                    917.9245283018868
                ],
                [
                    2320.754716981132,
                    905.6603773584906
                ],
                [
                    2298.1132075471696,
                    898.1132075471697
                ],
                [
                    2283.018867924528,
                    883.0188679245283
                ],
                [
                    2250.0,
                    880.188679245283
                ],
                [
                    2200.943396226415,
                    883.0188679245283
                ],
                [
                    2177.3584905660377,
                    897.1698113207547
                ]
            ],
            "group_id": null,
            "shape_type": "polygon",
            "flags": {}
        },
        {
            "label": "car",
            "points": [
                [
                    2325.4716981132074,
                    896.2264150943396
                ],
                [
                    2366.0377358490564,
                    866.9811320754717
                ],
                [
                    2386.7924528301887,
                    858.4905660377358
                ],
                [
                    2461.320754716981,
                    857.5471698113207
                ],
                [
                    2551.88679245283,
                    863.2075471698113
                ],
                [
                    2583.962264150943,
                    884.9056603773585
                ],
                [
                    2610.3773584905657,
                    923.5849056603773
                ],
                [
                    2636.7924528301887,
                    935.8490566037735
                ],
                [
                    2645.2830188679245,
                    966.0377358490565
                ],
                [
                    2606.6037735849054,
                    975.4716981132075
                ],
                [
                    2565.094339622641,
                    999.0566037735848
                ],
                [
                    2516.9811320754716,
                    1049.0566037735848
                ],
                [
                    2438.6792452830186,
                    1050.943396226415
                ],
                [
                    2430.188679245283,
                    1066.9811320754716
                ],
                [
                    2409.433962264151,
                    1063.2075471698113
                ],
                [
                    2398.1132075471696,
                    1048.1132075471698
                ],
                [
                    2366.0377358490564,
                    1046.2264150943395
                ],
                [
                    2357.5471698113206,
                    997.1698113207547
                ],
                [
                    2363.2075471698113,
                    967.9245283018868
                ],
                [
                    2346.2264150943397,
                    973.5849056603773
                ],
                [
                    2335.8490566037735,
                    949.0566037735848
                ],
                [
                    2323.5849056603774,
                    917.9245283018868
                ],
                [
                    2316.9811320754716,
                    903.7735849056603
                ]
            ],
            "group_id": null,
            "shape_type": "polygon",
            "flags": {}
        },
        {
            "label": "car",
            "points": [
                [
                    2577.3584905660377,
                    869.8113207547169
                ],
                [
                    2582.0754716981132,
                    859.4339622641509
                ],
                [
                    2667.9245283018868,
                    862.2641509433962
                ],
                [
                    2668.867924528302,
                    945.2830188679245
                ],
                [
                    2647.1698113207544,
                    934.9056603773585
                ],
                [
                    2616.0377358490564,
                    932.0754716981131
                ],
                [
                    2609.433962264151,
                    919.8113207547169
                ],
                [
                    2583.962264150943,
                    885.8490566037735
                ]
            ],
            "group_id": null,
            "shape_type": "polygon",
            "flags": {}
        },
        {
            "label": "potted plant",
            "points": [
                [
                    1105.8823529411761,
                    929.4117647058824
                ],
                [
                    1097.0588235294115,
                    967.6470588235295
                ],
                [
                    1102.9411764705878,
                    997.0588235294118
                ],
                [
                    1139.7058823529408,
                    1008.8235294117648
                ],
                [
                    1148.5294117647056,
                    979.4117647058824
                ],
                [
                    1157.3529411764703,
                    942.6470588235295
                ],
                [
                    1141.176470588235,
                    908.8235294117648
                ],
                [
                    1152.9411764705878,
                    864.7058823529412
                ],
                [
                    1117.647058823529,
                    857.3529411764707
                ],
                [
                    1072.0588235294115,
                    892.6470588235295
                ],
                [
                    1066.176470588235,
                    920.5882352941177
                ],
                [
                    1091.176470588235,
                    926.4705882352941
                ]
            ],
            "group_id": null,
            "shape_type": "polygon",
            "flags": {}
        },
        {
            "label": "potted plant",
            "points": [
                [
                    1130.8823529411764,
                    910.2941176470588
                ],
                [
                    1147.0588235294117,
                    933.8235294117646
                ],
                [
                    1144.1176470588234,
                    961.7647058823529
                ],
                [
                    1151.4705882352941,
                    997.0588235294117
                ],
                [
                    1188.235294117647,
                    1016.1764705882352
                ],
                [
                    1230.8823529411764,
                    1004.4117647058823
                ],
                [
                    1247.0588235294117,
                    972.0588235294117
                ],
                [
                    1230.8823529411764,
                    941.1764705882352
                ],
                [
                    1260.2941176470588,
                    923.5294117647059
                ],
                [
                    1273.5294117647059,
                    888.235294117647
                ],
                [
                    1227.941176470588,
                    866.1764705882352
                ],
                [
                    1183.8235294117646,
                    863.235294117647
                ],
                [
                    1152.941176470588,
                    866.1764705882352
                ]
            ],
            "group_id": null,
            "shape_type": "polygon",
            "flags": {}
        },
        {
            "label": "potted plant",
            "points": [
                [
                    388.235294117647,
                    935.2941176470588
                ],
                [
                    445.5882352941176,
                    948.5294117647059
                ],
                [
                    438.235294117647,
                    991.1764705882352
                ],
                [
                    452.9411764705882,
                    1025.0
                ],
                [
                    458.8235294117647,
                    1050.0
                ],
                [
                    501.4705882352941,
                    1027.941176470588
                ],
                [
                    561.7647058823529,
                    1039.705882352941
                ],
                [
                    566.1764705882352,
                    972.0588235294117
                ],
                [
                    554.4117647058823,
                    952.9411764705882
                ],
                [
                    597.0588235294117,
                    948.5294117647059
                ],
                [
                    605.8823529411765,
                    892.6470588235294
                ],
                [
                    566.1764705882352,
                    874.9999999999999
                ],
                [
                    501.4705882352941,
                    855.8823529411765
                ],
                [
                    460.2941176470588,
                    861.7647058823529
                ],
                [
                    423.52941176470586,
                    895.5882352941176
                ]
            ],
            "group_id": null,
            "shape_type": "polygon",
            "flags": {}
        },
        {
            "label": "potted plant",
            "points": [
                [
                    454.4117647058823,
                    1033.8235294117646
                ],
                [
                    417.6470588235294,
                    1023.5294117647059
                ],
                [
                    391.17647058823525,
                    989.7058823529411
                ],
                [
                    402.94117647058823,
                    952.9411764705882
                ],
                [
                    375.0,
                    933.8235294117646
                ],
                [
                    361.7647058823529,
                    904.4117647058823
                ],
                [
                    398.52941176470586,
                    879.4117647058823
                ],
                [
                    436.7647058823529,
                    867.6470588235294
                ],
                [
                    449.99999999999994,
                    872.0588235294117
                ],
                [
                    392.6470588235294,
                    932.3529411764705
                ],
                [
                    445.5882352941176,
                    954.4117647058823
                ],
                [
                    436.7647058823529,
                    986.7647058823528
                ]
            ],
            "group_id": null,
            "shape_type": "polygon",
            "flags": {}
        },
        {
            "label": "potted plant",
            "points": [
                [
                    1347.4226804123712,
                    889.6907216494845
                ],
                [
                    1339.1752577319587,
                    913.4020618556701
                ],
                [
                    1336.0824742268042,
                    934.020618556701
                ],
                [
                    1367.0103092783506,
                    928.8659793814434
                ],
                [
                    1415.4639175257732,
                    876.2886597938144
                ],
                [
                    1405.1546391752577,
                    858.7628865979382
                ],
                [
                    1377.319587628866,
                    857.7319587628866
                ],
                [
                    1345.360824742268,
                    867.0103092783505
                ],
                [
                    1338.1443298969073,
                    878.3505154639175
                ]
            ],
            "group_id": null,
            "shape_type": "polygon",
            "flags": {}
        },
        {
            "label": "potted plant",
            "points": [
                [
                    2018.5567010309278,
                    958.7628865979382
                ],
                [
                    2035.0515463917527,
                    939.1752577319588
                ],
                [
                    2024.7422680412371,
                    918.5567010309279
                ],
                [
                    2041.2371134020618,
                    903.0927835051547
                ],
                [
                    2061.855670103093,
                    886.5979381443299
                ],
                [
                    2024.7422680412371,
                    871.1340206185567
                ],
                [
                    1976.2886597938145,
                    876.2886597938144
                ],
                [
                    1936.0824742268042,
                    880.4123711340206
                ],
                [
                    1963.9175257731958,
                    907.2164948453609
                ],
                [
                    1996.9072164948454,
                    950.5154639175258
                ]
            ],
            "group_id": null,
            "shape_type": "polygon",
            "flags": {}
        },
        {
            "label": "potted plant",
            "points": [
                [
                    2083.505154639175,
                    943.2989690721649
                ],
                [
                    2108.2474226804125,
                    955.6701030927835
                ],
                [
                    2126.8041237113403,
                    940.2061855670104
                ],
                [
                    2134.0206185567013,
                    911.340206185567
                ],
                [
                    2152.577319587629,
                    891.7525773195877
                ],
                [
                    2120.618556701031,
                    876.2886597938144
                ],
                [
                    2086.59793814433,
                    878.3505154639175
                ],
                [
                    2059.7938144329896,
                    889.6907216494845
                ],
                [
                    2073.1958762886597,
                    905.1546391752578
                ],
                [
                    2074.226804123711,
                    927.8350515463918
                ]
            ],
            "group_id": null,
            "shape_type": "polygon",
            "flags": {}
        }
    ],
    "imagePath": "../../Canon1DsMkIII_PNG/Canon1DsMkIII_0074.PNG",
    "imageData": null,
    "imageHeight": 1876,
    "imageWidth": 2820
}