{
    "version": "4.5.6",
    "flags": {},
    "shapes": [
        {
            "label": "person",
            "points": [
                [
                    1598.313725490196,
                    982.1176470588235
                ],
                [
                    1586.549019607843,
                    1011.5294117647059
                ],
                [
                    1553.2156862745098,
                    1025.2549019607843
                ],
                [
                    1535.5686274509803,
                    1052.7058823529412
                ],
                [
                    1519.8823529411764,
                    1137.0196078431372
                ],
                [
                    1533.6078431372548,
                    1199.764705882353
                ],
                [
                    1586.549019607843,
                    1199.764705882353
                ],
                [
                    1625.764705882353,
                    1184.078431372549
                ],
                [
                    1635.5686274509803,
                    1207.6078431372548
                ],
                [
                    1610.078431372549,
                    1274.2745098039215
                ],
                [
                    1621.8431372549019,
                    1295.8431372549019
                ],
                [
                    1666.9411764705883,
                    1303.686274509804
                ],
                [
                    1649.2941176470588,
                    1270.3529411764705
                ],
                [
                    1664.9803921568628,
                    1207.6078431372548
                ],
                [
                    1678.7058823529412,
                    1156.627450980392
                ],
                [
                    1684.5882352941176,
                    1123.2941176470588
                ],
                [
                    1649.2941176470588,
                    1113.4901960784314
                ],
                [
                    1629.686274509804,
                    1109.5686274509803
                ],
                [
                    1641.450980392157,
                    1066.4313725490197
                ],
                [
                    1629.686274509804,
                    1033.0980392156862
                ],
                [
                    1641.450980392157,
                    1013.4901960784314
                ],
                [
                    1637.5294117647059,
                    986.0392156862745
                ],
                [
                    1615.9607843137255,
                    972.313725490196
                ]
            ],
            "group_id": null,
            "shape_type": "polygon",
            "flags": {}
        },
        {
            "label": "person",
            "points": [
                [
                    470.8627450980392,
                    858.5882352941177
                ],
                [
                    463.01960784313724,
                    899.7647058823529
                ],
                [
                    443.4117647058823,
                    942.9019607843137
                ],
                [
                    425.7647058823529,
                    986.0392156862745
                ],
                [
                    459.0980392156863,
                    1054.6666666666667
                ],
                [
                    468.9019607843137,
                    1078.1960784313726
                ],
                [
                    461.0588235294117,
                    1166.4313725490197
                ],
                [
                    472.82352941176475,
                    1191.921568627451
                ],
                [
                    484.5882352941177,
                    1188.0
                ],
                [
                    478.7058823529412,
                    1137.0196078431372
                ],
                [
                    494.3921568627451,
                    1082.1176470588234
                ],
                [
                    494.3921568627451,
                    1111.5294117647059
                ],
                [
                    490.47058823529414,
                    1162.5098039215686
                ],
                [
                    500.27450980392155,
                    1195.8431372549019
                ],
                [
                    523.8039215686274,
                    1186.0392156862745
                ],
                [
                    514.0,
                    1156.627450980392
                ],
                [
                    523.8039215686274,
                    1101.7254901960785
                ],
                [
                    531.6470588235294,
                    1044.862745098039
                ],
                [
                    517.9215686274509,
                    984.078431372549
                ],
                [
                    500.27450980392155,
                    937.0196078431372
                ],
                [
                    508.11764705882354,
                    905.6470588235294
                ],
                [
                    515.9607843137255,
                    874.2745098039215
                ],
                [
                    502.2352941176471,
                    846.8235294117646
                ]
            ],
            "group_id": null,
            "shape_type": "polygon",
            "flags": {}
        },
        {
            "label": "person",
            "points": [
                [
                    1841.450980392157,
                    1037.0196078431372
                ],
                [
                    1839.4901960784314,
                    1078.1960784313726
                ],
                [
                    1819.8823529411764,
                    1088.0
                ],
                [
                    1868.9019607843136,
                    1182.1176470588234
                ],
                [
                    1917.921568627451,
                    1191.921568627451
                ],
                [
                    1945.3725490196077,
                    1235.0588235294117
                ],
                [
                    1982.627450980392,
                    1264.4705882352941
                ],
                [
                    2008.1176470588234,
                    1240.9411764705883
                ],
                [
                    1990.4705882352941,
                    1144.862745098039
                ],
                [
                    1988.5098039215686,
                    1109.5686274509803
                ],
                [
                    1972.8235294117649,
                    1084.078431372549
                ],
                [
                    1915.9607843137255,
                    1113.4901960784314
                ],
                [
                    1896.3529411764705,
                    1076.235294117647
                ],
                [
                    1890.4705882352941,
                    1048.7843137254902
                ],
                [
                    1876.7450980392157,
                    1023.2941176470588
                ]
            ],
            "group_id": null,
            "shape_type": "polygon",
            "flags": {}
        },
        {
            "label": "suitcase",
            "points": [
                [
                    2023.8039215686276,
                    1142.9019607843138
                ],
                [
                    2019.8823529411766,
                    1284.078431372549
                ],
                [
                    2070.8627450980393,
                    1293.8823529411764
                ],
                [
                    2112.0392156862745,
                    1274.2745098039215
                ],
                [
                    2112.0392156862745,
                    1140.9411764705883
                ],
                [
                    2064.9803921568628,
                    1135.0588235294117
                ]
            ],
            "group_id": null,
            "shape_type": "polygon",
            "flags": {}
        },
        {
            "label": "person",
            "points": [
                [
                    2635.5686274509803,
                    870.3529411764706
                ],
                [
                    2635.5686274509803,
                    897.8039215686274
                ],
                [
                    2610.078431372549,
                    925.2549019607843
                ],
                [
                    2592.4313725490197,
                    954.6666666666666
                ],
                [
                    2614.0,
                    999.7647058823529
                ],
                [
                    2610.078431372549,
                    1076.235294117647
                ],
                [
                    2588.5098039215686,
                    1162.5098039215686
                ],
                [
                    2578.705882352941,
                    1211.5294117647059
                ],
                [
                    2608.1176470588234,
                    1213.4901960784314
                ],
                [
                    2631.6470588235293,
                    1101.7254901960785
                ],
                [
                    2635.5686274509803,
                    1166.4313725490197
                ],
                [
                    2633.607843137255,
                    1229.1764705882354
                ],
                [
                    2666.9411764705883,
                    1211.5294117647059
                ],
                [
                    2672.823529411765,
                    1135.0588235294117
                ],
                [
                    2684.5882352941176,
                    1048.7843137254902
                ],
                [
                    2690.470588235294,
                    999.7647058823529
                ],
                [
                    2684.5882352941176,
                    917.4117647058823
                ],
                [
                    2672.823529411765,
                    895.843137254902
                ],
                [
                    2664.9803921568628,
                    854.6666666666666
                ],
                [
                    2639.4901960784314,
                    850.7450980392157
                ]
            ],
            "group_id": null,
            "shape_type": "polygon",
            "flags": {}
        },
        {
            "label": "backpack",
            "points": [
                [
                    2653.2156862745096,
                    964.4705882352941
                ],
                [
                    2657.1372549019607,
                    1029.1764705882354
                ],
                [
                    2670.8627450980393,
                    1044.862745098039
                ],
                [
                    2698.3137254901962,
                    1037.0196078431372
                ],
                [
                    2706.156862745098,
                    982.1176470588235
                ],
                [
                    2686.549019607843,
                    931.1372549019608
                ],
                [
                    2663.0196078431372,
                    927.2156862745098
                ]
            ],
            "group_id": null,
            "shape_type": "polygon",
            "flags": {}
        },
        {
            "label": "person",
            "points": [
                [
                    1957.1372549019607,
                    868.3921568627451
                ],
                [
                    1955.1764705882354,
                    895.843137254902
                ],
                [
                    1939.4901960784314,
                    907.6078431372549
                ],
                [
                    1937.5294117647059,
                    962.5098039215686
                ],
                [
                    1949.2941176470588,
                    1042.9019607843138
                ],
                [
                    1945.3725490196077,
                    1095.8431372549019
                ],
                [
                    1970.8627450980393,
                    1082.1176470588234
                ],
                [
                    1994.3921568627452,
                    1119.3725490196077
                ],
                [
                    2008.1176470588234,
                    1193.8823529411764
                ],
                [
                    2017.921568627451,
                    1074.2745098039215
                ],
                [
                    2021.843137254902,
                    1035.0588235294117
                ],
                [
                    2019.8823529411766,
                    999.7647058823529
                ],
                [
                    2027.7254901960782,
                    956.6274509803922
                ],
                [
                    2015.9607843137255,
                    919.3725490196078
                ],
                [
                    1998.3137254901962,
                    899.7647058823529
                ],
                [
                    1992.4313725490197,
                    874.2745098039215
                ],
                [
                    1978.705882352941,
                    854.6666666666666
                ]
            ],
            "group_id": null,
            "shape_type": "polygon",
            "flags": {}
        },
        {
            "label": "person",
            "points": [
                [
                    645.3725490196078,
                    850.7450980392157
                ],
                [
                    643.4117647058823,
                    886.0392156862745
                ],
                [
                    612.0392156862745,
                    897.8039215686274
                ],
                [
                    596.3529411764706,
                    903.6862745098039
                ],
                [
                    600.2745098039215,
                    954.6666666666666
                ],
                [
                    596.3529411764706,
                    1013.4901960784314
                ],
                [
                    596.3529411764706,
                    1101.7254901960785
                ],
                [
                    596.3529411764706,
                    1184.078431372549
                ],
                [
                    608.1176470588235,
                    1201.7254901960785
                ],
                [
                    631.6470588235294,
                    1203.686274509804
                ],
                [
                    637.5294117647059,
                    1180.1568627450981
                ],
                [
                    639.4901960784314,
                    1146.8235294117646
                ],
                [
                    639.4901960784314,
                    1064.4705882352941
                ],
                [
                    639.4901960784314,
                    1042.9019607843138
                ],
                [
                    661.0588235294117,
                    1093.8823529411764
                ],
                [
                    682.6274509803922,
                    1156.627450980392
                ],
                [
                    690.4705882352941,
                    1197.8039215686274
                ],
                [
                    708.1176470588235,
                    1207.6078431372548
                ],
                [
                    729.6862745098039,
                    1199.764705882353
                ],
                [
                    702.2352941176471,
                    1101.7254901960785
                ],
                [
                    688.5098039215686,
                    1058.5882352941176
                ],
                [
                    688.5098039215686,
                    1011.5294117647059
                ],
                [
                    698.313725490196,
                    974.2745098039215
                ],
                [
                    708.1176470588235,
                    921.3333333333334
                ],
                [
                    672.8235294117646,
                    909.5686274509803
                ],
                [
                    678.7058823529412,
                    891.9215686274509
                ],
                [
                    684.5882352941177,
                    870.3529411764706
                ],
                [
                    668.9019607843137,
                    835.0588235294117
                ]
            ],
            "group_id": null,
            "shape_type": "polygon",
            "flags": {}
        },
        {
            "label": "person",
            "points": [
                [
                    1082.627450980392,
                    931.1372549019608
                ],
                [
                    1059.0980392156862,
                    946.8235294117646
                ],
                [
                    1055.1764705882354,
                    970.3529411764706
                ],
                [
                    1043.4117647058824,
                    1009.5686274509803
                ],
                [
                    1047.3333333333333,
                    1023.2941176470588
                ],
                [
                    1117.921568627451,
                    1017.4117647058824
                ],
                [
                    1129.686274509804,
                    1080.1568627450981
                ],
                [
                    1163.0196078431372,
                    1088.0
                ],
                [
                    1190.4705882352941,
                    1099.764705882353
                ],
                [
                    1198.313725490196,
                    1162.5098039215686
                ],
                [
                    1237.5294117647059,
                    1162.5098039215686
                ],
                [
                    1235.5686274509803,
                    1129.1764705882354
                ],
                [
                    1241.450980392157,
                    1078.1960784313726
                ],
                [
                    1239.4901960784314,
                    1037.0196078431372
                ],
                [
                    1231.6470588235293,
                    1017.4117647058824
                ],
                [
                    1163.0196078431372,
                    993.8823529411765
                ],
                [
                    1147.3333333333333,
                    968.3921568627451
                ],
                [
                    1117.921568627451,
                    958.5882352941177
                ],
                [
                    1110.078431372549,
                    935.0588235294117
                ]
            ],
            "group_id": null,
            "shape_type": "polygon",
            "flags": {}
        },
        {
            "label": "person",
            "points": [
                [
                    1000.2745098039215,
                    923.2941176470588
                ],
                [
                    988.5098039215686,
                    944.8627450980392
                ],
                [
                    970.8627450980391,
                    966.4313725490196
                ],
                [
                    972.8235294117646,
                    1013.4901960784314
                ],
                [
                    1035.5686274509803,
                    1015.4509803921569
                ],
                [
                    1053.2156862745098,
                    974.2745098039215
                ],
                [
                    1043.4117647058824,
                    960.5490196078431
                ],
                [
                    1045.3725490196077,
                    931.1372549019608
                ],
                [
                    1021.8431372549019,
                    919.3725490196078
                ]
            ],
            "group_id": null,
            "shape_type": "polygon",
            "flags": {}
        },
        {
            "label": "chair",
            "points": [
                [
                    964.9803921568628,
                    1017.4117647058824
                ],
                [
                    963.0196078431372,
                    1093.8823529411764
                ],
                [
                    1029.686274509804,
                    1099.764705882353
                ],
                [
                    1043.4117647058824,
                    1076.235294117647
                ],
                [
                    1033.6078431372548,
                    1015.4509803921569
                ]
            ],
            "group_id": null,
            "shape_type": "polygon",
            "flags": {}
        },
        {
            "label": "chair",
            "points": [
                [
                    1055.1764705882354,
                    1033.0980392156862
                ],
                [
                    1061.0588235294117,
                    1101.7254901960785
                ],
                [
                    1119.8823529411764,
                    1105.6470588235295
                ],
                [
                    1151.2549019607843,
                    1117.4117647058824
                ],
                [
                    1161.0588235294117,
                    1174.2745098039215
                ],
                [
                    1170.862745098039,
                    1152.7058823529412
                ],
                [
                    1163.0196078431372,
                    1093.8823529411764
                ],
                [
                    1129.686274509804,
                    1084.078431372549
                ],
                [
                    1115.9607843137255,
                    1023.2941176470588
                ]
            ],
            "group_id": null,
            "shape_type": "polygon",
            "flags": {}
        },
        {
            "label": "chair",
            "points": [
                [
                    876.7450980392157,
                    1015.4509803921569
                ],
                [
                    876.7450980392157,
                    1091.921568627451
                ],
                [
                    933.6078431372549,
                    1095.8431372549019
                ],
                [
                    933.6078431372549,
                    1015.4509803921569
                ]
            ],
            "group_id": null,
            "shape_type": "polygon",
            "flags": {}
        },
        {
            "label": "chair",
            "points": [
                [
                    784.5882352941177,
                    1011.5294117647059
                ],
                [
                    774.7843137254902,
                    1054.6666666666667
                ],
                [
                    764.9803921568628,
                    1078.1960784313726
                ],
                [
                    786.5490196078431,
                    1089.9607843137255
                ],
                [
                    853.2156862745098,
                    1089.9607843137255
                ],
                [
                    851.2549019607843,
                    1038.9803921568628
                ],
                [
                    849.2941176470588,
                    1013.4901960784314
                ]
            ],
            "group_id": null,
            "shape_type": "polygon",
            "flags": {}
        },
        {
            "label": "person",
            "points": [
                [
                    33.6078431372549,
                    1415.450980392157
                ],
                [
                    92.43137254901961,
                    1401.7254901960785
                ],
                [
                    86.54901960784312,
                    1366.4313725490197
                ],
                [
                    68.90196078431373,
                    1348.7843137254902
                ],
                [
                    86.54901960784312,
                    1344.862745098039
                ],
                [
                    114.0,
                    1140.9411764705883
                ],
                [
                    147.33333333333334,
                    1164.4705882352941
                ],
                [
                    161.05882352941177,
                    1140.9411764705883
                ],
                [
                    143.41176470588235,
                    1037.0196078431372
                ],
                [
                    135.5686274509804,
                    909.5686274509803
                ],
                [
                    84.58823529411765,
                    899.7647058823529
                ],
                [
                    102.23529411764704,
                    880.156862745098
                ],
                [
                    94.39215686274508,
                    838.9803921568628
                ],
                [
                    39.49019607843137,
                    833.0980392156863
                ],
                [
                    19.882352941176464,
                    897.8039215686274
                ],
                [
                    19.882352941176464,
                    907.6078431372549
                ],
                [
                    4.196078431372541,
                    909.5686274509803
                ],
                [
                    0.27450980392156055,
                    1193.8823529411764
                ],
                [
                    25.764705882352942,
                    1325.2549019607843
                ],
                [
                    23.803921568627445,
                    1380.1568627450981
                ]
            ],
            "group_id": null,
            "shape_type": "polygon",
            "flags": {}
        },
        {
            "label": "chair",
            "points": [
                [
                    1233.6078431372548,
                    1011.5294117647059
                ],
                [
                    1263.0196078431372,
                    1003.6862745098039
                ],
                [
                    1298.313725490196,
                    1011.5294117647059
                ],
                [
                    1304.1960784313726,
                    1068.392156862745
                ],
                [
                    1337.5294117647059,
                    1080.1568627450981
                ],
                [
                    1319.8823529411764,
                    1095.8431372549019
                ],
                [
                    1308.1176470588234,
                    1119.3725490196077
                ],
                [
                    1304.1960784313726,
                    1146.8235294117646
                ],
                [
                    1292.4313725490197,
                    1101.7254901960785
                ],
                [
                    1264.9803921568628,
                    1082.1176470588234
                ],
                [
                    1243.4117647058824,
                    1076.235294117647
                ],
                [
                    1241.450980392157,
                    1033.0980392156862
                ]
            ],
            "group_id": null,
            "shape_type": "polygon",
            "flags": {}
        },
        {
            "label": "person",
            "points": [
                [
                    1257.1372549019607,
                    1011.5294117647059
                ],
                [
                    1249.2941176470588,
                    948.7843137254902
                ],
                [
                    1272.8235294117646,
                    929.1764705882352
                ],
                [
                    1308.1176470588234,
                    940.9411764705882
                ],
                [
                    1290.4705882352941,
                    976.2352941176471
                ],
                [
                    1325.764705882353,
                    1015.4509803921569
                ],
                [
                    1345.3725490196077,
                    1025.2549019607843
                ],
                [
                    1341.450980392157,
                    1078.1960784313726
                ],
                [
                    1304.1960784313726,
                    1068.392156862745
                ],
                [
                    1294.392156862745,
                    1003.6862745098039
                ]
            ],
            "group_id": null,
            "shape_type": "polygon",
            "flags": {}
        }
    ],
    "imagePath": "../../Canon1DsMkIII_PNG/Canon1DsMkIII_0211.PNG",
    "imageData": null,
    "imageHeight": 1876,
    "imageWidth": 2820
}