{
    "version": "4.5.6",
    "flags": {},
    "shapes": [
        {
            "label": "person",
            "points": [
                [
                    959.670781893004,
                    2111.5226337448557
                ],
                [
                    959.670781893004,
                    2119.341563786008
                ],
                [
                    962.551440329218,
                    2124.2798353909466
                ],
                [
                    957.201646090535,
                    2125.9259259259256
                ],
                [
                    951.8518518518517,
                    2129.2181069958847
                ],
                [
                    949.7942386831276,
                    2141.56378600823
                ],
                [
                    953.0864197530864,
                    2160.082304526749
                ],
                [
                    955.5555555555555,
                    2169.135802469136
                ],
                [
                    962.1399176954732,
                    2169.135802469136
                ],
                [
                    988.0658436213992,
                    2167.901234567901
                ],
                [
                    989.3004115226337,
                    2163.3744855967075
                ],
                [
                    982.3045267489712,
                    2155.555555555555
                ],
                [
                    977.7777777777777,
                    2145.679012345679
                ],
                [
                    976.1316872427983,
                    2136.213991769547
                ],
                [
                    972.8395061728395,
                    2131.275720164609
                ],
                [
                    967.4897119341563,
                    2126.7489711934154
                ],
                [
                    972.8395061728395,
                    2125.9259259259256
                ],
                [
                    973.6625514403291,
                    2117.6954732510285
                ],
                [
                    971.6049382716049,
                    2110.288065843621
                ],
                [
                    965.0205761316872,
                    2109.876543209876
                ]
            ],
            "group_id": null,
            "shape_type": "polygon",
            "flags": {}
        }
    ],
    "imagePath": "../../Canon1DsMkIII_PNG/Canon1DsMkIII_0242.PNG",
    "imageData": null,
    "imageHeight": 2820,
    "imageWidth": 1876
}