{
    "version": "4.5.6",
    "flags": {},
    "shapes": [
        {
            "label": "dining table",
            "points": [
                [
                    584.5882352941177,
                    556.6274509803922
                ],
                [
                    598.313725490196,
                    678.1960784313725
                ],
                [
                    653.2156862745098,
                    768.3921568627451
                ],
                [
                    951.2549019607843,
                    891.9215686274509
                ],
                [
                    1353.2156862745098,
                    946.8235294117646
                ],
                [
                    1359.0980392156862,
                    1538.9803921568628
                ],
                [
                    1415.9607843137255,
                    1576.235294117647
                ],
                [
                    1494.392156862745,
                    1562.5098039215686
                ],
                [
                    1517.921568627451,
                    1535.0588235294117
                ],
                [
                    1515.9607843137255,
                    940.9411764705882
                ],
                [
                    1864.9803921568628,
                    901.7254901960785
                ],
                [
                    2145.372549019608,
                    817.4117647058823
                ],
                [
                    2249.2941176470586,
                    725.2549019607843
                ],
                [
                    2288.5098039215686,
                    666.4313725490196
                ],
                [
                    2304.1960784313724,
                    537.0196078431372
                ],
                [
                    2264.9803921568628,
                    480.156862745098
                ],
                [
                    2151.254901960784,
                    401.7254901960784
                ],
                [
                    1939.4901960784314,
                    333.09803921568624
                ],
                [
                    1715.9607843137255,
                    293.88235294117646
                ],
                [
                    1198.313725490196,
                    291.921568627451
                ],
                [
                    904.1960784313725,
                    346.8235294117647
                ],
                [
                    690.4705882352941,
                    425.2549019607843
                ],
                [
                    643.4117647058823,
                    466.4313725490196
                ],
                [
                    590.4705882352941,
                    525.2549019607843
                ]
            ],
            "group_id": null,
            "shape_type": "polygon",
            "flags": {}
        },
        {
            "label": "bench",
            "points": [
                [
                    227.72549019607845,
                    299.7647058823529
                ],
                [
                    308.11764705882354,
                    646.8235294117646
                ],
                [
                    341.45098039215685,
                    762.5098039215686
                ],
                [
                    463.01960784313724,
                    799.7647058823529
                ],
                [
                    478.7058823529412,
                    854.6666666666666
                ],
                [
                    417.921568627451,
                    876.2352941176471
                ],
                [
                    435.56862745098033,
                    933.0980392156863
                ],
                [
                    461.0588235294117,
                    944.8627450980392
                ],
                [
                    655.1764705882352,
                    880.156862745098
                ],
                [
                    680.6666666666666,
                    1174.2745098039215
                ],
                [
                    725.7647058823529,
                    1166.4313725490197
                ],
                [
                    757.1372549019608,
                    1164.4705882352941
                ],
                [
                    735.5686274509803,
                    858.5882352941177
                ],
                [
                    780.6666666666666,
                    840.9411764705882
                ],
                [
                    657.1372549019608,
                    774.2745098039215
                ],
                [
                    598.313725490196,
                    676.2352941176471
                ],
                [
                    584.5882352941177,
                    552.7058823529412
                ],
                [
                    592.4313725490196,
                    523.2941176470588
                ],
                [
                    684.5882352941177,
                    421.3333333333333
                ],
                [
                    825.7647058823529,
                    374.27450980392155
                ],
                [
                    774.7843137254902,
                    178.19607843137254
                ]
            ],
            "group_id": null,
            "shape_type": "polygon",
            "flags": {}
        },
        {
            "label": "bench",
            "points": [
                [
                    2092.4313725490197,
                    156.62745098039215
                ],
                [
                    2041.450980392157,
                    358.5882352941176
                ],
                [
                    2151.254901960784,
                    405.6470588235294
                ],
                [
                    2264.9803921568628,
                    482.11764705882354
                ],
                [
                    2308.1176470588234,
                    533.0980392156863
                ],
                [
                    2286.549019607843,
                    666.4313725490196
                ],
                [
                    2247.3333333333335,
                    731.1372549019608
                ],
                [
                    2145.372549019608,
                    817.4117647058823
                ],
                [
                    2127.725490196078,
                    821.3333333333334
                ],
                [
                    2108.1176470588234,
                    1142.9019607843138
                ],
                [
                    2164.9803921568628,
                    1150.7450980392157
                ],
                [
                    2180.6666666666665,
                    1140.9411764705883
                ],
                [
                    2192.4313725490197,
                    846.8235294117646
                ],
                [
                    2388.5098039215686,
                    909.5686274509803
                ],
                [
                    2421.843137254902,
                    899.7647058823529
                ],
                [
                    2429.6862745098038,
                    862.5098039215686
                ],
                [
                    2417.921568627451,
                    838.9803921568628
                ],
                [
                    2382.627450980392,
                    823.2941176470588
                ],
                [
                    2386.549019607843,
                    795.843137254902
                ],
                [
                    2386.549019607843,
                    778.1960784313725
                ],
                [
                    2515.9607843137255,
                    717.4117647058823
                ],
                [
                    2527.725490196078,
                    684.0784313725491
                ],
                [
                    2541.450980392157,
                    660.5490196078431
                ],
                [
                    2639.4901960784314,
                    258.5882352941176
                ],
                [
                    2598.3137254901962,
                    248.78431372549016
                ]
            ],
            "group_id": null,
            "shape_type": "polygon",
            "flags": {}
        },
        {
            "label": "bench",
            "points": [
                [
                    2425.7647058823527,
                    1074.2745098039215
                ],
                [
                    1896.3529411764705,
                    1382.1176470588234
                ],
                [
                    1896.3529411764705,
                    1435.0588235294117
                ],
                [
                    2306.156862745098,
                    1666.4313725490197
                ],
                [
                    2312.0392156862745,
                    1701.7254901960785
                ],
                [
                    2314.0,
                    1713.4901960784314
                ],
                [
                    2315.9607843137255,
                    1738.9803921568628
                ],
                [
                    2349.2941176470586,
                    1742.9019607843136
                ],
                [
                    2282.627450980392,
                    1789.9607843137255
                ],
                [
                    2264.9803921568628,
                    1825.2549019607843
                ],
                [
                    2274.78431372549,
                    1872.313725490196
                ],
                [
                    2380.6666666666665,
                    1874.2745098039215
                ],
                [
                    2498.3137254901962,
                    1786.0392156862745
                ],
                [
                    2487,
                    1875
                ],
                [
                    2596,
                    1875
                ],
                [
                    2604.1960784313724,
                    1803.686274509804
                ],
                [
                    2633.607843137255,
                    1813.4901960784314
                ],
                [
                    2704.1960784313724,
                    1756.627450980392
                ],
                [
                    2731.6470588235293,
                    1699.764705882353
                ],
                [
                    2745.372549019608,
                    1650.7450980392157
                ],
                [
                    2817.921568627451,
                    1589.9607843137255
                ],
                [
                    2817.921568627451,
                    1180.1568627450981
                ],
                [
                    2798.3137254901962,
                    1182.1176470588234
                ],
                [
                    2768.901960784314,
                    1225.2549019607843
                ]
            ],
            "group_id": null,
            "shape_type": "polygon",
            "flags": {}
        },
        {
            "label": "bench",
            "points": [
                [
                    2.235294117647058,
                    1205.6470588235293
                ],
                [
                    27.725490196078425,
                    1217.4117647058824
                ],
                [
                    82.62745098039215,
                    1291.921568627451
                ],
                [
                    457.1372549019608,
                    1127.2156862745098
                ],
                [
                    970.8627450980391,
                    1403.686274509804
                ],
                [
                    978.7058823529412,
                    1458.5882352941176
                ],
                [
                    568.9019607843137,
                    1705.6470588235293
                ],
                [
                    566.9411764705882,
                    1727.2156862745098
                ],
                [
                    559.0980392156863,
                    1738.9803921568628
                ],
                [
                    566.9411764705882,
                    1758.5882352941176
                ],
                [
                    545.3725490196078,
                    1770.3529411764705
                ],
                [
                    596.3529411764706,
                    1807.6078431372548
                ],
                [
                    614.0,
                    1833.0980392156862
                ],
                [
                    614.0,
                    1872.313725490196
                ],
                [
                    474.78431372549016,
                    1874.2745098039215
                ],
                [
                    402.2352941176471,
                    1821.3333333333333
                ],
                [
                    394.3921568627451,
                    1813.4901960784314
                ],
                [
                    407,
                    1875
                ],
                [
                    292,
                    1875
                ],
                [
                    284.5882352941176,
                    1833.0980392156862
                ],
                [
                    249.29411764705884,
                    1846.8235294117646
                ],
                [
                    237.52941176470586,
                    1852.7058823529412
                ],
                [
                    168.90196078431373,
                    1799.764705882353
                ],
                [
                    157.13725490196077,
                    1786.0392156862745
                ],
                [
                    117.92156862745097,
                    1684.078431372549
                ],
                [
                    0,
                    1597
                ]
            ],
            "group_id": null,
            "shape_type": "polygon",
            "flags": {}
        }
    ],
    "imagePath": "../../Canon1DsMkIII_PNG/Canon1DsMkIII_0157.PNG",
    "imageData": null,
    "imageHeight": 1876,
    "imageWidth": 2820
}