{
    "version": "4.5.6",
    "flags": {},
    "shapes": [
        {
            "label": "chair",
            "points": [
                [
                    655.1764705882352,
                    1554.6666666666667
                ],
                [
                    664.9803921568628,
                    1646.8235294117646
                ],
                [
                    684.5882352941177,
                    1646.8235294117646
                ],
                [
                    694.3921568627451,
                    1642.9019607843136
                ],
                [
                    702.2352941176471,
                    1701.7254901960785
                ],
                [
                    723.8039215686274,
                    1709.5686274509803
                ],
                [
                    741.4509803921568,
                    1703.686274509804
                ],
                [
                    737.5294117647059,
                    1654.6666666666667
                ],
                [
                    755.1764705882352,
                    1646.8235294117646
                ],
                [
                    751.2549019607843,
                    1633.0980392156862
                ],
                [
                    863.0196078431372,
                    1617.4117647058824
                ],
                [
                    864.9803921568628,
                    1631.1372549019607
                ],
                [
                    888.5098039215686,
                    1621.3333333333333
                ],
                [
                    902.2352941176471,
                    1631.1372549019607
                ],
                [
                    908.1176470588235,
                    1682.1176470588234
                ],
                [
                    945.3725490196077,
                    1678.1960784313726
                ],
                [
                    937.5294117647059,
                    1554.6666666666667
                ]
            ],
            "group_id": null,
            "shape_type": "polygon",
            "flags": {}
        }
    ],
    "imagePath": "../../Canon1DsMkIII_PNG/Canon1DsMkIII_0224.PNG",
    "imageData": null,
    "imageHeight": 1876,
    "imageWidth": 2820
}