{
    "version": "4.5.6",
    "flags": {},
    "shapes": [
        {
            "label": "bench",
            "points": [
                [
                    55.76470588235293,
                    1210.470588235294
                ],
                [
                    126.3529411764705,
                    1783.9999999999998
                ],
                [
                    220.47058823529392,
                    1866.3529411764705
                ],
                [
                    270.4705882352939,
                    2007.5294117647056
                ],
                [
                    346.94117647058806,
                    2013.4117647058822
                ],
                [
                    349.88235294117635,
                    2066.3529411764703
                ],
                [
                    317.52941176470586,
                    2048.705882352941
                ],
                [
                    267.52941176470586,
                    2057.529411764706
                ],
                [
                    279.2941176470588,
                    2104.5882352941176
                ],
                [
                    464.58823529411757,
                    2336.9411764705883
                ],
                [
                    526.3529411764705,
                    2334.0
                ],
                [
                    526.3529411764705,
                    2298.705882352941
                ],
                [
                    435.17647058823513,
                    2192.8235294117644
                ],
                [
                    432.23529411764684,
                    2019.2941176470588
                ],
                [
                    1391.0588235294117,
                    1833.9999999999998
                ],
                [
                    1382.2352941176468,
                    1928.1176470588234
                ],
                [
                    1358.705882352941,
                    1916.3529411764705
                ],
                [
                    1341.0588235294117,
                    1975.1764705882351
                ],
                [
                    1341.0588235294117,
                    1995.7647058823527
                ],
                [
                    1511.6470588235293,
                    2119.2941176470586
                ],
                [
                    1579.2941176470586,
                    2095.7647058823527
                ],
                [
                    1579.2941176470586,
                    2060.470588235294
                ],
                [
                    1461.6470588235293,
                    1986.941176470588
                ],
                [
                    1464.5882352941176,
                    1792.8235294117646
                ],
                [
                    1788.1176470588234,
                    1733.9999999999998
                ],
                [
                    1779.2941176470586,
                    1669.2941176470588
                ],
                [
                    1752.8235294117644,
                    1628.1176470588234
                ],
                [
                    1699.8823529411761,
                    1586.941176470588
                ],
                [
                    1661.6470588235293,
                    1575.1764705882351
                ],
                [
                    1520.4705882352937,
                    1498.705882352941
                ],
                [
                    1494.0,
                    1363.4117647058822
                ],
                [
                    1496.9411764705878,
                    1295.764705882353
                ],
                [
                    1488.1176470588234,
                    1060.4705882352941
                ],
                [
                    111.64705882352928,
                    1181.0588235294117
                ]
            ],
            "group_id": null,
            "shape_type": "polygon",
            "flags": {}
        },
        {
            "label": "person",
            "points": [
                [
                    1629.2941176470586,
                    507.52941176470586
                ],
                [
                    1605.7647058823527,
                    548.7058823529411
                ],
                [
                    1602.8235294117644,
                    581.0588235294117
                ],
                [
                    1602.8235294117644,
                    622.235294117647
                ],
                [
                    1564.5882352941176,
                    634.0
                ],
                [
                    1541.0588235294117,
                    707.5294117647059
                ],
                [
                    1517.5294117647059,
                    722.235294117647
                ],
                [
                    1523.411764705882,
                    783.9999999999999
                ],
                [
                    1576.3529411764703,
                    798.7058823529411
                ],
                [
                    1644.0,
                    795.7647058823529
                ],
                [
                    1791.0588235294117,
                    810.470588235294
                ],
                [
                    1802.8235294117644,
                    731.0588235294117
                ],
                [
                    1791.0588235294117,
                    645.7647058823529
                ],
                [
                    1723.411764705882,
                    607.5294117647059
                ],
                [
                    1746.9411764705878,
                    554.5882352941176
                ],
                [
                    1732.2352941176468,
                    507.52941176470586
                ],
                [
                    1685.1764705882351,
                    489.8823529411764
                ]
            ],
            "group_id": null,
            "shape_type": "polygon",
            "flags": {}
        },
        {
            "label": "dining table",
            "points": [
                [
                    1335.1764705882351,
                    816.3529411764705
                ],
                [
                    1435.1764705882351,
                    842.8235294117646
                ],
                [
                    1546.9411764705878,
                    845.7647058823529
                ],
                [
                    1544.0,
                    954.5882352941176
                ],
                [
                    1570.4705882352937,
                    1031.0588235294117
                ],
                [
                    1576.3529411764703,
                    848.7058823529411
                ],
                [
                    1773.411764705882,
                    848.7058823529411
                ],
                [
                    1791.0588235294117,
                    831.0588235294117
                ],
                [
                    1705.7647058823527,
                    798.7058823529411
                ],
                [
                    1494.0,
                    786.9411764705882
                ],
                [
                    1402.8235294117644,
                    789.8823529411765
                ]
            ],
            "group_id": null,
            "shape_type": "polygon",
            "flags": {}
        },
        {
            "label": "chair",
            "points": [
                [
                    1738.1176470588234,
                    925.1764705882352
                ],
                [
                    1752.8235294117644,
                    1172.235294117647
                ],
                [
                    1749.8823529411761,
                    1257.5294117647059
                ],
                [
                    1794.0,
                    1313.4117647058822
                ],
                [
                    1873.411764705882,
                    1325.1764705882351
                ],
                [
                    1873.411764705882,
                    966.3529411764705
                ],
                [
                    1796.9411764705878,
                    957.5294117647059
                ]
            ],
            "group_id": null,
            "shape_type": "polygon",
            "flags": {}
        },
        {
            "label": "person",
            "points": [
                [
                    1464.5882352941176,
                    469.2941176470588
                ],
                [
                    1455.7647058823527,
                    531.0588235294117
                ],
                [
                    1399.8823529411761,
                    563.4117647058823
                ],
                [
                    1373.411764705882,
                    698.7058823529411
                ],
                [
                    1438.1176470588234,
                    728.1176470588234
                ],
                [
                    1470.4705882352941,
                    698.7058823529411
                ],
                [
                    1529.2941176470586,
                    695.7647058823529
                ],
                [
                    1552.8235294117644,
                    636.9411764705882
                ],
                [
                    1544.0,
                    578.1176470588235
                ],
                [
                    1552.8235294117644,
                    510.47058823529403
                ],
                [
                    1538.1176470588234,
                    469.2941176470588
                ],
                [
                    1502.8235294117644,
                    460.4705882352941
                ]
            ],
            "group_id": null,
            "shape_type": "polygon",
            "flags": {}
        },
        {
            "label": "person",
            "points": [
                [
                    1864.5882352941176,
                    789.8823529411765
                ],
                [
                    1802.8235294117644,
                    839.8823529411765
                ],
                [
                    1729.2941176470586,
                    916.3529411764705
                ],
                [
                    1726.3529411764703,
                    942.8235294117646
                ],
                [
                    1776.3529411764703,
                    925.1764705882352
                ],
                [
                    1814.5882352941176,
                    957.5294117647059
                ],
                [
                    1873.411764705882,
                    963.4117647058823
                ],
                [
                    1875.0,
                    920.0
                ],
                [
                    1875.0,
                    839.0
                ],
                [
                    1875.0,
                    786.0
                ]
            ],
            "group_id": null,
            "shape_type": "polygon",
            "flags": {}
        },
        {
            "label": "person",
            "points": [
                [
                    1017.5294117647059,
                    386.94117647058823
                ],
                [
                    1008.6419753086419,
                    392.59259259259255
                ],
                [
                    998.7654320987654,
                    408.641975308642
                ],
                [
                    999.9999999999999,
                    444.4444444444444
                ],
                [
                    1007.4074074074074,
                    474.074074074074
                ],
                [
                    1011.1111111111111,
                    480.2469135802469
                ],
                [
                    995.0617283950617,
                    491.35802469135797
                ],
                [
                    986.4197530864196,
                    503.7037037037037
                ],
                [
                    975.3086419753085,
                    554.3209876543209
                ],
                [
                    974.074074074074,
                    569.1358024691358
                ],
                [
                    961.7283950617283,
                    612.3456790123456
                ],
                [
                    964.1975308641975,
                    651.8518518518518
                ],
                [
                    971.6049382716049,
                    688.8888888888888
                ],
                [
                    998.7654320987654,
                    695.0617283950617
                ],
                [
                    1023.4567901234567,
                    628.395061728395
                ],
                [
                    1054.320987654321,
                    618.5185185185185
                ],
                [
                    1050.6172839506173,
                    588.8888888888888
                ],
                [
                    1067.9012345679012,
                    588.8888888888888
                ],
                [
                    1075.3086419753085,
                    546.9135802469135
                ],
                [
                    1088.888888888889,
                    509.8765432098765
                ],
                [
                    1111.111111111111,
                    485.18518518518516
                ],
                [
                    1103.7037037037037,
                    475.3086419753086
                ],
                [
                    1076.5432098765432,
                    464.1975308641975
                ],
                [
                    1061.7283950617284,
                    455.55555555555554
                ],
                [
                    1061.7283950617284,
                    433.3333333333333
                ],
                [
                    1061.7283950617284,
                    406.1728395061728
                ],
                [
                    1050.6172839506173,
                    395.0617283950617
                ],
                [
                    1035.8024691358023,
                    390.12345679012344
                ]
            ],
            "group_id": null,
            "shape_type": "polygon",
            "flags": {}
        },
        {
            "label": "person",
            "points": [
                [
                    948.148148148148,
                    433.3333333333333
                ],
                [
                    937.037037037037,
                    445.679012345679
                ],
                [
                    935.8024691358024,
                    461.72839506172835
                ],
                [
                    897.5308641975308,
                    482.716049382716
                ],
                [
                    891.358024691358,
                    507.4074074074074
                ],
                [
                    912.3456790123456,
                    518.5185185185185
                ],
                [
                    916.0493827160493,
                    532.0987654320987
                ],
                [
                    912.3456790123456,
                    520.9876543209876
                ],
                [
                    925.9259259259259,
                    537.037037037037
                ],
                [
                    939.5061728395061,
                    555.5555555555555
                ],
                [
                    948.148148148148,
                    559.2592592592592
                ],
                [
                    948.148148148148,
                    579.0123456790124
                ],
                [
                    970.3703703703703,
                    581.4814814814814
                ],
                [
                    974.074074074074,
                    565.4320987654321
                ],
                [
                    975.3086419753085,
                    550.6172839506172
                ],
                [
                    983.9506172839506,
                    501.2345679012345
                ],
                [
                    997.5308641975308,
                    490.12345679012344
                ],
                [
                    985.1851851851851,
                    479.0123456790123
                ],
                [
                    991.358024691358,
                    462.96296296296293
                ],
                [
                    986.4197530864196,
                    438.2716049382716
                ],
                [
                    971.6049382716049,
                    428.39506172839504
                ]
            ],
            "group_id": null,
            "shape_type": "polygon",
            "flags": {}
        },
        {
            "label": "person",
            "points": [
                [
                    1709.2539682539682,
                    500.0
                ],
                [
                    1718.7777777777778,
                    477.77777777777777
                ],
                [
                    1763.2222222222222,
                    463.4920634920635
                ],
                [
                    1790.2063492063494,
                    477.77777777777777
                ],
                [
                    1801.3174603174602,
                    520.6349206349206
                ],
                [
                    1799.7301587301586,
                    542.8571428571429
                ],
                [
                    1829.8888888888887,
                    569.8412698412699
                ],
                [
                    1848.936507936508,
                    601.5873015873016
                ],
                [
                    1850.5238095238096,
                    631.7460317460317
                ],
                [
                    1825.126984126984,
                    676.1904761904761
                ],
                [
                    1807.6666666666665,
                    687.3015873015873
                ],
                [
                    1796.5555555555557,
                    684.1269841269841
                ],
                [
                    1790.2063492063494,
                    646.031746031746
                ],
                [
                    1723.5396825396824,
                    606.3492063492064
                ],
                [
                    1748.936507936508,
                    557.1428571428571
                ],
                [
                    1734.6507936507937,
                    504.76190476190476
                ]
            ],
            "group_id": null,
            "shape_type": "polygon",
            "flags": {}
        },
        {
            "label": "potted plant",
            "points": [
                [
                    4.111111111111086,
                    1080.5555555555557
                ],
                [
                    29.111111111111086,
                    1152.7777777777778
                ],
                [
                    4.111111111111086,
                    1202.7777777777778
                ],
                [
                    6.888888888888914,
                    1319.4444444444446
                ],
                [
                    54.111111111111086,
                    1325.0
                ],
                [
                    54.111111111111086,
                    1211.111111111111
                ],
                [
                    115.22222222222217,
                    1172.2222222222222
                ],
                [
                    148.55555555555566,
                    1158.3333333333335
                ],
                [
                    151.33333333333348,
                    1125.0
                ],
                [
                    254.1111111111111,
                    1086.111111111111
                ],
                [
                    387.44444444444457,
                    1080.5555555555557
                ],
                [
                    484.66666666666674,
                    1058.3333333333335
                ],
                [
                    581.8888888888889,
                    1033.3333333333335
                ],
                [
                    698.5555555555557,
                    997.2222222222223
                ],
                [
                    862.4444444444446,
                    916.6666666666667
                ],
                [
                    965.2222222222222,
                    847.2222222222223
                ],
                [
                    1051.3333333333335,
                    827.7777777777778
                ],
                [
                    1015.2222222222222,
                    761.1111111111111
                ],
                [
                    934.666666666667,
                    686.1111111111111
                ],
                [
                    870.7777777777778,
                    672.2222222222223
                ],
                [
                    931.8888888888891,
                    611.1111111111111
                ],
                [
                    948.5555555555557,
                    586.1111111111111
                ],
                [
                    898.5555555555557,
                    513.8888888888889
                ],
                [
                    868.0,
                    486.11111111111114
                ],
                [
                    895.7777777777778,
                    452.77777777777777
                ],
                [
                    970.7777777777778,
                    361.11111111111114
                ],
                [
                    906.8888888888891,
                    347.22222222222223
                ],
                [
                    834.6666666666667,
                    366.6666666666667
                ],
                [
                    754.1111111111111,
                    377.77777777777777
                ],
                [
                    723.5555555555557,
                    386.11111111111114
                ],
                [
                    715.2222222222224,
                    369.44444444444446
                ],
                [
                    776.3333333333335,
                    330.55555555555554
                ],
                [
                    798.5555555555557,
                    291.6666666666667
                ],
                [
                    798.5555555555557,
                    241.66666666666669
                ],
                [
                    748.5555555555557,
                    188.88888888888889
                ],
                [
                    868.0,
                    166.66666666666669
                ],
                [
                    934.666666666667,
                    130.55555555555557
                ],
                [
                    962.4444444444443,
                    105.55555555555556
                ],
                [
                    943.0,
                    50.0
                ],
                [
                    923.5555555555557,
                    16.666666666666668
                ],
                [
                    815.2222222222224,
                    11.11111111111111
                ],
                [
                    806.8888888888889,
                    0.0
                ],
                [
                    1.333333333333485,
                    0.0
                ]
            ],
            "group_id": null,
            "shape_type": "polygon",
            "flags": {}
        },
        {
            "label": "chair",
            "points": [
                [
                    572.873417721519,
                    1658.2278481012656
                ],
                [
                    576.6708860759493,
                    1715.1898734177214
                ],
                [
                    583.0,
                    1737.9746835443036
                ],
                [
                    601.9873417721519,
                    1736.7088607594935
                ],
                [
                    601.9873417721519,
                    1711.392405063291
                ],
                [
                    603.253164556962,
                    1703.7974683544303
                ],
                [
                    689.3291139240506,
                    1697.4683544303796
                ],
                [
                    690.5949367088607,
                    1705.0632911392404
                ],
                [
                    695.6582278481012,
                    1730.379746835443
                ],
                [
                    715.9113924050632,
                    1727.8481012658226
                ],
                [
                    713.379746835443,
                    1658.2278481012656
                ]
            ],
            "group_id": null,
            "shape_type": "polygon",
            "flags": {}
        },
        {
            "label": "cup",
            "points": [
                [
                    1654.258064516129,
                    738.7096774193549
                ],
                [
                    1651.032258064516,
                    809.6774193548387
                ],
                [
                    1672.0,
                    817.741935483871
                ],
                [
                    1697.8064516129032,
                    811.2903225806451
                ],
                [
                    1704.258064516129,
                    735.483870967742
                ],
                [
                    1672.0,
                    732.258064516129
                ]
            ],
            "group_id": null,
            "shape_type": "polygon",
            "flags": {}
        }
    ],
    "imagePath": "../../Canon1DsMkIII_PNG/Canon1DsMkIII_0124.PNG",
    "imageData": null,
    "imageHeight": 2820,
    "imageWidth": 1876
}