{
    "version": "4.5.6",
    "flags": {},
    "shapes": [
        {
            "label": "person",
            "points": [
                [
                    1176.7241379310346,
                    955.1724137931035
                ],
                [
                    1194.8275862068967,
                    996.5517241379312
                ],
                [
                    1150.0,
                    1014.6551724137931
                ],
                [
                    1134.4827586206898,
                    1056.896551724138
                ],
                [
                    1125.0,
                    1074.1379310344828
                ],
                [
                    1132.7586206896553,
                    1079.3103448275863
                ],
                [
                    1119.8275862068967,
                    1138.793103448276
                ],
                [
                    1112.0689655172414,
                    1187.0689655172414
                ],
                [
                    1133.6206896551726,
                    1211.2068965517242
                ],
                [
                    1161.2068965517242,
                    1180.1724137931035
                ],
                [
                    1162.9310344827586,
                    1235.344827586207
                ],
                [
                    1171.5517241379312,
                    1275.8620689655174
                ],
                [
                    1174.1379310344828,
                    1312.0689655172414
                ],
                [
                    1205.1724137931035,
                    1301.7241379310346
                ],
                [
                    1232.7586206896553,
                    1312.0689655172414
                ],
                [
                    1243.103448275862,
                    1273.2758620689656
                ],
                [
                    1256.0344827586207,
                    1225.8620689655174
                ],
                [
                    1265.5172413793105,
                    1190.5172413793105
                ],
                [
                    1262.0689655172414,
                    1128.448275862069
                ],
                [
                    1258.6206896551726,
                    1111.2068965517242
                ],
                [
                    1263.793103448276,
                    1092.2413793103449
                ],
                [
                    1270.689655172414,
                    1118.103448275862
                ],
                [
                    1284.4827586206898,
                    1156.896551724138
                ],
                [
                    1293.9655172413793,
                    1169.8275862068967
                ],
                [
                    1292.2413793103449,
                    1212.0689655172414
                ],
                [
                    1297.4137931034484,
                    1226.7241379310346
                ],
                [
                    1311.2068965517242,
                    1198.2758620689656
                ],
                [
                    1305.1724137931035,
                    1165.5172413793105
                ],
                [
                    1301.7241379310346,
                    1135.344827586207
                ],
                [
                    1296.5517241379312,
                    1095.689655172414
                ],
                [
                    1293.9655172413793,
                    1071.5517241379312
                ],
                [
                    1281.0344827586207,
                    1031.0344827586207
                ],
                [
                    1270.689655172414,
                    1008.6206896551724
                ],
                [
                    1240.5172413793105,
                    998.2758620689656
                ],
                [
                    1247.4137931034484,
                    979.3103448275863
                ],
                [
                    1242.2413793103449,
                    940.5172413793105
                ],
                [
                    1225.8620689655174,
                    924.1379310344828
                ],
                [
                    1206.0344827586207,
                    923.2758620689656
                ],
                [
                    1186.2068965517242,
                    937.9310344827587
                ]
            ],
            "group_id": null,
            "shape_type": "polygon",
            "flags": {}
        },
        {
            "label": "person",
            "points": [
                [
                    2135.344827586207,
                    869.8275862068966
                ],
                [
                    2122.4137931034484,
                    893.9655172413794
                ],
                [
                    2125.862068965517,
                    912.9310344827587
                ],
                [
                    2122.4137931034484,
                    931.896551724138
                ],
                [
                    2114.655172413793,
                    940.5172413793105
                ],
                [
                    2063.793103448276,
                    956.0344827586208
                ],
                [
                    2049.137931034483,
                    980.1724137931035
                ],
                [
                    2048.2758620689656,
                    1005.1724137931035
                ],
                [
                    2035.344827586207,
                    1055.1724137931035
                ],
                [
                    2046.5517241379312,
                    1071.5517241379312
                ],
                [
                    2083.6206896551726,
                    1058.6206896551726
                ],
                [
                    2068.1034482758623,
                    1118.9655172413793
                ],
                [
                    2070.689655172414,
                    1143.103448275862
                ],
                [
                    2075.862068965517,
                    1162.0689655172414
                ],
                [
                    2084.4827586206898,
                    1208.6206896551726
                ],
                [
                    2084.4827586206898,
                    1249.1379310344828
                ],
                [
                    2082.7586206896553,
                    1327.5862068965519
                ],
                [
                    2094.8275862068967,
                    1401.7241379310346
                ],
                [
                    2088.793103448276,
                    1419.8275862068967
                ],
                [
                    2145.689655172414,
                    1430.1724137931035
                ],
                [
                    2125.0,
                    1393.103448275862
                ],
                [
                    2123.2758620689656,
                    1318.103448275862
                ],
                [
                    2127.586206896552,
                    1284.4827586206898
                ],
                [
                    2138.793103448276,
                    1202.5862068965519
                ],
                [
                    2151.7241379310344,
                    1225.0
                ],
                [
                    2150.0,
                    1313.793103448276
                ],
                [
                    2159.4827586206898,
                    1390.5172413793105
                ],
                [
                    2164.6551724137935,
                    1421.5517241379312
                ],
                [
                    2182.7586206896553,
                    1437.9310344827588
                ],
                [
                    2185.344827586207,
                    1155.1724137931035
                ],
                [
                    2193.9655172413795,
                    1151.7241379310346
                ],
                [
                    2193.9655172413795,
                    1127.5862068965519
                ],
                [
                    2181.896551724138,
                    1093.103448275862
                ],
                [
                    2184.4827586206898,
                    1069.8275862068965
                ],
                [
                    2197.4137931034484,
                    1078.448275862069
                ],
                [
                    2212.9310344827586,
                    1070.689655172414
                ],
                [
                    2215.5172413793107,
                    1054.3103448275863
                ],
                [
                    2217.241379310345,
                    1029.3103448275863
                ],
                [
                    2213.793103448276,
                    1008.6206896551724
                ],
                [
                    2211.206896551724,
                    976.7241379310345
                ],
                [
                    2205.1724137931037,
                    962.0689655172414
                ],
                [
                    2175.862068965517,
                    947.4137931034484
                ],
                [
                    2181.896551724138,
                    928.4482758620691
                ],
                [
                    2193.9655172413795,
                    918.1034482758621
                ],
                [
                    2197.4137931034484,
                    898.2758620689656
                ],
                [
                    2203.4482758620693,
                    881.896551724138
                ],
                [
                    2190.5172413793107,
                    850.8620689655173
                ],
                [
                    2166.379310344828,
                    850.8620689655173
                ],
                [
                    2144.8275862068967,
                    855.1724137931035
                ]
            ],
            "group_id": null,
            "shape_type": "polygon",
            "flags": {}
        },
        {
            "label": "dining table",
            "points": [
                [
                    17.24137931034483,
                    1160.344827586207
                ],
                [
                    17.24137931034483,
                    1429.3103448275863
                ],
                [
                    45.689655172413794,
                    1421.5517241379312
                ],
                [
                    49.13793103448276,
                    1390.5172413793105
                ],
                [
                    243.96551724137933,
                    1387.9310344827586
                ],
                [
                    244.82758620689657,
                    1425.8620689655174
                ],
                [
                    268.9655172413793,
                    1427.5862068965519
                ],
                [
                    275.86206896551727,
                    1344.8275862068967
                ],
                [
                    321.55172413793105,
                    1348.2758620689656
                ],
                [
                    326.7241379310345,
                    1387.9310344827586
                ],
                [
                    343.96551724137936,
                    1383.6206896551726
                ],
                [
                    347.4137931034483,
                    1138.793103448276
                ],
                [
                    123.27586206896552,
                    1130.1724137931035
                ]
            ],
            "group_id": null,
            "shape_type": "polygon",
            "flags": {}
        },
        {
            "label": "potted plant",
            "points": [
                [
                    1149.1379310344828,
                    1625.8620689655174
                ],
                [
                    1154.3103448275863,
                    1726.7241379310346
                ],
                [
                    1153.448275862069,
                    1835.344827586207
                ],
                [
                    1162.0689655172414,
                    1859.4827586206898
                ],
                [
                    1168.9655172413793,
                    1698.2758620689656
                ],
                [
                    1206.896551724138,
                    1675.0000000000002
                ],
                [
                    1391.3793103448277,
                    1660.344827586207
                ],
                [
                    1456.8965517241381,
                    1673.2758620689656
                ],
                [
                    1471.5517241379312,
                    1677.5862068965519
                ],
                [
                    1471.5517241379312,
                    1632.7586206896553
                ],
                [
                    1468.103448275862,
                    1625.0
                ],
                [
                    1443.9655172413793,
                    1607.7586206896553
                ],
                [
                    1383.6206896551726,
                    1592.2413793103449
                ],
                [
                    1358.6206896551726,
                    1589.6551724137933
                ],
                [
                    1402.5862068965519,
                    1575.8620689655174
                ],
                [
                    1405.1724137931035,
                    1561.2068965517242
                ],
                [
                    1433.6206896551726,
                    1566.3793103448277
                ],
                [
                    1472.4137931034484,
                    1585.344827586207
                ],
                [
                    1482.7586206896553,
                    1618.9655172413795
                ],
                [
                    1491.3793103448277,
                    1610.344827586207
                ],
                [
                    1485.344827586207,
                    1575.0
                ],
                [
                    1473.2758620689656,
                    1550.8620689655174
                ],
                [
                    1431.8965517241381,
                    1543.103448275862
                ],
                [
                    1398.2758620689656,
                    1546.5517241379312
                ],
                [
                    1402.5862068965519,
                    1524.1379310344828
                ],
                [
                    1409.4827586206898,
                    1504.3103448275863
                ],
                [
                    1454.3103448275863,
                    1487.0689655172414
                ],
                [
                    1469.8275862068967,
                    1500.0
                ],
                [
                    1479.3103448275863,
                    1525.0
                ],
                [
                    1498.2758620689656,
                    1532.7586206896553
                ],
                [
                    1511.2068965517242,
                    1527.5862068965519
                ],
                [
                    1505.1724137931035,
                    1580.1724137931035
                ],
                [
                    1522.4137931034484,
                    1585.344827586207
                ],
                [
                    1523.2758620689656,
                    1542.2413793103449
                ],
                [
                    1518.103448275862,
                    1510.344827586207
                ],
                [
                    1513.793103448276,
                    1486.2068965517242
                ],
                [
                    1552.5862068965519,
                    1501.7241379310346
                ],
                [
                    1580.1724137931035,
                    1529.3103448275863
                ],
                [
                    1592.2413793103449,
                    1519.8275862068967
                ],
                [
                    1574.1379310344828,
                    1500.0
                ],
                [
                    1537.0689655172414,
                    1477.5862068965519
                ],
                [
                    1513.793103448276,
                    1465.5172413793105
                ],
                [
                    1484.4827586206898,
                    1414.6551724137933
                ],
                [
                    1468.103448275862,
                    1404.3103448275863
                ],
                [
                    1490.5172413793105,
                    1405.1724137931035
                ],
                [
                    1514.6551724137933,
                    1433.6206896551726
                ],
                [
                    1532.7586206896553,
                    1456.0344827586207
                ],
                [
                    1533.6206896551726,
                    1425.8620689655174
                ],
                [
                    1514.6551724137933,
                    1394.8275862068967
                ],
                [
                    1483.6206896551726,
                    1387.9310344827586
                ],
                [
                    1461.2068965517242,
                    1387.9310344827586
                ],
                [
                    1415.5172413793105,
                    1388.793103448276
                ],
                [
                    1440.5172413793105,
                    1365.5172413793105
                ],
                [
                    1474.1379310344828,
                    1344.8275862068967
                ],
                [
                    1511.2068965517242,
                    1345.689655172414
                ],
                [
                    1548.2758620689656,
                    1362.9310344827586
                ],
                [
                    1583.6206896551726,
                    1387.9310344827586
                ],
                [
                    1610.344827586207,
                    1415.5172413793105
                ],
                [
                    1631.0344827586207,
                    1416.3793103448277
                ],
                [
                    1617.2413793103449,
                    1378.448275862069
                ],
                [
                    1591.3793103448277,
                    1351.7241379310346
                ],
                [
                    1543.9655172413795,
                    1323.2758620689656
                ],
                [
                    1497.4137931034484,
                    1317.2413793103449
                ],
                [
                    1450.8620689655174,
                    1325.0
                ],
                [
                    1406.8965517241381,
                    1351.7241379310346
                ],
                [
                    1384.4827586206898,
                    1387.9310344827586
                ],
                [
                    1357.7586206896553,
                    1413.793103448276
                ],
                [
                    1332.7586206896553,
                    1477.5862068965519
                ],
                [
                    1365.5172413793105,
                    1384.4827586206898
                ],
                [
                    1387.9310344827586,
                    1323.2758620689656
                ],
                [
                    1415.5172413793105,
                    1321.5517241379312
                ],
                [
                    1429.3103448275863,
                    1312.9310344827586
                ],
                [
                    1417.2413793103449,
                    1281.0344827586207
                ],
                [
                    1392.2413793103449,
                    1287.0689655172414
                ],
                [
                    1424.1379310344828,
                    1228.448275862069
                ],
                [
                    1436.2068965517242,
                    1192.2413793103449
                ],
                [
                    1431.0344827586207,
                    1159.4827586206898
                ],
                [
                    1401.7241379310346,
                    1180.1724137931035
                ],
                [
                    1377.5862068965519,
                    1181.896551724138
                ],
                [
                    1360.344827586207,
                    1206.896551724138
                ],
                [
                    1344.8275862068967,
                    1262.0689655172414
                ],
                [
                    1333.6206896551726,
                    1292.2413793103449
                ],
                [
                    1300.0,
                    1349.1379310344828
                ],
                [
                    1302.5862068965519,
                    1279.3103448275863
                ],
                [
                    1293.9655172413793,
                    1212.0689655172414
                ],
                [
                    1281.0344827586207,
                    1203.448275862069
                ],
                [
                    1270.689655172414,
                    1225.8620689655174
                ],
                [
                    1265.5172413793105,
                    1243.103448275862
                ],
                [
                    1256.0344827586207,
                    1208.6206896551726
                ],
                [
                    1233.6206896551726,
                    1197.4137931034484
                ],
                [
                    1231.896551724138,
                    1228.448275862069
                ],
                [
                    1247.4137931034484,
                    1275.8620689655174
                ],
                [
                    1262.0689655172414,
                    1333.6206896551726
                ],
                [
                    1250.8620689655174,
                    1328.448275862069
                ],
                [
                    1229.3103448275863,
                    1295.689655172414
                ],
                [
                    1193.9655172413793,
                    1200.0
                ],
                [
                    1159.4827586206898,
                    1165.5172413793105
                ],
                [
                    1139.6551724137933,
                    1152.5862068965519
                ],
                [
                    1138.793103448276,
                    1185.344827586207
                ],
                [
                    1142.2413793103449,
                    1225.0
                ],
                [
                    1166.3793103448277,
                    1256.0344827586207
                ],
                [
                    1192.2413793103449,
                    1290.5172413793105
                ],
                [
                    1196.5517241379312,
                    1306.0344827586207
                ],
                [
                    1217.2413793103449,
                    1335.344827586207
                ],
                [
                    1189.6551724137933,
                    1309.4827586206898
                ],
                [
                    1163.793103448276,
                    1306.896551724138
                ],
                [
                    1149.1379310344828,
                    1322.4137931034484
                ],
                [
                    1147.4137931034484,
                    1347.4137931034484
                ],
                [
                    1147.4137931034484,
                    1365.5172413793105
                ],
                [
                    1173.2758620689656,
                    1331.0344827586207
                ],
                [
                    1173.2758620689656,
                    1352.5862068965519
                ],
                [
                    1159.4827586206898,
                    1375.0
                ],
                [
                    1130.1724137931035,
                    1371.5517241379312
                ],
                [
                    1076.7241379310346,
                    1387.0689655172414
                ],
                [
                    1031.0344827586207,
                    1425.0
                ],
                [
                    1008.6206896551724,
                    1454.3103448275863
                ],
                [
                    1012.0689655172414,
                    1488.793103448276
                ],
                [
                    1025.0,
                    1478.448275862069
                ],
                [
                    1035.344827586207,
                    1443.103448275862
                ],
                [
                    1089.6551724137933,
                    1403.448275862069
                ],
                [
                    1136.2068965517242,
                    1391.3793103448277
                ],
                [
                    1150.0,
                    1396.5517241379312
                ],
                [
                    1130.1724137931035,
                    1424.1379310344828
                ],
                [
                    1106.0344827586207,
                    1415.5172413793105
                ],
                [
                    1084.4827586206898,
                    1420.689655172414
                ],
                [
                    1072.4137931034484,
                    1421.5517241379312
                ],
                [
                    1080.1724137931035,
                    1443.9655172413793
                ],
                [
                    1103.448275862069,
                    1456.0344827586207
                ],
                [
                    1123.2758620689656,
                    1449.1379310344828
                ],
                [
                    1107.7586206896553,
                    1473.2758620689656
                ],
                [
                    1103.448275862069,
                    1505.1724137931035
                ],
                [
                    1093.103448275862,
                    1512.9310344827588
                ],
                [
                    1074.1379310344828,
                    1538.793103448276
                ],
                [
                    1072.4137931034484,
                    1553.448275862069
                ],
                [
                    1104.3103448275863,
                    1543.9655172413795
                ],
                [
                    1102.5862068965519,
                    1562.9310344827588
                ],
                [
                    1113.793103448276,
                    1550.0
                ],
                [
                    1114.6551724137933,
                    1565.5172413793105
                ],
                [
                    1135.344827586207,
                    1559.4827586206898
                ],
                [
                    1157.7586206896553,
                    1536.2068965517242
                ],
                [
                    1173.2758620689656,
                    1524.1379310344828
                ],
                [
                    1200.0,
                    1543.103448275862
                ],
                [
                    1182.7586206896553,
                    1546.5517241379312
                ],
                [
                    1182.7586206896553,
                    1581.0344827586207
                ],
                [
                    1195.689655172414,
                    1600.0
                ],
                [
                    1214.6551724137933,
                    1560.344827586207
                ],
                [
                    1227.5862068965519,
                    1564.6551724137933
                ],
                [
                    1256.0344827586207,
                    1592.2413793103449
                ],
                [
                    1228.448275862069,
                    1587.9310344827588
                ],
                [
                    1211.2068965517242,
                    1594.8275862068967
                ],
                [
                    1204.3103448275863,
                    1606.0344827586207
                ],
                [
                    1161.2068965517242,
                    1613.793103448276
                ]
            ],
            "group_id": null,
            "shape_type": "polygon",
            "flags": {}
        },
        {
            "label": "potted plant",
            "points": [
                [
                    1273.4693877551022,
                    941.4965986394558
                ],
                [
                    1261.904761904762,
                    965.3061224489796
                ],
                [
                    1254.4217687074831,
                    964.625850340136
                ],
                [
                    1246.938775510204,
                    982.3129251700681
                ],
                [
                    1239.4557823129253,
                    995.2380952380953
                ],
                [
                    1276.1904761904761,
                    1012.2448979591837
                ],
                [
                    1282.9931972789116,
                    1036.734693877551
                ],
                [
                    1291.8367346938776,
                    1072.108843537415
                ],
                [
                    1297.2789115646258,
                    1097.2789115646258
                ],
                [
                    1297.9591836734694,
                    1127.2108843537414
                ],
                [
                    1325.8503401360545,
                    1110.8843537414966
                ],
                [
                    1329.9319727891157,
                    1050.3401360544217
                ],
                [
                    1318.3673469387754,
                    1036.734693877551
                ],
                [
                    1313.6054421768708,
                    1021.0884353741496
                ],
                [
                    1327.2108843537414,
                    1019.7278911564626
                ],
                [
                    1329.251700680272,
                    1010.8843537414966
                ],
                [
                    1346.938775510204,
                    1011.5646258503401
                ],
                [
                    1348.299319727891,
                    1000.6802721088436
                ],
                [
                    1333.3333333333333,
                    995.2380952380953
                ],
                [
                    1323.1292517006802,
                    990.4761904761905
                ],
                [
                    1306.1224489795918,
                    980.952380952381
                ],
                [
                    1316.3265306122448,
                    964.625850340136
                ],
                [
                    1335.3741496598639,
                    945.578231292517
                ],
                [
                    1338.7755102040817,
                    936.0544217687075
                ],
                [
                    1323.1292517006802,
                    941.4965986394558
                ],
                [
                    1299.3197278911564,
                    966.6666666666666
                ],
                [
                    1286.3945578231292,
                    979.5918367346939
                ],
                [
                    1290.4761904761906,
                    954.421768707483
                ]
            ],
            "group_id": null,
            "shape_type": "polygon",
            "flags": {}
        },
        {
            "label": "potted plant",
            "points": [
                [
                    1296.5986394557824,
                    927.8911564625851
                ],
                [
                    1296.5986394557824,
                    939.4557823129252
                ],
                [
                    1290.4761904761906,
                    953.0612244897959
                ],
                [
                    1284.3537414965986,
                    980.952380952381
                ],
                [
                    1295.2380952380952,
                    968.0272108843537
                ],
                [
                    1321.0884353741496,
                    940.8163265306123
                ],
                [
                    1337.4149659863947,
                    936.7346938775511
                ],
                [
                    1360.544217687075,
                    942.8571428571429
                ],
                [
                    1353.7414965986395,
                    927.8911564625851
                ],
                [
                    1338.095238095238,
                    921.7687074829932
                ],
                [
                    1329.9319727891157,
                    919.7278911564626
                ],
                [
                    1331.9727891156463,
                    906.1224489795918
                ],
                [
                    1344.2176870748299,
                    889.795918367347
                ],
                [
                    1360.544217687075,
                    890.4761904761905
                ],
                [
                    1364.6258503401361,
                    882.3129251700681
                ],
                [
                    1354.4217687074831,
                    869.3877551020408
                ],
                [
                    1358.5034013605443,
                    855.1020408163265
                ],
                [
                    1370.0680272108843,
                    839.4557823129252
                ],
                [
                    1365.3061224489795,
                    819.047619047619
                ],
                [
                    1351.700680272109,
                    803.4013605442177
                ],
                [
                    1340.1360544217687,
                    813.6054421768707
                ],
                [
                    1334.6938775510205,
                    800.0
                ],
                [
                    1336.0544217687075,
                    776.8707482993198
                ],
                [
                    1315.6462585034014,
                    774.1496598639455
                ],
                [
                    1306.1224489795918,
                    784.3537414965987
                ],
                [
                    1308.1632653061224,
                    800.6802721088435
                ],
                [
                    1302.0408163265306,
                    811.5646258503401
                ],
                [
                    1319.7278911564626,
                    812.2448979591837
                ],
                [
                    1319.7278911564626,
                    823.1292517006802
                ],
                [
                    1293.8775510204082,
                    843.5374149659864
                ],
                [
                    1306.1224489795918,
                    853.0612244897959
                ],
                [
                    1305.4421768707484,
                    874.8299319727892
                ],
                [
                    1316.3265306122448,
                    888.4353741496599
                ],
                [
                    1322.4489795918369,
                    901.3605442176871
                ],
                [
                    1319.7278911564626,
                    919.047619047619
                ],
                [
                    1308.843537414966,
                    924.4897959183673
                ],
                [
                    1300.0,
                    921.0884353741496
                ]
            ],
            "group_id": null,
            "shape_type": "polygon",
            "flags": {}
        },
        {
            "label": "person",
            "points": [
                [
                    863.8554216867469,
                    883.734939759036
                ],
                [
                    859.0361445783132,
                    892.1686746987951
                ],
                [
                    859.6385542168674,
                    901.8072289156626
                ],
                [
                    854.2168674698794,
                    909.0361445783132
                ],
                [
                    851.2048192771084,
                    931.9277108433735
                ],
                [
                    862.6506024096385,
                    936.144578313253
                ],
                [
                    883.1325301204819,
                    931.9277108433735
                ],
                [
                    883.734939759036,
                    909.6385542168674
                ],
                [
                    887.9518072289156,
                    889.7590361445782
                ],
                [
                    881.3253012048192,
                    884.3373493975903
                ]
            ],
            "group_id": null,
            "shape_type": "polygon",
            "flags": {}
        }
    ],
    "imagePath": "../../Canon1DsMkIII_PNG/Canon1DsMkIII_0069.PNG",
    "imageData": null,
    "imageHeight": 1876,
    "imageWidth": 2820
}