{
    "version": "4.5.6",
    "flags": {},
    "shapes": [
        {
            "label": "bus",
            "points": [
                [
                    1172.463768115942,
                    1676.086956521739
                ],
                [
                    1173.9130434782608,
                    1699.9999999999998
                ],
                [
                    1244.2028985507245,
                    1695.6521739130433
                ],
                [
                    1245.6521739130433,
                    1682.6086956521738
                ],
                [
                    1286.231884057971,
                    1679.710144927536
                ],
                [
                    1281.159420289855,
                    1673.9130434782608
                ],
                [
                    1187.6811594202898,
                    1673.1884057971013
                ]
            ],
            "group_id": null,
            "shape_type": "polygon",
            "flags": {}
        },
        {
            "label": "bus",
            "points": [
                [
                    1244.2028985507245,
                    1682.6086956521738
                ],
                [
                    1242.7536231884058,
                    1694.927536231884
                ],
                [
                    1252.8985507246375,
                    1693.478260869565
                ],
                [
                    1266.6666666666665,
                    1697.8260869565215
                ],
                [
                    1277.5362318840578,
                    1701.4492753623188
                ],
                [
                    1328.9855072463768,
                    1700.7246376811593
                ],
                [
                    1326.8115942028985,
                    1690.5797101449275
                ],
                [
                    1322.463768115942,
                    1681.8840579710143
                ],
                [
                    1297.8260869565215,
                    1679.710144927536
                ],
                [
                    1284.782608695652,
                    1678.9855072463768
                ],
                [
                    1251.4492753623188,
                    1680.4347826086955
                ]
            ],
            "group_id": null,
            "shape_type": "polygon",
            "flags": {}
        },
        {
            "label": "car",
            "points": [
                [
                    1230.4347826086955,
                    1700.7246376811593
                ],
                [
                    1267.391304347826,
                    1700.7246376811593
                ],
                [
                    1259.4202898550723,
                    1695.6521739130433
                ],
                [
                    1252.8985507246375,
                    1692.7536231884058
                ],
                [
                    1243.478260869565,
                    1694.2028985507245
                ]
            ],
            "group_id": null,
            "shape_type": "polygon",
            "flags": {}
        },
        {
            "label": "car",
            "points": [
                [
                    1333.3333333333333,
                    1686.9565217391303
                ],
                [
                    1329.710144927536,
                    1692.7536231884058
                ],
                [
                    1331.8840579710143,
                    1699.2753623188405
                ],
                [
                    1363.0434782608695,
                    1699.2753623188405
                ],
                [
                    1360.8695652173913,
                    1687.6811594202898
                ]
            ],
            "group_id": null,
            "shape_type": "polygon",
            "flags": {}
        },
        {
            "label": "car",
            "points": [
                [
                    1464.4927536231883,
                    1692.0289855072463
                ],
                [
                    1455.7971014492753,
                    1697.8260869565215
                ],
                [
                    1455.7971014492753,
                    1701.4492753623188
                ],
                [
                    1493.478260869565,
                    1701.4492753623188
                ],
                [
                    1489.855072463768,
                    1692.0289855072463
                ]
            ],
            "group_id": null,
            "shape_type": "polygon",
            "flags": {}
        },
        {
            "label": "bus",
            "points": [
                [
                    1578.2608695652173,
                    1665.942028985507
                ],
                [
                    1575.3623188405795,
                    1673.1884057971013
                ],
                [
                    1578.2608695652173,
                    1698.550724637681
                ],
                [
                    1641.3043478260868,
                    1695.6521739130433
                ],
                [
                    1678.9855072463768,
                    1692.7536231884058
                ],
                [
                    1676.086956521739,
                    1659.4202898550723
                ],
                [
                    1663.0434782608695,
                    1655.0724637681158
                ],
                [
                    1607.9710144927535,
                    1656.5217391304348
                ],
                [
                    1599.9999999999998,
                    1659.4202898550723
                ]
            ],
            "group_id": null,
            "shape_type": "polygon",
            "flags": {}
        },
        {
            "label": "truck",
            "points": [
                [
                    1755.7971014492753,
                    1671.014492753623
                ],
                [
                    1752.173913043478,
                    1680.4347826086955
                ],
                [
                    1755.0724637681158,
                    1691.3043478260868
                ],
                [
                    1782.6086956521738,
                    1688.405797101449
                ],
                [
                    1823.1884057971013,
                    1682.6086956521738
                ],
                [
                    1815.942028985507,
                    1678.2608695652173
                ],
                [
                    1782.6086956521738,
                    1681.159420289855
                ],
                [
                    1779.710144927536,
                    1671.014492753623
                ]
            ],
            "group_id": null,
            "shape_type": "polygon",
            "flags": {}
        },
        {
            "label": "car",
            "points": [
                [
                    1500.7246376811593,
                    1688.405797101449
                ],
                [
                    1497.8260869565215,
                    1693.478260869565
                ],
                [
                    1499.2753623188405,
                    1699.9999999999998
                ],
                [
                    1511.5942028985505,
                    1701.4492753623188
                ],
                [
                    1527.5362318840578,
                    1697.1014492753623
                ],
                [
                    1539.855072463768,
                    1699.9999999999998
                ],
                [
                    1540.5797101449275,
                    1692.7536231884058
                ],
                [
                    1530.4347826086955,
                    1687.6811594202898
                ],
                [
                    1515.2173913043478,
                    1686.2318840579708
                ]
            ],
            "group_id": null,
            "shape_type": "polygon",
            "flags": {}
        },
        {
            "label": "car",
            "points": [
                [
                    1132.6086956521738,
                    1696.3768115942028
                ],
                [
                    1123.9130434782608,
                    1703.623188405797
                ],
                [
                    1157.246376811594,
                    1702.173913043478
                ],
                [
                    1154.3478260869565,
                    1696.3768115942028
                ],
                [
                    1142.0289855072463,
                    1694.927536231884
                ]
            ],
            "group_id": null,
            "shape_type": "polygon",
            "flags": {}
        },
        {
            "label": "car",
            "points": [
                [
                    1883.400809716599,
                    1670.4453441295545
                ],
                [
                    1880.9716599190283,
                    1677.3279352226718
                ],
                [
                    1908.0971659919028,
                    1679.3522267206476
                ],
                [
                    1925.5060728744938,
                    1677.3279352226718
                ],
                [
                    1923.481781376518,
                    1668.825910931174
                ],
                [
                    1919.0283400809715,
                    1666.3967611336031
                ],
                [
                    1902.834008097166,
                    1665.5870445344128
                ],
                [
                    1890.2834008097163,
                    1665.991902834008
                ]
            ],
            "group_id": null,
            "shape_type": "polygon",
            "flags": {}
        },
        {
            "label": "car",
            "points": [
                [
                    2012.9554655870443,
                    1668.4210526315787
                ],
                [
                    2004.0485829959512,
                    1670.0404858299594
                ],
                [
                    2003.6437246963562,
                    1674.493927125506
                ],
                [
                    2063.9676113360324,
                    1672.8744939271253
                ],
                [
                    2062.3481781376518,
                    1665.5870445344128
                ],
                [
                    2051.417004048583,
                    1664.3724696356273
                ],
                [
                    2039.6761133603238,
                    1661.1336032388663
                ],
                [
                    2025.5060728744938,
                    1661.9433198380566
                ],
                [
                    2018.2186234817812,
                    1664.3724696356273
                ]
            ],
            "group_id": null,
            "shape_type": "polygon",
            "flags": {}
        },
        {
            "label": "bus",
            "points": [
                [
                    2052.631578947369,
                    1653.4412955465589
                ],
                [
                    2051.012145748988,
                    1663.9676113360324
                ],
                [
                    2062.7530364372474,
                    1665.182186234818
                ],
                [
                    2072.8744939271255,
                    1664.3724696356276
                ],
                [
                    2087.0445344129557,
                    1671.6599190283403
                ],
                [
                    2153.036437246964,
                    1666.8016194331985
                ],
                [
                    2150.202429149798,
                    1653.4412955465589
                ],
                [
                    2066.3967611336034,
                    1651.8218623481782
                ]
            ],
            "group_id": null,
            "shape_type": "polygon",
            "flags": {}
        },
        {
            "label": "car",
            "points": [
                [
                    2061.9433198380566,
                    1666.3967611336031
                ],
                [
                    2064.3724696356276,
                    1670.8502024291497
                ],
                [
                    2087.8542510121456,
                    1670.4453441295545
                ],
                [
                    2083.805668016194,
                    1666.8016194331983
                ],
                [
                    2072.064777327935,
                    1664.3724696356273
                ]
            ],
            "group_id": null,
            "shape_type": "polygon",
            "flags": {}
        }
    ],
    "imagePath": "../../Canon1DsMkIII_PNG/Canon1DsMkIII_0236.PNG",
    "imageData": null,
    "imageHeight": 1876,
    "imageWidth": 2820
}