{
    "version": "4.5.6",
    "flags": {},
    "shapes": [
        {
            "label": "boat",
            "points": [
                [
                    943.4117647058824,
                    1348.7843137254902
                ],
                [
                    943.4117647058824,
                    1401.7254901960785
                ],
                [
                    947.3333333333333,
                    1437.0196078431372
                ],
                [
                    947.3333333333333,
                    1450.7450980392157
                ],
                [
                    904.1960784313725,
                    1533.0980392156862
                ],
                [
                    870.8627450980392,
                    1566.4313725490197
                ],
                [
                    841.4509803921568,
                    1593.8823529411764
                ],
                [
                    700.2745098039215,
                    1652.7058823529412
                ],
                [
                    686.5490196078431,
                    1658.5882352941176
                ],
                [
                    688.5098039215686,
                    1682.1176470588234
                ],
                [
                    676.7450980392157,
                    1713.4901960784314
                ],
                [
                    678.7058823529412,
                    1729.1764705882354
                ],
                [
                    655.1764705882352,
                    1827.2156862745098
                ],
                [
                    606.156862745098,
                    1850.7450980392157
                ],
                [
                    537.5294117647059,
                    1848.7843137254902
                ],
                [
                    512.0392156862745,
                    1864.4705882352941
                ],
                [
                    524,
                    1875
                ],
                [
                    1519,
                    1875
                ],
                [
                    2212.0392156862745,
                    1748.7843137254902
                ],
                [
                    2339.4901960784314,
                    1544.862745098039
                ],
                [
                    2372.823529411765,
                    1519.3725490196077
                ],
                [
                    2366.9411764705883,
                    1497.8039215686274
                ],
                [
                    2329.6862745098038,
                    1470.3529411764705
                ],
                [
                    2353.2156862745096,
                    1362.5098039215686
                ],
                [
                    2331.6470588235293,
                    1356.627450980392
                ],
                [
                    2310.078431372549,
                    1299.764705882353
                ],
                [
                    2288.5098039215686,
                    1358.5882352941176
                ],
                [
                    1957.1372549019607,
                    1303.686274509804
                ],
                [
                    1790.4705882352941,
                    1219.3725490196077
                ],
                [
                    1827.7254901960785,
                    1156.627450980392
                ],
                [
                    1757.1372549019607,
                    1146.8235294117646
                ],
                [
                    1704.1960784313726,
                    1146.8235294117646
                ],
                [
                    1692.4313725490197,
                    1150.7450980392157
                ],
                [
                    1761.0588235294117,
                    1019.3725490196077
                ],
                [
                    1768.9019607843136,
                    1009.5686274509803
                ],
                [
                    1766.9411764705883,
                    986.0392156862745
                ],
                [
                    1684.5882352941176,
                    956.6274509803922
                ],
                [
                    1572.8235294117646,
                    940.9411764705882
                ],
                [
                    1321.8431372549019,
                    937.0196078431372
                ],
                [
                    1094.392156862745,
                    962.5098039215686
                ],
                [
                    1002.2352941176471,
                    970.3529411764706
                ],
                [
                    998.313725490196,
                    933.0980392156863
                ],
                [
                    1012.0392156862745,
                    931.1372549019608
                ],
                [
                    1035.5686274509803,
                    919.3725490196078
                ],
                [
                    1045.3725490196077,
                    876.2352941176471
                ],
                [
                    915.9607843137255,
                    866.4313725490196
                ],
                [
                    902.2352941176471,
                    878.1960784313725
                ],
                [
                    915.9607843137255,
                    921.3333333333334
                ],
                [
                    947.3333333333333,
                    938.9803921568628
                ],
                [
                    963.0196078431372,
                    970.3529411764706
                ],
                [
                    931.6470588235294,
                    982.1176470588235
                ],
                [
                    933.6078431372549,
                    1017.4117647058824
                ],
                [
                    929.6862745098039,
                    1042.9019607843138
                ],
                [
                    919.8823529411765,
                    1062.5098039215686
                ],
                [
                    831.6470588235294,
                    1076.235294117647
                ],
                [
                    821.843137254902,
                    1091.921568627451
                ],
                [
                    870.8627450980392,
                    1154.6666666666667
                ],
                [
                    947.3333333333333,
                    1162.5098039215686
                ]
            ],
            "group_id": null,
            "shape_type": "polygon",
            "flags": {}
        },
        {
            "label": "boat",
            "points": [
                [
                    51.25490196078431,
                    1531.1372549019607
                ],
                [
                    66.94117647058823,
                    1544.862745098039
                ],
                [
                    208.11764705882354,
                    1544.862745098039
                ],
                [
                    394.3921568627451,
                    1752.7058823529412
                ],
                [
                    521.843137254902,
                    1760.549019607843
                ],
                [
                    678.7058823529412,
                    1742.9019607843136
                ],
                [
                    678.7058823529412,
                    1715.450980392157
                ],
                [
                    690.4705882352941,
                    1674.2745098039215
                ],
                [
                    686.5490196078431,
                    1656.627450980392
                ],
                [
                    843.4117647058823,
                    1595.8431372549019
                ],
                [
                    906.156862745098,
                    1535.0588235294117
                ],
                [
                    945.3725490196077,
                    1442.9019607843136
                ],
                [
                    945.3725490196077,
                    1162.5098039215686
                ],
                [
                    874.7843137254902,
                    1154.6666666666667
                ],
                [
                    821.843137254902,
                    1089.9607843137255
                ],
                [
                    827.7254901960785,
                    1074.2745098039215
                ],
                [
                    923.8039215686274,
                    1060.549019607843
                ],
                [
                    914.0,
                    1050.7450980392157
                ],
                [
                    861.0588235294117,
                    1044.862745098039
                ],
                [
                    855.1764705882352,
                    1025.2549019607843
                ],
                [
                    808.1176470588235,
                    1023.2941176470588
                ],
                [
                    802.2352941176471,
                    1042.9019607843138
                ],
                [
                    715.9607843137255,
                    1042.9019607843138
                ],
                [
                    723.8039215686274,
                    1035.0588235294117
                ],
                [
                    723.8039215686274,
                    1025.2549019607843
                ],
                [
                    700.2745098039215,
                    1017.4117647058824
                ],
                [
                    684.5882352941177,
                    1029.1764705882354
                ],
                [
                    686.5490196078431,
                    1044.862745098039
                ],
                [
                    661.0588235294117,
                    1056.627450980392
                ],
                [
                    663.0196078431372,
                    1070.3529411764705
                ],
                [
                    670.8627450980392,
                    1080.1568627450981
                ],
                [
                    649.2941176470588,
                    1150.7450980392157
                ],
                [
                    564.9803921568628,
                    1154.6666666666667
                ],
                [
                    563.0196078431372,
                    1258.5882352941176
                ],
                [
                    484.5882352941177,
                    1315.450980392157
                ],
                [
                    500.27450980392155,
                    1327.2156862745098
                ],
                [
                    455.17647058823525,
                    1356.627450980392
                ],
                [
                    335.5686274509804,
                    1354.6666666666667
                ],
                [
                    325.7647058823529,
                    1368.392156862745
                ],
                [
                    180.66666666666669,
                    1391.921568627451
                ],
                [
                    45.372549019607845,
                    1405.6470588235293
                ],
                [
                    104.19607843137254,
                    1444.862745098039
                ],
                [
                    176.7450980392157,
                    1491.921568627451
                ],
                [
                    186.54901960784315,
                    1505.6470588235293
                ],
                [
                    92.43137254901961,
                    1519.3725490196077
                ],
                [
                    92.43137254901961,
                    1503.686274509804
                ],
                [
                    100.27450980392157,
                    1482.1176470588234
                ],
                [
                    80.66666666666666,
                    1472.313725490196
                ],
                [
                    49.29411764705881,
                    1464.4705882352941
                ],
                [
                    39.49019607843137,
                    1470.3529411764705
                ],
                [
                    47.33333333333334,
                    1497.8039215686274
                ]
            ],
            "group_id": null,
            "shape_type": "polygon",
            "flags": {}
        },
        {
            "label": "boat",
            "points": [
                [
                    15.960784313725483,
                    1299.764705882353
                ],
                [
                    380.6666666666667,
                    1303.686274509804
                ],
                [
                    459.0980392156863,
                    1356.627450980392
                ],
                [
                    339.4901960784314,
                    1352.7058823529412
                ],
                [
                    321.84313725490193,
                    1370.3529411764705
                ],
                [
                    51.25490196078431,
                    1405.6470588235293
                ],
                [
                    143.41176470588235,
                    1462.5098039215686
                ],
                [
                    141.45098039215685,
                    1507.6078431372548
                ],
                [
                    94.39215686274508,
                    1515.450980392157
                ],
                [
                    102.23529411764704,
                    1478.1960784313726
                ],
                [
                    49.29411764705881,
                    1462.5098039215686
                ],
                [
                    31.647058823529406,
                    1476.235294117647
                ],
                [
                    53.21568627450981,
                    1540.9411764705883
                ],
                [
                    70.86274509803923,
                    1552.7058823529412
                ],
                [
                    135.5686274509804,
                    1548.7843137254902
                ],
                [
                    135.5686274509804,
                    1611.5294117647059
                ],
                [
                    102.23529411764704,
                    1629.1764705882354
                ],
                [
                    8.117647058823522,
                    1627.2156862745098
                ],
                [
                    0,
                    1628
                ],
                [
                    0,
                    1305
                ]
            ],
            "group_id": null,
            "shape_type": "polygon",
            "flags": {}
        },
        {
            "label": "boat",
            "points": [
                [
                    2480.597014925373,
                    1025.3731343283582
                ],
                [
                    2482.089552238806,
                    1014.9253731343283
                ],
                [
                    2467.1641791044776,
                    1005.9701492537313
                ],
                [
                    2464.179104477612,
                    988.0597014925372
                ],
                [
                    2461.194029850746,
                    974.6268656716418
                ],
                [
                    2438.8059701492534,
                    980.5970149253731
                ],
                [
                    2417.910447761194,
                    974.6268656716418
                ],
                [
                    2405.970149253731,
                    964.1791044776119
                ],
                [
                    2388.059701492537,
                    974.6268656716418
                ],
                [
                    2361.194029850746,
                    971.641791044776
                ],
                [
                    2355.2238805970146,
                    952.2388059701492
                ],
                [
                    2334.3283582089553,
                    952.2388059701492
                ],
                [
                    2323.880597014925,
                    956.7164179104477
                ],
                [
                    2268.6567164179105,
                    928.3582089552239
                ],
                [
                    2259.7014925373132,
                    919.4029850746268
                ],
                [
                    2261.194029850746,
                    905.9701492537313
                ],
                [
                    2262.686567164179,
                    892.5373134328357
                ],
                [
                    2232.8358208955224,
                    892.5373134328357
                ],
                [
                    2235.820895522388,
                    901.4925373134328
                ],
                [
                    2229.8507462686566,
                    910.4477611940298
                ],
                [
                    2237.3134328358205,
                    917.910447761194
                ],
                [
                    2231.3432835820895,
                    931.3432835820895
                ],
                [
                    2156.7164179104475,
                    949.2537313432836
                ],
                [
                    2107.462686567164,
                    953.7313432835821
                ],
                [
                    2046.2686567164178,
                    947.7611940298507
                ],
                [
                    2031.3432835820895,
                    943.2835820895522
                ],
                [
                    2029.8507462686566,
                    932.8358208955224
                ],
                [
                    2020.8955223880596,
                    929.8507462686566
                ],
                [
                    2001.4925373134326,
                    929.8507462686566
                ],
                [
                    1995.5223880597014,
                    938.8059701492537
                ],
                [
                    1986.5671641791043,
                    946.2686567164178
                ],
                [
                    1992.5373134328356,
                    962.686567164179
                ],
                [
                    1985.0746268656715,
                    979.1044776119403
                ],
                [
                    1959.7014925373132,
                    1005.9701492537313
                ],
                [
                    1917.9104477611938,
                    1007.4626865671642
                ],
                [
                    1908.9552238805968,
                    1019.4029850746268
                ],
                [
                    1892.5373134328356,
                    1019.4029850746268
                ],
                [
                    1888.0597014925372,
                    1017.910447761194
                ],
                [
                    1879.1044776119402,
                    958.2089552238806
                ],
                [
                    1882.089552238806,
                    937.3134328358209
                ],
                [
                    1859.7014925373132,
                    932.8358208955224
                ],
                [
                    1849.2537313432836,
                    944.776119402985
                ],
                [
                    1859.7014925373132,
                    952.2388059701492
                ],
                [
                    1862.686567164179,
                    959.7014925373134
                ],
                [
                    1870.1492537313432,
                    1029.8507462686566
                ],
                [
                    1859.7014925373132,
                    1032.8358208955224
                ],
                [
                    1849.2537313432836,
                    1019.4029850746268
                ],
                [
                    1838.8059701492537,
                    1011.9402985074627
                ],
                [
                    1834.328358208955,
                    1008.9552238805969
                ],
                [
                    1829.8507462686566,
                    944.776119402985
                ],
                [
                    1811.9402985074626,
                    937.3134328358209
                ],
                [
                    1797.0149253731342,
                    943.2835820895522
                ],
                [
                    1802.9850746268655,
                    959.7014925373134
                ],
                [
                    1813.4328358208954,
                    980.5970149253731
                ],
                [
                    1823.8805970149253,
                    1058.2089552238806
                ],
                [
                    1900.0,
                    1062.686567164179
                ],
                [
                    1910.4477611940297,
                    1071.641791044776
                ],
                [
                    1977.6119402985073,
                    1073.134328358209
                ],
                [
                    2001.4925373134326,
                    1059.7014925373135
                ],
                [
                    2458.2089552238804,
                    1043.2835820895523
                ]
            ],
            "group_id": null,
            "shape_type": "polygon",
            "flags": {}
        },
        {
            "label": "person",
            "points": [
                [
                    851.1627906976744,
                    1851.1627906976744
                ],
                [
                    856.9767441860465,
                    1874.418604651163
                ],
                [
                    951.1627906976744,
                    1873.2558139534883
                ],
                [
                    952.3255813953489,
                    1789.5348837209303
                ],
                [
                    941.8604651162791,
                    1795.3488372093022
                ],
                [
                    926.7441860465117,
                    1793.0232558139535
                ],
                [
                    889.5348837209302,
                    1803.4883720930234
                ],
                [
                    866.2790697674419,
                    1818.6046511627908
                ]
            ],
            "group_id": null,
            "shape_type": "polygon",
            "flags": {}
        }
    ],
    "imagePath": "../../Canon1DsMkIII_PNG/Canon1DsMkIII_0090.PNG",
    "imageData": null,
    "imageHeight": 1876,
    "imageWidth": 2820
}