{
    "version": "4.5.6",
    "flags": {},
    "shapes": [
        {
            "label": "chair",
            "points": [
                [
                    1062.9213483146068,
                    1351.685393258427
                ],
                [
                    1068.5393258426966,
                    1370.7865168539327
                ],
                [
                    1058.426966292135,
                    1546.067415730337
                ],
                [
                    1074.1573033707864,
                    1544.943820224719
                ],
                [
                    1088.7640449438202,
                    1498.876404494382
                ],
                [
                    1160.6741573033707,
                    1496.629213483146
                ],
                [
                    1168.5393258426966,
                    1516.8539325842696
                ],
                [
                    1185.3932584269662,
                    1507.8651685393259
                ],
                [
                    1180.8988764044943,
                    1369.6629213483145
                ],
                [
                    1193.258426966292,
                    1337.0786516853932
                ],
                [
                    1121.3483146067415,
                    1329.2134831460673
                ],
                [
                    1082.0224719101122,
                    1330.3370786516853
                ]
            ],
            "group_id": null,
            "shape_type": "polygon",
            "flags": {}
        },
        {
            "label": "chair",
            "points": [
                [
                    1246.067415730337,
                    1359.5505617977528
                ],
                [
                    1247.191011235955,
                    1377.5280898876404
                ],
                [
                    1233.7078651685392,
                    1530.3370786516853
                ],
                [
                    1264.0449438202247,
                    1558.426966292135
                ],
                [
                    1276.4044943820224,
                    1511.2359550561798
                ],
                [
                    1335.9550561797753,
                    1514.6067415730338
                ],
                [
                    1356.1797752808989,
                    1551.685393258427
                ],
                [
                    1379.7752808988764,
                    1548.314606741573
                ],
                [
                    1379.7752808988764,
                    1367.4157303370787
                ],
                [
                    1342.6966292134832,
                    1346.067415730337
                ]
            ],
            "group_id": null,
            "shape_type": "polygon",
            "flags": {}
        },
        {
            "label": "chair",
            "points": [
                [
                    1359.4827586206898,
                    1346.5517241379312
                ],
                [
                    1358.6206896551726,
                    1352.5862068965519
                ],
                [
                    1375.0,
                    1357.7586206896553
                ],
                [
                    1381.0344827586207,
                    1468.103448275862
                ],
                [
                    1446.5517241379312,
                    1472.4137931034484
                ],
                [
                    1468.9655172413793,
                    1532.7586206896553
                ],
                [
                    1478.448275862069,
                    1525.8620689655174
                ],
                [
                    1470.689655172414,
                    1383.6206896551726
                ],
                [
                    1472.4137931034484,
                    1346.5517241379312
                ],
                [
                    1459.4827586206898,
                    1327.5862068965519
                ],
                [
                    1368.9655172413793,
                    1336.2068965517242
                ]
            ],
            "group_id": null,
            "shape_type": "polygon",
            "flags": {}
        },
        {
            "label": "chair",
            "points": [
                [
                    1276.7241379310346,
                    1312.0689655172414
                ],
                [
                    1290.5172413793105,
                    1322.4137931034484
                ],
                [
                    1303.448275862069,
                    1333.6206896551726
                ],
                [
                    1340.5172413793105,
                    1336.2068965517242
                ],
                [
                    1414.6551724137933,
                    1318.9655172413793
                ],
                [
                    1409.4827586206898,
                    1306.896551724138
                ],
                [
                    1374.1379310344828,
                    1300.0
                ],
                [
                    1306.0344827586207,
                    1304.3103448275863
                ]
            ],
            "group_id": null,
            "shape_type": "polygon",
            "flags": {}
        },
        {
            "label": "chair",
            "points": [
                [
                    1493.9655172413793,
                    1317.2413793103449
                ],
                [
                    1496.5517241379312,
                    1334.4827586206898
                ],
                [
                    1494.8275862068967,
                    1502.5862068965519
                ],
                [
                    1553.448275862069,
                    1502.5862068965519
                ],
                [
                    1556.0344827586207,
                    1370.689655172414
                ],
                [
                    1617.2413793103449,
                    1362.0689655172414
                ],
                [
                    1611.2068965517242,
                    1318.9655172413793
                ],
                [
                    1505.1724137931035,
                    1311.2068965517242
                ],
                [
                    1498.2758620689656,
                    1309.4827586206898
                ]
            ],
            "group_id": null,
            "shape_type": "polygon",
            "flags": {}
        },
        {
            "label": "chair",
            "points": [
                [
                    1559.4827586206898,
                    1362.9310344827586
                ],
                [
                    1550.0,
                    1562.0689655172414
                ],
                [
                    1586.2068965517242,
                    1593.103448275862
                ],
                [
                    1586.2068965517242,
                    1529.3103448275863
                ],
                [
                    1645.689655172414,
                    1525.8620689655174
                ],
                [
                    1643.9655172413795,
                    1545.689655172414
                ],
                [
                    1691.3793103448277,
                    1549.1379310344828
                ],
                [
                    1663.793103448276,
                    1375.8620689655174
                ],
                [
                    1658.6206896551726,
                    1367.2413793103449
                ],
                [
                    1635.344827586207,
                    1360.344827586207
                ],
                [
                    1620.689655172414,
                    1359.4827586206898
                ]
            ],
            "group_id": null,
            "shape_type": "polygon",
            "flags": {}
        },
        {
            "label": "chair",
            "points": [
                [
                    1800.8620689655174,
                    1399.1379310344828
                ],
                [
                    1779.3103448275863,
                    1589.6551724137933
                ],
                [
                    1788.793103448276,
                    1596.5517241379312
                ],
                [
                    1799.1379310344828,
                    1554.3103448275863
                ],
                [
                    1806.8965517241381,
                    1606.8965517241381
                ],
                [
                    1819.8275862068967,
                    1606.8965517241381
                ],
                [
                    1827.5862068965519,
                    1553.448275862069
                ],
                [
                    1870.689655172414,
                    1537.9310344827588
                ],
                [
                    1875.0000000000002,
                    1563.793103448276
                ],
                [
                    1897.4137931034484,
                    1586.2068965517242
                ],
                [
                    1909.4827586206898,
                    1584.4827586206898
                ],
                [
                    1914.6551724137933,
                    1555.1724137931035
                ],
                [
                    1922.4137931034484,
                    1607.7586206896553
                ],
                [
                    1931.8965517241381,
                    1469.8275862068967
                ],
                [
                    1923.2758620689656,
                    1394.8275862068967
                ],
                [
                    1847.4137931034484,
                    1390.5172413793105
                ]
            ],
            "group_id": null,
            "shape_type": "polygon",
            "flags": {}
        },
        {
            "label": "chair",
            "points": [
                [
                    1754.3103448275863,
                    1328.448275862069
                ],
                [
                    1746.5517241379312,
                    1393.103448275862
                ],
                [
                    1750.8620689655174,
                    1529.3103448275863
                ],
                [
                    1777.5862068965519,
                    1521.5517241379312
                ],
                [
                    1798.2758620689656,
                    1400.8620689655174
                ],
                [
                    1846.5517241379312,
                    1386.2068965517242
                ],
                [
                    1883.6206896551726,
                    1390.5172413793105
                ],
                [
                    1886.2068965517242,
                    1334.4827586206898
                ],
                [
                    1856.8965517241381,
                    1323.2758620689656
                ],
                [
                    1801.7241379310346,
                    1325.8620689655174
                ]
            ],
            "group_id": null,
            "shape_type": "polygon",
            "flags": {}
        },
        {
            "label": "dining table",
            "points": [
                [
                    1088.118811881188,
                    1244.5544554455446
                ],
                [
                    1207.920792079208,
                    1257.4257425742574
                ],
                [
                    1211.881188118812,
                    1540.5940594059405
                ],
                [
                    1228.7128712871288,
                    1545.5445544554455
                ],
                [
                    1232.6732673267327,
                    1255.4455445544554
                ],
                [
                    1323.7623762376238,
                    1246.5346534653465
                ],
                [
                    1324.7524752475247,
                    1300.0
                ],
                [
                    1352.4752475247524,
                    1300.990099009901
                ],
                [
                    1351.4851485148515,
                    1248.5148514851485
                ],
                [
                    1571.2871287128712,
                    1214.851485148515
                ],
                [
                    1581.1881188118812,
                    1207.920792079208
                ],
                [
                    1571.2871287128712,
                    1203.960396039604
                ],
                [
                    1419.8019801980197,
                    1197.029702970297
                ],
                [
                    1167.3267326732673,
                    1227.7227722772277
                ]
            ],
            "group_id": null,
            "shape_type": "polygon",
            "flags": {}
        },
        {
            "label": "dining table",
            "points": [
                [
                    1577.2277227722773,
                    1261.3861386138615
                ],
                [
                    1711.881188118812,
                    1285.148514851485
                ],
                [
                    1715.8415841584158,
                    1598.019801980198
                ],
                [
                    1747.5247524752474,
                    1595.049504950495
                ],
                [
                    1741.5841584158416,
                    1289.1089108910892
                ],
                [
                    1828.7128712871288,
                    1271.2871287128712
                ],
                [
                    1821.7821782178219,
                    1317.8217821782177
                ],
                [
                    1829.7029702970297,
                    1380.19801980198
                ],
                [
                    1848.5148514851485,
                    1383.1683168316831
                ],
                [
                    1848.5148514851485,
                    1272.2772277227723
                ],
                [
                    1912.8712871287128,
                    1257.4257425742574
                ],
                [
                    1927.7227722772277,
                    1322.7722772277227
                ],
                [
                    1931.6831683168316,
                    1247.5247524752476
                ],
                [
                    1931.6831683168316,
                    1207.920792079208
                ],
                [
                    1895.049504950495,
                    1204.950495049505
                ],
                [
                    1628.7128712871288,
                    1250.4950495049504
                ]
            ],
            "group_id": null,
            "shape_type": "polygon",
            "flags": {}
        },
        {
            "label": "chair",
            "points": [
                [
                    2531.6470588235293,
                    1707.6078431372548
                ],
                [
                    2459.098039215686,
                    1748.7843137254902
                ],
                [
                    2445.372549019608,
                    1793.8823529411764
                ],
                [
                    2506.156862745098,
                    1870.3529411764705
                ],
                [
                    2819,
                    1874
                ],
                [
                    2812.0392156862745,
                    1727.2156862745098
                ],
                [
                    2704.1960784313724,
                    1703.686274509804
                ],
                [
                    2604.1960784313724,
                    1689.9607843137255
                ]
            ],
            "group_id": null,
            "shape_type": "polygon",
            "flags": {}
        }
    ],
    "imagePath": "../../Canon1DsMkIII_PNG/Canon1DsMkIII_0065.PNG",
    "imageData": null,
    "imageHeight": 1876,
    "imageWidth": 2820
}