{
    "version": "4.5.6",
    "flags": {},
    "shapes": [
        {
            "label": "truck",
            "points": [
                [
                    2488.5098039215686,
                    888.0
                ],
                [
                    2488.5098039215686,
                    968.3921568627451
                ],
                [
                    2649.2941176470586,
                    940.9411764705882
                ],
                [
                    2647.3333333333335,
                    880.156862745098
                ]
            ],
            "group_id": null,
            "shape_type": "polygon",
            "flags": {}
        },
        {
            "label": "truck",
            "points": [
                [
                    2182.627450980392,
                    929.1764705882352
                ],
                [
                    2176.7450980392155,
                    901.7254901960785
                ],
                [
                    1996.3529411764707,
                    899.7647058823529
                ],
                [
                    1998.3137254901962,
                    937.0196078431372
                ]
            ],
            "group_id": null,
            "shape_type": "polygon",
            "flags": {}
        },
        {
            "label": "car",
            "points": [
                [
                    1663.0196078431372,
                    984.078431372549
                ],
                [
                    1676.7450980392157,
                    989.9607843137255
                ],
                [
                    1749.2941176470588,
                    986.0392156862745
                ],
                [
                    1747.3333333333333,
                    958.5882352941177
                ],
                [
                    1686.549019607843,
                    958.5882352941177
                ]
            ],
            "group_id": null,
            "shape_type": "polygon",
            "flags": {}
        }
    ],
    "imagePath": "../../Canon1DsMkIII_PNG/Canon1DsMkIII_0186.PNG",
    "imageData": null,
    "imageHeight": 1876,
    "imageWidth": 2820
}