{
    "version": "4.5.6",
    "flags": {},
    "shapes": [
        {
            "label": "person",
            "points": [
                [
                    1091.8918918918919,
                    1105.4054054054054
                ],
                [
                    1097.2972972972973,
                    1129.7297297297298
                ],
                [
                    1094.5945945945946,
                    1150.0
                ],
                [
                    1040.5405405405406,
                    1189.1891891891892
                ],
                [
                    1022.972972972973,
                    1235.1351351351352
                ],
                [
                    1017.5675675675676,
                    1302.7027027027027
                ],
                [
                    1037.837837837838,
                    1324.3243243243244
                ],
                [
                    1056.7567567567567,
                    1283.7837837837837
                ],
                [
                    1058.1081081081081,
                    1264.8648648648648
                ],
                [
                    1067.5675675675675,
                    1278.3783783783783
                ],
                [
                    1058.1081081081081,
                    1318.918918918919
                ],
                [
                    1079.7297297297298,
                    1355.4054054054054
                ],
                [
                    1055.4054054054054,
                    1378.3783783783783
                ],
                [
                    1059.4594594594594,
                    1425.6756756756756
                ],
                [
                    1062.162162162162,
                    1481.081081081081
                ],
                [
                    1059.4594594594594,
                    1541.8918918918919
                ],
                [
                    1054.0540540540542,
                    1594.5945945945946
                ],
                [
                    1066.2162162162163,
                    1678.3783783783783
                ],
                [
                    1060.8108108108108,
                    1720.2702702702702
                ],
                [
                    1060.8108108108108,
                    1755.4054054054054
                ],
                [
                    1102.7027027027027,
                    1745.945945945946
                ],
                [
                    1097.2972972972973,
                    1713.5135135135135
                ],
                [
                    1097.2972972972973,
                    1647.2972972972973
                ],
                [
                    1102.7027027027027,
                    1591.8918918918919
                ],
                [
                    1113.5135135135135,
                    1558.1081081081081
                ],
                [
                    1135.1351351351352,
                    1458.1081081081081
                ],
                [
                    1150.0,
                    1475.6756756756756
                ],
                [
                    1162.162162162162,
                    1536.4864864864865
                ],
                [
                    1183.7837837837837,
                    1570.2702702702702
                ],
                [
                    1194.5945945945946,
                    1624.3243243243244
                ],
                [
                    1205.4054054054054,
                    1675.6756756756756
                ],
                [
                    1198.6486486486488,
                    1706.7567567567569
                ],
                [
                    1205.4054054054054,
                    1718.918918918919
                ],
                [
                    1200.0,
                    1751.3513513513515
                ],
                [
                    1239.1891891891892,
                    1750.0
                ],
                [
                    1236.4864864864865,
                    1720.2702702702702
                ],
                [
                    1236.4864864864865,
                    1636.4864864864865
                ],
                [
                    1241.8918918918919,
                    1587.837837837838
                ],
                [
                    1231.081081081081,
                    1552.7027027027027
                ],
                [
                    1222.972972972973,
                    1494.5945945945946
                ],
                [
                    1228.3783783783783,
                    1424.3243243243244
                ],
                [
                    1217.5675675675675,
                    1375.6756756756756
                ],
                [
                    1206.7567567567567,
                    1341.8918918918919
                ],
                [
                    1205.4054054054054,
                    1248.6486486486488
                ],
                [
                    1216.2162162162163,
                    1274.3243243243244
                ],
                [
                    1228.3783783783783,
                    1294.5945945945946
                ],
                [
                    1259.4594594594594,
                    1290.5405405405406
                ],
                [
                    1255.4054054054054,
                    1256.7567567567567
                ],
                [
                    1245.945945945946,
                    1220.2702702702702
                ],
                [
                    1216.2162162162163,
                    1156.7567567567567
                ],
                [
                    1189.1891891891892,
                    1150.0
                ],
                [
                    1168.918918918919,
                    1141.8918918918919
                ],
                [
                    1178.3783783783783,
                    1127.027027027027
                ],
                [
                    1186.4864864864865,
                    1110.8108108108108
                ],
                [
                    1167.5675675675675,
                    1074.3243243243244
                ],
                [
                    1136.4864864864865,
                    1067.5675675675675
                ],
                [
                    1113.5135135135135,
                    1068.918918918919
                ]
            ],
            "group_id": null,
            "shape_type": "polygon",
            "flags": {}
        },
        {
            "label": "car",
            "points": [
                [
                    789.1891891891892,
                    1108.1081081081081
                ],
                [
                    778.3783783783784,
                    1128.3783783783783
                ],
                [
                    785.1351351351351,
                    1181.081081081081
                ],
                [
                    767.5675675675676,
                    1197.2972972972973
                ],
                [
                    770.2702702702703,
                    1229.7297297297298
                ],
                [
                    786.4864864864865,
                    1262.162162162162
                ],
                [
                    860.8108108108108,
                    1274.3243243243244
                ],
                [
                    874.3243243243244,
                    1306.7567567567569
                ],
                [
                    917.5675675675676,
                    1321.6216216216217
                ],
                [
                    968.918918918919,
                    1308.1081081081081
                ],
                [
                    987.8378378378378,
                    1283.7837837837837
                ],
                [
                    1013.5135135135135,
                    1287.837837837838
                ],
                [
                    1012.1621621621622,
                    1233.7837837837837
                ],
                [
                    1045.945945945946,
                    1185.1351351351352
                ],
                [
                    1098.6486486486488,
                    1151.3513513513515
                ],
                [
                    1095.945945945946,
                    1128.3783783783783
                ],
                [
                    1089.1891891891892,
                    1109.4594594594594
                ],
                [
                    1110.8108108108108,
                    1070.2702702702702
                ],
                [
                    1139.1891891891892,
                    1068.918918918919
                ],
                [
                    1167.5675675675675,
                    1077.027027027027
                ],
                [
                    1185.1351351351352,
                    1104.0540540540542
                ],
                [
                    1179.7297297297298,
                    1128.3783783783783
                ],
                [
                    1166.2162162162163,
                    1143.2432432432433
                ],
                [
                    1191.8918918918919,
                    1156.7567567567567
                ],
                [
                    1221.6216216216217,
                    1158.1081081081081
                ],
                [
                    1248.6486486486488,
                    1227.027027027027
                ],
                [
                    1254.0540540540542,
                    1259.4594594594594
                ],
                [
                    1262.162162162162,
                    1295.945945945946
                ],
                [
                    1266.2162162162163,
                    1282.4324324324325
                ],
                [
                    1383.7837837837837,
                    1291.8918918918919
                ],
                [
                    1395.945945945946,
                    1306.7567567567569
                ],
                [
                    1447.2972972972973,
                    1331.081081081081
                ],
                [
                    1487.837837837838,
                    1316.2162162162163
                ],
                [
                    1514.8648648648648,
                    1297.2972972972973
                ],
                [
                    1551.3513513513515,
                    1305.4054054054054
                ],
                [
                    1586.4864864864865,
                    1300.0
                ],
                [
                    1606.7567567567569,
                    1283.7837837837837
                ],
                [
                    1685.1351351351352,
                    1270.2702702702702
                ],
                [
                    1717.5675675675675,
                    1254.0540540540542
                ],
                [
                    1727.027027027027,
                    1227.027027027027
                ],
                [
                    1725.6756756756756,
                    1198.6486486486488
                ],
                [
                    1710.8108108108108,
                    1164.8648648648648
                ],
                [
                    1681.081081081081,
                    1135.1351351351352
                ],
                [
                    1612.162162162162,
                    1117.5675675675675
                ],
                [
                    1520.2702702702702,
                    1095.945945945946
                ],
                [
                    1481.081081081081,
                    1089.1891891891892
                ],
                [
                    1391.8918918918919,
                    1028.3783783783783
                ],
                [
                    1339.1891891891892,
                    1013.5135135135135
                ],
                [
                    1277.027027027027,
                    1001.3513513513514
                ],
                [
                    1200.0,
                    1006.7567567567568
                ],
                [
                    1125.6756756756756,
                    1010.8108108108108
                ],
                [
                    1055.4054054054054,
                    1009.4594594594595
                ],
                [
                    1013.5135135135135,
                    1028.3783783783783
                ],
                [
                    963.5135135135135,
                    1051.3513513513515
                ],
                [
                    886.4864864864865,
                    1095.945945945946
                ],
                [
                    859.4594594594595,
                    1094.5945945945946
                ],
                [
                    820.2702702702703,
                    1104.0540540540542
                ]
            ],
            "group_id": null,
            "shape_type": "polygon",
            "flags": {}
        },
        {
            "label": "bus",
            "points": [
                [
                    1.3513513513513513,
                    1206.7567567567567
                ],
                [
                    271.6216216216216,
                    1204.0540540540542
                ],
                [
                    290.5405405405405,
                    1214.8648648648648
                ],
                [
                    408.1081081081081,
                    1220.2702702702702
                ],
                [
                    433.7837837837838,
                    1245.945945945946
                ],
                [
                    500.0,
                    1245.945945945946
                ],
                [
                    548.6486486486486,
                    1218.918918918919
                ],
                [
                    625.6756756756757,
                    1217.5675675675675
                ],
                [
                    648.6486486486486,
                    1231.081081081081
                ],
                [
                    697.2972972972973,
                    1239.1891891891892
                ],
                [
                    716.2162162162163,
                    1210.8108108108108
                ],
                [
                    760.8108108108108,
                    1206.7567567567567
                ],
                [
                    782.4324324324324,
                    1177.027027027027
                ],
                [
                    775.6756756756757,
                    1129.7297297297298
                ],
                [
                    789.1891891891892,
                    1101.3513513513515
                ],
                [
                    817.5675675675676,
                    1109.4594594594594
                ],
                [
                    856.7567567567568,
                    1091.8918918918919
                ],
                [
                    890.5405405405405,
                    1095.945945945946
                ],
                [
                    960.8108108108108,
                    1054.0540540540542
                ],
                [
                    1009.4594594594595,
                    1027.027027027027
                ],
                [
                    1056.7567567567567,
                    1010.8108108108108
                ],
                [
                    1067.5675675675675,
                    1000.0
                ],
                [
                    1037.837837837838,
                    832.4324324324324
                ],
                [
                    1104.0540540540542,
                    836.4864864864865
                ],
                [
                    1116.2162162162163,
                    882.4324324324324
                ],
                [
                    1137.837837837838,
                    877.0270270270271
                ],
                [
                    1128.3783783783783,
                    825.6756756756757
                ],
                [
                    1106.7567567567567,
                    808.1081081081081
                ],
                [
                    1047.2972972972973,
                    805.4054054054054
                ],
                [
                    1031.081081081081,
                    763.5135135135135
                ],
                [
                    862.1621621621622,
                    735.1351351351351
                ],
                [
                    762.1621621621622,
                    745.9459459459459
                ],
                [
                    712.1621621621622,
                    735.1351351351351
                ],
                [
                    583.7837837837837,
                    722.972972972973
                ],
                [
                    174.32432432432432,
                    740.5405405405405
                ],
                [
                    148.64864864864865,
                    759.4594594594595
                ],
                [
                    141.8918918918919,
                    774.3243243243244
                ],
                [
                    4.054054054054054,
                    779.7297297297297
                ]
            ],
            "group_id": null,
            "shape_type": "polygon",
            "flags": {}
        },
        {
            "label": "traffic light",
            "points": [
                [
                    1191.8918918918919,
                    760.8108108108108
                ],
                [
                    1190.5405405405406,
                    863.5135135135135
                ],
                [
                    1204.0540540540542,
                    866.2162162162163
                ],
                [
                    1241.8918918918919,
                    862.1621621621622
                ],
                [
                    1237.837837837838,
                    762.1621621621622
                ]
            ],
            "group_id": null,
            "shape_type": "polygon",
            "flags": {}
        },
        {
            "label": "traffic light",
            "points": [
                [
                    1109.4594594594594,
                    763.5135135135135
                ],
                [
                    1110.7913669064747,
                    774.1007194244604
                ],
                [
                    1126.618705035971,
                    776.978417266187
                ],
                [
                    1130.2158273381294,
                    790.6474820143884
                ],
                [
                    1116.546762589928,
                    799.2805755395683
                ],
                [
                    1108.6330935251797,
                    805.7553956834531
                ],
                [
                    1129.4964028776978,
                    816.546762589928
                ],
                [
                    1130.2158273381294,
                    841.7266187050359
                ],
                [
                    1135.9712230215825,
                    857.5539568345323
                ],
                [
                    1152.5179856115108,
                    848.2014388489208
                ],
                [
                    1151.0791366906474,
                    752.5179856115108
                ],
                [
                    1134.5323741007194,
                    753.956834532374
                ]
            ],
            "group_id": null,
            "shape_type": "polygon",
            "flags": {}
        },
        {
            "label": "person",
            "points": [
                [
                    1361.1510791366904,
                    910.7913669064748
                ],
                [
                    1356.8345323741005,
                    923.7410071942445
                ],
                [
                    1358.9928057553955,
                    946.0431654676258
                ],
                [
                    1346.0431654676258,
                    961.1510791366906
                ],
                [
                    1353.2374100719423,
                    971.9424460431654
                ],
                [
                    1359.7122302158273,
                    997.1223021582733
                ],
                [
                    1362.5899280575538,
                    1014.388489208633
                ],
                [
                    1402.1582733812947,
                    1030.935251798561
                ],
                [
                    1410.7913669064747,
                    1007.1942446043165
                ],
                [
                    1404.3165467625897,
                    987.0503597122301
                ],
                [
                    1399.9999999999998,
                    965.4676258992805
                ],
                [
                    1395.68345323741,
                    951.7985611510791
                ],
                [
                    1385.6115107913668,
                    947.4820143884891
                ],
                [
                    1389.9280575539567,
                    933.8129496402877
                ],
                [
                    1384.8920863309352,
                    918.705035971223
                ]
            ],
            "group_id": null,
            "shape_type": "polygon",
            "flags": {}
        },
        {
            "label": "person",
            "points": [
                [
                    1568.345323741007,
                    935.251798561151
                ],
                [
                    1566.9064748201438,
                    951.0791366906474
                ],
                [
                    1566.9064748201438,
                    959.7122302158273
                ],
                [
                    1576.9784172661869,
                    964.7482014388488
                ],
                [
                    1587.0503597122301,
                    971.9424460431654
                ],
                [
                    1575.5395683453237,
                    987.0503597122301
                ],
                [
                    1569.7841726618703,
                    1002.8776978417266
                ],
                [
                    1572.661870503597,
                    1012.9496402877697
                ],
                [
                    1577.6978417266187,
                    1020.863309352518
                ],
                [
                    1562.5899280575538,
                    1048.9208633093524
                ],
                [
                    1552.5179856115105,
                    1058.2733812949639
                ],
                [
                    1566.9064748201438,
                    1064.0287769784172
                ],
                [
                    1574.1007194244603,
                    1070.5035971223022
                ],
                [
                    1577.6978417266187,
                    1086.3309352517986
                ],
                [
                    1577.6978417266187,
                    1107.913669064748
                ],
                [
                    1590.6474820143883,
                    1110.7913669064747
                ],
                [
                    1584.8920863309352,
                    1091.36690647482
                ],
                [
                    1597.1223021582732,
                    1094.2446043165467
                ],
                [
                    1603.5971223021581,
                    1112.230215827338
                ],
                [
                    1617.9856115107912,
                    1113.6690647482014
                ],
                [
                    1610.071942446043,
                    1084.1726618705036
                ],
                [
                    1622.302158273381,
                    1064.0287769784172
                ],
                [
                    1625.1798561151077,
                    1040.2877697841725
                ],
                [
                    1623.7410071942445,
                    1018.705035971223
                ],
                [
                    1623.7410071942445,
                    994.2446043165467
                ],
                [
                    1623.0215827338127,
                    974.820143884892
                ],
                [
                    1612.9496402877696,
                    961.1510791366906
                ],
                [
                    1609.3525179856113,
                    948.9208633093524
                ],
                [
                    1599.2805755395682,
                    936.6906474820144
                ],
                [
                    1590.6474820143883,
                    929.4964028776977
                ],
                [
                    1577.6978417266187,
                    932.3741007194244
                ]
            ],
            "group_id": null,
            "shape_type": "polygon",
            "flags": {}
        },
        {
            "label": "handbag",
            "points": [
                [
                    1630.2158273381294,
                    1016.546762589928
                ],
                [
                    1637.410071942446,
                    1017.9856115107913
                ],
                [
                    1648.2014388489208,
                    1050.3597122302158
                ],
                [
                    1625.8992805755395,
                    1064.0287769784172
                ],
                [
                    1625.8992805755395,
                    1038.1294964028775
                ]
            ],
            "group_id": null,
            "shape_type": "polygon",
            "flags": {}
        },
        {
            "label": "person",
            "points": [
                [
                    1687.0503597122301,
                    917.9856115107913
                ],
                [
                    1682.0143884892084,
                    928.7769784172662
                ],
                [
                    1694.9640287769782,
                    951.0791366906474
                ],
                [
                    1687.7697841726617,
                    956.8345323741006
                ],
                [
                    1686.3309352517983,
                    946.0431654676258
                ],
                [
                    1676.2589928057553,
                    946.0431654676258
                ],
                [
                    1670.503597122302,
                    956.115107913669
                ],
                [
                    1674.8201438848919,
                    962.5899280575538
                ],
                [
                    1676.9784172661869,
                    984.8920863309352
                ],
                [
                    1679.1366906474818,
                    992.0863309352517
                ],
                [
                    1696.4028776978416,
                    992.8057553956834
                ],
                [
                    1689.2086330935251,
                    1010.0719424460431
                ],
                [
                    1692.8057553956833,
                    1033.093525179856
                ],
                [
                    1694.9640287769782,
                    1053.2374100719423
                ],
                [
                    1674.8201438848919,
                    1109.3525179856115
                ],
                [
                    1669.7841726618703,
                    1128.776978417266
                ],
                [
                    1682.0143884892084,
                    1135.9712230215825
                ],
                [
                    1706.4748201438847,
                    1064.0287769784172
                ],
                [
                    1713.6690647482012,
                    1074.1007194244603
                ],
                [
                    1725.8992805755395,
                    1123.7410071942445
                ],
                [
                    1726.618705035971,
                    1141.726618705036
                ],
                [
                    1748.9208633093524,
                    1140.2877697841725
                ],
                [
                    1734.5323741007194,
                    1068.3453237410072
                ],
                [
                    1732.3741007194244,
                    1011.5107913669063
                ],
                [
                    1738.1294964028775,
                    992.8057553956834
                ],
                [
                    1730.2158273381294,
                    963.3093525179855
                ],
                [
                    1724.460431654676,
                    946.0431654676258
                ],
                [
                    1713.6690647482012,
                    920.863309352518
                ],
                [
                    1707.1942446043163,
                    912.9496402877697
                ]
            ],
            "group_id": null,
            "shape_type": "polygon",
            "flags": {}
        },
        {
            "label": "handbag",
            "points": [
                [
                    1721.5827338129495,
                    1007.9136690647481
                ],
                [
                    1707.1942446043163,
                    1048.9208633093524
                ],
                [
                    1709.3525179856113,
                    1063.3093525179854
                ],
                [
                    1725.1798561151077,
                    1066.9064748201438
                ],
                [
                    1747.482014388489,
                    1058.2733812949639
                ],
                [
                    1743.165467625899,
                    1028.0575539568345
                ],
                [
                    1733.093525179856,
                    1023.7410071942445
                ]
            ],
            "group_id": null,
            "shape_type": "polygon",
            "flags": {}
        },
        {
            "label": "person",
            "points": [
                [
                    1797.8417266187048,
                    815.1079136690647
                ],
                [
                    1784.8920863309352,
                    838.8489208633093
                ],
                [
                    1772.661870503597,
                    850.3597122302158
                ],
                [
                    1774.8201438848919,
                    885.6115107913669
                ],
                [
                    1778.4172661870502,
                    914.388489208633
                ],
                [
                    1776.9784172661869,
                    925.8992805755395
                ],
                [
                    1776.9784172661869,
                    964.7482014388488
                ],
                [
                    1771.2230215827337,
                    992.8057553956834
                ],
                [
                    1810.071942446043,
                    989.2086330935251
                ],
                [
                    1801.4388489208632,
                    976.2589928057553
                ],
                [
                    1810.7913669064747,
                    958.273381294964
                ],
                [
                    1811.5107913669062,
                    938.1294964028776
                ],
                [
                    1805.7553956834531,
                    917.9856115107913
                ],
                [
                    1809.3525179856113,
                    898.5611510791366
                ],
                [
                    1823.7410071942445,
                    910.7913669064748
                ],
                [
                    1829.4964028776976,
                    899.9999999999999
                ],
                [
                    1812.9496402877696,
                    884.8920863309352
                ],
                [
                    1807.913669064748,
                    867.6258992805755
                ],
                [
                    1805.7553956834531,
                    848.9208633093524
                ],
                [
                    1815.1079136690646,
                    830.2158273381294
                ]
            ],
            "group_id": null,
            "shape_type": "polygon",
            "flags": {}
        },
        {
            "label": "person",
            "points": [
                [
                    1987.0503597122301,
                    838.1294964028776
                ],
                [
                    1997.1223021582732,
                    857.5539568345323
                ],
                [
                    1991.3669064748199,
                    879.8561151079136
                ],
                [
                    1979.1366906474818,
                    896.4028776978416
                ],
                [
                    1967.6258992805754,
                    914.388489208633
                ],
                [
                    1974.1007194244603,
                    916.546762589928
                ],
                [
                    2000.7194244604316,
                    899.2805755395683
                ],
                [
                    2007.913669064748,
                    894.9640287769784
                ],
                [
                    2023.7410071942445,
                    909.3525179856115
                ],
                [
                    2034.5323741007192,
                    915.1079136690647
                ],
                [
                    2027.3381294964026,
                    927.3381294964028
                ],
                [
                    2022.302158273381,
                    948.2014388489208
                ],
                [
                    2023.7410071942445,
                    957.5539568345323
                ],
                [
                    2020.8633093525177,
                    979.1366906474819
                ],
                [
                    2035.9712230215825,
                    976.978417266187
                ],
                [
                    2042.4460431654675,
                    955.3956834532373
                ],
                [
                    2050.359712230216,
                    941.7266187050359
                ],
                [
                    2051.798561151079,
                    973.3812949640287
                ],
                [
                    2053.237410071942,
                    982.0143884892085
                ],
                [
                    2069.7841726618703,
                    979.8561151079136
                ],
                [
                    2070.503597122302,
                    946.7625899280574
                ],
                [
                    2068.345323741007,
                    912.9496402877697
                ],
                [
                    2076.258992805755,
                    896.4028776978416
                ],
                [
                    2052.5179856115105,
                    871.9424460431654
                ],
                [
                    2027.3381294964026,
                    848.9208633093524
                ],
                [
                    2016.5467625899278,
                    843.8848920863309
                ],
                [
                    2009.3525179856113,
                    833.8129496402877
                ],
                [
                    1993.5251798561148,
                    832.3741007194244
                ]
            ],
            "group_id": null,
            "shape_type": "polygon",
            "flags": {}
        },
        {
            "label": "person",
            "points": [
                [
                    2115.1079136690646,
                    899.2805755395683
                ],
                [
                    2111.5107913669062,
                    916.546762589928
                ],
                [
                    2120.143884892086,
                    930.935251798561
                ],
                [
                    2117.2661870503593,
                    943.1654676258992
                ],
                [
                    2120.8633093525177,
                    974.1007194244603
                ],
                [
                    2125.8992805755393,
                    1001.4388489208632
                ],
                [
                    2122.302158273381,
                    1014.388489208633
                ],
                [
                    2100.7194244604316,
                    1052.5179856115108
                ],
                [
                    2084.892086330935,
                    1079.1366906474818
                ],
                [
                    2087.7697841726617,
                    1098.5611510791366
                ],
                [
                    2121.5827338129493,
                    1080.5755395683452
                ],
                [
                    2136.6906474820144,
                    1043.1654676258993
                ],
                [
                    2146.043165467626,
                    1043.8848920863309
                ],
                [
                    2148.920863309352,
                    1071.9424460431653
                ],
                [
                    2160.431654676259,
                    1083.4532374100718
                ],
                [
                    2164.748201438849,
                    1024.460431654676
                ],
                [
                    2166.187050359712,
                    964.0287769784172
                ],
                [
                    2161.870503597122,
                    930.935251798561
                ],
                [
                    2153.9568345323737,
                    924.4604316546762
                ],
                [
                    2151.0791366906474,
                    912.230215827338
                ],
                [
                    2144.604316546762,
                    894.2446043165467
                ],
                [
                    2130.215827338129,
                    891.3669064748201
                ]
            ],
            "group_id": null,
            "shape_type": "polygon",
            "flags": {}
        },
        {
            "label": "person",
            "points": [
                [
                    2272.661870503597,
                    924.4604316546762
                ],
                [
                    2275.5395683453235,
                    938.1294964028776
                ],
                [
                    2279.8561151079134,
                    943.8848920863309
                ],
                [
                    2269.7841726618703,
                    961.1510791366906
                ],
                [
                    2266.187050359712,
                    978.4172661870502
                ],
                [
                    2276.258992805755,
                    985.6115107913669
                ],
                [
                    2267.625899280575,
                    1014.388489208633
                ],
                [
                    2272.661870503597,
                    1039.568345323741
                ],
                [
                    2284.892086330935,
                    1041.0071942446043
                ],
                [
                    2287.7697841726617,
                    1064.0287769784172
                ],
                [
                    2291.36690647482,
                    1082.7338129496402
                ],
                [
                    2270.503597122302,
                    1125.8992805755395
                ],
                [
                    2251.798561151079,
                    1135.9712230215825
                ],
                [
                    2265.4676258992804,
                    1148.2014388489208
                ],
                [
                    2289.208633093525,
                    1141.726618705036
                ],
                [
                    2296.4028776978416,
                    1119.4244604316546
                ],
                [
                    2309.3525179856115,
                    1084.1726618705036
                ],
                [
                    2323.021582733813,
                    1097.1223021582732
                ],
                [
                    2329.4964028776976,
                    1083.4532374100718
                ],
                [
                    2318.705035971223,
                    1072.6618705035971
                ],
                [
                    2322.302158273381,
                    1043.8848920863309
                ],
                [
                    2330.215827338129,
                    1015.8273381294963
                ],
                [
                    2338.1294964028775,
                    1002.1582733812949
                ],
                [
                    2329.4964028776976,
                    966.9064748201438
                ],
                [
                    2315.827338129496,
                    941.7266187050359
                ],
                [
                    2305.755395683453,
                    935.9712230215827
                ],
                [
                    2308.6330935251794,
                    920.863309352518
                ],
                [
                    2300.7194244604316,
                    904.3165467625898
                ],
                [
                    2284.1726618705034,
                    902.8776978417266
                ],
                [
                    2274.1007194244603,
                    913.6690647482013
                ]
            ],
            "group_id": null,
            "shape_type": "polygon",
            "flags": {}
        },
        {
            "label": "handbag",
            "points": [
                [
                    2284.892086330935,
                    976.978417266187
                ],
                [
                    2282.0143884892086,
                    1013.6690647482013
                ],
                [
                    2300.0,
                    1012.9496402877697
                ],
                [
                    2330.935251798561,
                    1010.7913669064748
                ],
                [
                    2339.5683453237407,
                    1004.3165467625898
                ],
                [
                    2332.3741007194244,
                    983.4532374100719
                ],
                [
                    2317.2661870503593,
                    985.6115107913669
                ]
            ],
            "group_id": null,
            "shape_type": "polygon",
            "flags": {}
        },
        {
            "label": "person",
            "points": [
                [
                    2301.438848920863,
                    897.8417266187049
                ],
                [
                    2307.1942446043163,
                    889.2086330935251
                ],
                [
                    2324.460431654676,
                    894.2446043165467
                ],
                [
                    2330.935251798561,
                    914.388489208633
                ],
                [
                    2334.532374100719,
                    923.0215827338129
                ],
                [
                    2347.482014388489,
                    931.6546762589927
                ],
                [
                    2351.0791366906474,
                    953.956834532374
                ],
                [
                    2360.431654676259,
                    966.1870503597121
                ],
                [
                    2364.748201438849,
                    980.5755395683452
                ],
                [
                    2363.309352517985,
                    1036.6906474820144
                ],
                [
                    2330.215827338129,
                    1031.6546762589928
                ],
                [
                    2338.1294964028775,
                    1003.5971223021581
                ],
                [
                    2333.8129496402876,
                    973.3812949640287
                ],
                [
                    2320.143884892086,
                    939.5683453237409
                ],
                [
                    2306.4748201438847,
                    935.9712230215827
                ],
                [
                    2312.230215827338,
                    923.0215827338129
                ]
            ],
            "group_id": null,
            "shape_type": "polygon",
            "flags": {}
        },
        {
            "label": "person",
            "points": [
                [
                    2469.0647482014388,
                    912.9496402877697
                ],
                [
                    2459.7122302158273,
                    925.1798561151078
                ],
                [
                    2466.9064748201436,
                    941.0071942446042
                ],
                [
                    2464.028776978417,
                    956.115107913669
                ],
                [
                    2466.187050359712,
                    967.6258992805755
                ],
                [
                    2479.136690647482,
                    987.7697841726617
                ],
                [
                    2482.73381294964,
                    1003.5971223021581
                ],
                [
                    2494.964028776978,
                    1023.0215827338128
                ],
                [
                    2502.1582733812947,
                    1040.2877697841725
                ],
                [
                    2502.8776978417263,
                    1070.5035971223022
                ],
                [
                    2500.7194244604316,
                    1089.2086330935251
                ],
                [
                    2512.9496402877694,
                    1112.230215827338
                ],
                [
                    2509.3525179856115,
                    1133.8129496402876
                ],
                [
                    2518.705035971223,
                    1139.568345323741
                ],
                [
                    2533.8129496402876,
                    1133.093525179856
                ],
                [
                    2523.021582733813,
                    1114.388489208633
                ],
                [
                    2521.5827338129493,
                    1086.3309352517986
                ],
                [
                    2518.705035971223,
                    1064.7482014388488
                ],
                [
                    2519.4244604316546,
                    1021.5827338129495
                ],
                [
                    2512.230215827338,
                    995.6834532374099
                ],
                [
                    2508.6330935251794,
                    986.3309352517985
                ],
                [
                    2513.6690647482014,
                    966.9064748201438
                ],
                [
                    2507.913669064748,
                    947.4820143884891
                ],
                [
                    2494.2446043165464,
                    935.251798561151
                ],
                [
                    2492.0863309352517,
                    928.7769784172662
                ],
                [
                    2502.8776978417263,
                    930.935251798561
                ],
                [
                    2509.3525179856115,
                    920.863309352518
                ],
                [
                    2499.280575539568,
                    912.9496402877697
                ],
                [
                    2486.3309352517986,
                    912.230215827338
                ]
            ],
            "group_id": null,
            "shape_type": "polygon",
            "flags": {}
        },
        {
            "label": "person",
            "points": [
                [
                    2365.4676258992804,
                    979.8561151079136
                ],
                [
                    2361.1510791366904,
                    1038.1294964028775
                ],
                [
                    2364.028776978417,
                    1062.5899280575538
                ],
                [
                    2371.942446043165,
                    1082.0143884892086
                ],
                [
                    2387.05035971223,
                    1099.2805755395682
                ],
                [
                    2400.0,
                    1103.5971223021581
                ],
                [
                    2406.4748201438847,
                    1127.3381294964029
                ],
                [
                    2404.3165467625895,
                    1141.0071942446043
                ],
                [
                    2388.4892086330933,
                    1156.115107913669
                ],
                [
                    2380.575539568345,
                    1165.4676258992804
                ],
                [
                    2365.4676258992804,
                    1164.0287769784172
                ],
                [
                    2357.553956834532,
                    1170.5035971223022
                ],
                [
                    2341.0071942446043,
                    1187.0503597122301
                ],
                [
                    2332.3741007194244,
                    1198.5611510791366
                ],
                [
                    2324.460431654676,
                    1219.4244604316546
                ],
                [
                    2317.9856115107914,
                    1243.1654676258993
                ],
                [
                    2274.1007194244603,
                    1323.7410071942445
                ],
                [
                    2550.359712230216,
                    1331.6546762589926
                ],
                [
                    2580.575539568345,
                    1222.302158273381
                ],
                [
                    2582.73381294964,
                    1185.6115107913668
                ],
                [
                    2575.5395683453235,
                    1156.8345323741007
                ],
                [
                    2555.3956834532373,
                    1138.1294964028775
                ],
                [
                    2534.532374100719,
                    1133.8129496402876
                ],
                [
                    2515.827338129496,
                    1138.8489208633093
                ],
                [
                    2507.1942446043163,
                    1135.251798561151
                ],
                [
                    2486.3309352517986,
                    1111.5107913669065
                ],
                [
                    2474.1007194244603,
                    1109.3525179856115
                ],
                [
                    2467.625899280575,
                    1106.4748201438847
                ],
                [
                    2466.187050359712,
                    1100.7194244604316
                ],
                [
                    2470.503597122302,
                    1079.1366906474818
                ],
                [
                    2475.5395683453235,
                    1067.6258992805754
                ],
                [
                    2489.208633093525,
                    1053.2374100719423
                ],
                [
                    2503.597122302158,
                    1039.568345323741
                ],
                [
                    2497.841726618705,
                    1020.863309352518
                ],
                [
                    2493.525179856115,
                    1013.6690647482013
                ],
                [
                    2483.453237410072,
                    1004.3165467625898
                ],
                [
                    2479.8561151079134,
                    985.6115107913669
                ],
                [
                    2468.345323741007,
                    969.0647482014388
                ],
                [
                    2456.8345323741005,
                    958.9928057553956
                ],
                [
                    2435.9712230215823,
                    953.2374100719423
                ],
                [
                    2407.1942446043163,
                    953.956834532374
                ],
                [
                    2390.647482014388,
                    959.7122302158273
                ]
            ],
            "group_id": null,
            "shape_type": "polygon",
            "flags": {}
        },
        {
            "label": "handbag",
            "points": [
                [
                    2517.985611510791,
                    1142.4460431654675
                ],
                [
                    2527.338129496403,
                    1140.2877697841725
                ],
                [
                    2544.604316546762,
                    1156.8345323741007
                ],
                [
                    2559.7122302158273,
                    1197.841726618705
                ],
                [
                    2569.7841726618703,
                    1230.2158273381294
                ],
                [
                    2559.7122302158273,
                    1243.1654676258993
                ],
                [
                    2555.3956834532373,
                    1271.9424460431653
                ],
                [
                    2548.920863309352,
                    1330.935251798561
                ],
                [
                    2588.4892086330933,
                    1328.0575539568345
                ],
                [
                    2590.647482014388,
                    1422.302158273381
                ],
                [
                    2620.8633093525177,
                    1411.5107913669065
                ],
                [
                    2648.2014388489206,
                    1400.7194244604316
                ],
                [
                    2670.503597122302,
                    1395.68345323741
                ],
                [
                    2710.7913669064747,
                    1377.6978417266187
                ],
                [
                    2738.848920863309,
                    1351.0791366906474
                ],
                [
                    2739.5683453237407,
                    1325.8992805755395
                ],
                [
                    2726.618705035971,
                    1311.5107913669065
                ],
                [
                    2704.3165467625895,
                    1300.7194244604316
                ],
                [
                    2692.0863309352517,
                    1274.8201438848919
                ],
                [
                    2658.2733812949637,
                    1218.705035971223
                ],
                [
                    2630.935251798561,
                    1215.8273381294962
                ],
                [
                    2616.5467625899278,
                    1200.7194244604316
                ],
                [
                    2595.68345323741,
                    1182.0143884892086
                ],
                [
                    2576.9784172661866,
                    1153.2374100719423
                ],
                [
                    2556.115107913669,
                    1139.568345323741
                ],
                [
                    2537.410071942446,
                    1133.8129496402876
                ]
            ],
            "group_id": null,
            "shape_type": "polygon",
            "flags": {}
        },
        {
            "label": "person",
            "points": [
                [
                    2548.2014388489206,
                    899.9999999999999
                ],
                [
                    2546.7625899280574,
                    916.546762589928
                ],
                [
                    2550.359712230216,
                    927.3381294964028
                ],
                [
                    2552.5179856115105,
                    946.0431654676258
                ],
                [
                    2546.043165467626,
                    930.935251798561
                ],
                [
                    2532.3741007194244,
                    932.3741007194244
                ],
                [
                    2533.093525179856,
                    946.0431654676258
                ],
                [
                    2541.726618705036,
                    956.8345323741006
                ],
                [
                    2548.920863309352,
                    966.9064748201438
                ],
                [
                    2537.410071942446,
                    1011.5107913669063
                ],
                [
                    2540.2877697841723,
                    1020.1438848920862
                ],
                [
                    2536.6906474820144,
                    1040.2877697841725
                ],
                [
                    2529.4964028776976,
                    1071.9424460431653
                ],
                [
                    2524.460431654676,
                    1077.6978417266187
                ],
                [
                    2530.215827338129,
                    1088.4892086330935
                ],
                [
                    2543.165467625899,
                    1079.8561151079136
                ],
                [
                    2553.237410071942,
                    1034.5323741007194
                ],
                [
                    2561.870503597122,
                    1030.935251798561
                ],
                [
                    2557.553956834532,
                    902.1582733812949
                ]
            ],
            "group_id": null,
            "shape_type": "polygon",
            "flags": {}
        },
        {
            "label": "person",
            "points": [
                [
                    2706.4748201438847,
                    892.0863309352517
                ],
                [
                    2703.597122302158,
                    906.4748201438848
                ],
                [
                    2699.280575539568,
                    919.4244604316546
                ],
                [
                    2688.4892086330933,
                    924.4604316546762
                ],
                [
                    2692.0863309352517,
                    938.8489208633092
                ],
                [
                    2702.8776978417263,
                    950.3597122302158
                ],
                [
                    2712.9496402877694,
                    969.0647482014388
                ],
                [
                    2717.2661870503593,
                    973.3812949640287
                ],
                [
                    2722.302158273381,
                    989.9280575539567
                ],
                [
                    2715.827338129496,
                    1010.0719424460431
                ],
                [
                    2706.4748201438847,
                    1032.3741007194244
                ],
                [
                    2710.7913669064747,
                    1045.3237410071943
                ],
                [
                    2723.021582733813,
                    1055.3956834532373
                ],
                [
                    2720.8633093525177,
                    1083.4532374100718
                ],
                [
                    2710.071942446043,
                    1092.0863309352517
                ],
                [
                    2698.5611510791364,
                    1098.5611510791366
                ],
                [
                    2717.2661870503593,
                    1098.5611510791366
                ],
                [
                    2733.093525179856,
                    1095.68345323741
                ],
                [
                    2738.1294964028775,
                    1060.4316546762589
                ],
                [
                    2749.6402877697838,
                    1057.5539568345323
                ],
                [
                    2764.028776978417,
                    1069.0647482014388
                ],
                [
                    2775.5395683453235,
                    1085.6115107913668
                ],
                [
                    2770.503597122302,
                    1099.2805755395682
                ],
                [
                    2777.6978417266187,
                    1104.3165467625897
                ],
                [
                    2789.9280575539565,
                    1089.2086330935251
                ],
                [
                    2782.014388489208,
                    1071.9424460431653
                ],
                [
                    2767.625899280575,
                    1056.8345323741007
                ],
                [
                    2758.9928057553952,
                    1043.1654676258993
                ],
                [
                    2762.5899280575536,
                    992.8057553956834
                ],
                [
                    2756.115107913669,
                    979.1366906474819
                ],
                [
                    2752.5179856115105,
                    956.115107913669
                ],
                [
                    2753.237410071942,
                    929.4964028776977
                ],
                [
                    2738.848920863309,
                    918.705035971223
                ],
                [
                    2733.093525179856,
                    916.546762589928
                ],
                [
                    2727.3381294964024,
                    907.9136690647481
                ],
                [
                    2738.1294964028775,
                    900.7194244604316
                ],
                [
                    2733.093525179856,
                    894.2446043165467
                ],
                [
                    2721.5827338129493,
                    892.8057553956834
                ]
            ],
            "group_id": null,
            "shape_type": "polygon",
            "flags": {}
        },
        {
            "label": "fire hydrant",
            "points": [
                [
                    2623.7410071942445,
                    969.0647482014388
                ],
                [
                    2620.8633093525177,
                    980.5755395683452
                ],
                [
                    2622.302158273381,
                    992.8057553956834
                ],
                [
                    2627.3381294964024,
                    1002.8776978417266
                ],
                [
                    2628.0575539568345,
                    1031.6546762589928
                ],
                [
                    2646.043165467626,
                    1035.251798561151
                ],
                [
                    2645.323741007194,
                    992.8057553956834
                ],
                [
                    2644.604316546762,
                    969.0647482014388
                ],
                [
                    2637.410071942446,
                    961.1510791366906
                ]
            ],
            "group_id": null,
            "shape_type": "polygon",
            "flags": {}
        },
        {
            "label": "person",
            "points": [
                [
                    2366.086956521739,
                    833.0434782608695
                ],
                [
                    2366.086956521739,
                    848.6956521739129
                ],
                [
                    2352.173913043478,
                    867.8260869565216
                ],
                [
                    2359.9999999999995,
                    881.7391304347825
                ],
                [
                    2358.260869565217,
                    909.5652173913043
                ],
                [
                    2359.1304347826085,
                    922.6086956521738
                ],
                [
                    2364.347826086956,
                    946.9565217391304
                ],
                [
                    2366.95652173913,
                    962.6086956521738
                ],
                [
                    2388.6956521739125,
                    956.5217391304346
                ],
                [
                    2388.6956521739125,
                    930.4347826086955
                ],
                [
                    2392.173913043478,
                    919.9999999999999
                ],
                [
                    2390.4347826086955,
                    882.6086956521738
                ],
                [
                    2399.1304347826085,
                    876.5217391304346
                ],
                [
                    2397.391304347826,
                    859.1304347826086
                ],
                [
                    2386.086956521739,
                    852.1739130434781
                ],
                [
                    2381.7391304347825,
                    834.7826086956521
                ]
            ],
            "group_id": null,
            "shape_type": "polygon",
            "flags": {}
        },
        {
            "label": "truck",
            "points": [
                [
                    2818.260869565217,
                    867.8260869565216
                ],
                [
                    2819.0,
                    815.0
                ],
                [
                    2818.260869565217,
                    801.7391304347825
                ],
                [
                    2791.3043478260865,
                    802.6086956521738
                ],
                [
                    2779.9999999999995,
                    804.3478260869564
                ],
                [
                    2771.3043478260865,
                    805.2173913043478
                ],
                [
                    2773.043478260869,
                    823.4782608695651
                ],
                [
                    2782.6086956521735,
                    826.086956521739
                ],
                [
                    2786.95652173913,
                    851.3043478260869
                ],
                [
                    2786.086956521739,
                    871.3043478260869
                ],
                [
                    2800.869565217391,
                    880.8695652173913
                ]
            ],
            "group_id": null,
            "shape_type": "polygon",
            "flags": {}
        },
        {
            "label": "person",
            "points": [
                [
                    2458.7301587301586,
                    811.9047619047619
                ],
                [
                    2451.5873015873017,
                    825.3968253968254
                ],
                [
                    2441.2698412698414,
                    839.6825396825396
                ],
                [
                    2450.0,
                    853.1746031746031
                ],
                [
                    2452.3809523809523,
                    876.984126984127
                ],
                [
                    2479.3650793650795,
                    867.4603174603175
                ],
                [
                    2479.3650793650795,
                    856.3492063492064
                ],
                [
                    2488.8888888888887,
                    838.0952380952381
                ],
                [
                    2479.3650793650795,
                    826.1904761904761
                ],
                [
                    2472.222222222222,
                    824.6031746031746
                ]
            ],
            "group_id": null,
            "shape_type": "polygon",
            "flags": {}
        }
    ],
    "imagePath": "../../Canon1DsMkIII_PNG/Canon1DsMkIII_0072.PNG",
    "imageData": null,
    "imageHeight": 1876,
    "imageWidth": 2820
}