{
    "version": "4.5.6",
    "flags": {},
    "shapes": [
        {
            "label": "chair",
            "points": [
                [
                    1387.6543209876543,
                    2716.0493827160494
                ],
                [
                    1391.358024691358,
                    2814.814814814815
                ],
                [
                    1395.0617283950617,
                    2818.5185185185182
                ],
                [
                    1439.506172839506,
                    2818.5185185185182
                ],
                [
                    1443.2098765432097,
                    2788.8888888888887
                ],
                [
                    1430.8641975308642,
                    2776.543209876543
                ],
                [
                    1429.6296296296296,
                    2750.617283950617
                ],
                [
                    1548.148148148148,
                    2753.0864197530864
                ],
                [
                    1548.148148148148,
                    2770.37037037037
                ],
                [
                    1540.7407407407406,
                    2779.012345679012
                ],
                [
                    1541.9753086419753,
                    2817.2839506172836
                ],
                [
                    1592.5925925925924,
                    2817.2839506172836
                ],
                [
                    1590.1234567901233,
                    2723.456790123457
                ],
                [
                    1601.2345679012344,
                    2716.0493827160494
                ]
            ],
            "group_id": null,
            "shape_type": "polygon",
            "flags": {}
        }
    ],
    "imagePath": "../../Canon1DsMkIII_PNG/Canon1DsMkIII_0181.PNG",
    "imageData": null,
    "imageHeight": 2820,
    "imageWidth": 1876
}