{
    "version": "4.5.6",
    "flags": {},
    "shapes": [
        {
            "label": "bicycle",
            "points": [
                [
                    539.5,
                    2000.0
                ],
                [
                    502.0,
                    2022.5
                ],
                [
                    494.5,
                    2087.5
                ],
                [
                    514.5,
                    2142.5
                ],
                [
                    562.0,
                    2160.0
                ],
                [
                    634.5,
                    2130.0
                ],
                [
                    679.5,
                    2042.5
                ],
                [
                    702.0,
                    2072.5
                ],
                [
                    784.5,
                    2167.5
                ],
                [
                    867.0,
                    2162.5
                ],
                [
                    902.0,
                    2090.0
                ],
                [
                    894.5,
                    2040.0
                ],
                [
                    729.5,
                    1955.0
                ],
                [
                    694.5,
                    1950.0
                ],
                [
                    667.0,
                    1935.0
                ],
                [
                    634.5,
                    1917.5
                ],
                [
                    609.5,
                    1895.0
                ],
                [
                    542.0,
                    1885.0
                ],
                [
                    507.0,
                    1907.5
                ],
                [
                    529.5,
                    1932.5
                ]
            ],
            "group_id": null,
            "shape_type": "polygon",
            "flags": {}
        },
        {
            "label": "car",
            "points": [
                [
                    1752.0,
                    1692.5
                ],
                [
                    1807.0,
                    1692.5
                ],
                [
                    1832.0,
                    1727.5
                ],
                [
                    1852.0,
                    1755.0
                ],
                [
                    1852.0,
                    1815.0
                ],
                [
                    1842.0,
                    1842.5
                ],
                [
                    1812.0,
                    1825.0
                ],
                [
                    1789.5,
                    1832.5
                ],
                [
                    1787.0,
                    1795.0
                ],
                [
                    1807.0,
                    1775.0
                ],
                [
                    1789.5,
                    1742.5
                ],
                [
                    1777.0,
                    1722.5
                ],
                [
                    1754.5,
                    1722.5
                ]
            ],
            "group_id": null,
            "shape_type": "polygon",
            "flags": {}
        },
        {
            "label": "person",
            "points": [
                [
                    1759.5,
                    1730.0
                ],
                [
                    1774.5,
                    1727.5
                ],
                [
                    1792.0,
                    1755.0
                ],
                [
                    1807.0,
                    1777.5
                ],
                [
                    1792.0,
                    1805.0
                ],
                [
                    1789.5,
                    1845.0
                ],
                [
                    1804.5,
                    1877.5
                ],
                [
                    1807.0,
                    1930.0
                ],
                [
                    1789.5,
                    1930.0
                ],
                [
                    1779.5,
                    1860.0
                ],
                [
                    1759.5,
                    1860.0
                ],
                [
                    1752.0,
                    1782.5
                ]
            ],
            "group_id": null,
            "shape_type": "polygon",
            "flags": {}
        }
    ],
    "imagePath": "../../Canon1DsMkIII_PNG/Canon1DsMkIII_0152.PNG",
    "imageData": null,
    "imageHeight": 2820,
    "imageWidth": 1876
}