{
    "version": "4.5.6",
    "flags": {},
    "shapes": [
        {
            "label": "person",
            "points": [
                [
                    1448.9208633093524,
                    1604.3165467625897
                ],
                [
                    1444.6043165467624,
                    1616.546762589928
                ],
                [
                    1441.007194244604,
                    1628.0575539568345
                ],
                [
                    1443.8848920863309,
                    1653.956834532374
                ],
                [
                    1442.4460431654675,
                    1668.345323741007
                ],
                [
                    1438.1294964028775,
                    1699.9999999999998
                ],
                [
                    1433.093525179856,
                    1724.460431654676
                ],
                [
                    1444.6043165467624,
                    1743.165467625899
                ],
                [
                    1447.482014388489,
                    1776.2589928057553
                ],
                [
                    1458.2733812949639,
                    1774.1007194244603
                ],
                [
                    1460.4316546762589,
                    1758.9928057553955
                ],
                [
                    1469.0647482014388,
                    1774.1007194244603
                ],
                [
                    1481.2949640287768,
                    1778.4172661870502
                ],
                [
                    1476.2589928057553,
                    1758.2733812949639
                ],
                [
                    1484.1726618705034,
                    1736.6906474820141
                ],
                [
                    1479.1366906474818,
                    1720.1438848920861
                ],
                [
                    1484.8920863309352,
                    1706.4748201438847
                ],
                [
                    1481.2949640287768,
                    1681.2949640287768
                ],
                [
                    1487.0503597122301,
                    1666.187050359712
                ],
                [
                    1501.4388489208632,
                    1647.482014388489
                ],
                [
                    1500.7194244604316,
                    1633.8129496402876
                ],
                [
                    1481.2949640287768,
                    1621.5827338129495
                ],
                [
                    1471.9424460431653,
                    1611.5107913669062
                ],
                [
                    1464.0287769784172,
                    1598.5611510791366
                ]
            ],
            "group_id": null,
            "shape_type": "polygon",
            "flags": {}
        },
        {
            "label": "person",
            "points": [
                [
                    1408.6330935251797,
                    1613.6690647482012
                ],
                [
                    1398.5611510791366,
                    1625.1798561151077
                ],
                [
                    1397.1223021582732,
                    1639.568345323741
                ],
                [
                    1392.8057553956833,
                    1651.798561151079
                ],
                [
                    1391.36690647482,
                    1667.6258992805754
                ],
                [
                    1389.9280575539567,
                    1686.3309352517983
                ],
                [
                    1395.68345323741,
                    1705.7553956834531
                ],
                [
                    1443.165467625899,
                    1676.9784172661869
                ],
                [
                    1439.568345323741,
                    1658.2733812949639
                ],
                [
                    1433.8129496402876,
                    1643.8848920863309
                ],
                [
                    1423.7410071942445,
                    1640.2877697841725
                ],
                [
                    1423.021582733813,
                    1623.0215827338127
                ]
            ],
            "group_id": null,
            "shape_type": "polygon",
            "flags": {}
        }
    ],
    "imagePath": "../../Canon1DsMkIII_PNG/Canon1DsMkIII_0058.PNG",
    "imageData": null,
    "imageHeight": 2820,
    "imageWidth": 1876
}