{
    "version": "4.5.6",
    "flags": {},
    "shapes": [
        {
            "label": "person",
            "points": [
                [
                    1683.4710743801654,
                    984.7107438016529
                ],
                [
                    1689.6694214876034,
                    984.297520661157
                ],
                [
                    1694.2148760330579,
                    966.5289256198347
                ],
                [
                    1697.107438016529,
                    974.7933884297521
                ],
                [
                    1697.107438016529,
                    984.297520661157
                ],
                [
                    1704.5454545454545,
                    984.7107438016529
                ],
                [
                    1706.1983471074382,
                    964.8760330578513
                ],
                [
                    1705.7851239669421,
                    949.1735537190083
                ],
                [
                    1709.9173553719008,
                    937.1900826446281
                ],
                [
                    1707.0247933884298,
                    923.5537190082645
                ],
                [
                    1700.0,
                    921.900826446281
                ],
                [
                    1701.6528925619834,
                    905.3719008264463
                ],
                [
                    1694.6280991735537,
                    903.305785123967
                ],
                [
                    1690.0826446280992,
                    907.8512396694215
                ],
                [
                    1689.6694214876034,
                    911.5702479338843
                ],
                [
                    1692.1487603305786,
                    919.8347107438017
                ],
                [
                    1684.710743801653,
                    924.3801652892562
                ],
                [
                    1683.0578512396694,
                    940.4958677685951
                ],
                [
                    1681.404958677686,
                    948.3471074380166
                ],
                [
                    1683.8842975206612,
                    951.2396694214876
                ],
                [
                    1686.7768595041323,
                    950.4132231404959
                ],
                [
                    1687.6033057851241,
                    963.2231404958678
                ],
                [
                    1687.190082644628,
                    972.7272727272727
                ]
            ],
            "group_id": null,
            "shape_type": "polygon",
            "flags": {}
        },
        {
            "label": "person",
            "points": [
                [
                    1728.9256198347107,
                    874.3801652892562
                ],
                [
                    1728.9256198347107,
                    884.297520661157
                ],
                [
                    1729.3388429752067,
                    888.0165289256198
                ],
                [
                    1723.1404958677685,
                    888.8429752066116
                ],
                [
                    1717.3553719008264,
                    903.7190082644628
                ],
                [
                    1714.0495867768595,
                    914.4628099173553
                ],
                [
                    1718.595041322314,
                    914.8760330578513
                ],
                [
                    1723.1404958677685,
                    911.1570247933885
                ],
                [
                    1724.7933884297522,
                    909.0909090909091
                ],
                [
                    1724.7933884297522,
                    915.702479338843
                ],
                [
                    1723.5537190082646,
                    924.7933884297521
                ],
                [
                    1718.595041322314,
                    935.9504132231406
                ],
                [
                    1722.7272727272727,
                    938.8429752066116
                ],
                [
                    1724.7933884297522,
                    959.9173553719008
                ],
                [
                    1731.404958677686,
                    958.6776859504132
                ],
                [
                    1733.4710743801654,
                    966.9421487603306
                ],
                [
                    1738.01652892562,
                    978.0991735537191
                ],
                [
                    1737.6033057851241,
                    980.5785123966942
                ],
                [
                    1731.8181818181818,
                    987.1900826446281
                ],
                [
                    1744.2148760330579,
                    985.5371900826447
                ],
                [
                    1744.6280991735537,
                    971.0743801652893
                ],
                [
                    1747.9338842975208,
                    959.504132231405
                ],
                [
                    1754.5454545454545,
                    955.3719008264463
                ],
                [
                    1754.5454545454545,
                    944.2148760330579
                ],
                [
                    1757.4380165289256,
                    935.5371900826447
                ],
                [
                    1752.0661157024795,
                    923.5537190082645
                ],
                [
                    1747.107438016529,
                    907.8512396694215
                ],
                [
                    1747.107438016529,
                    905.3719008264463
                ],
                [
                    1757.8512396694216,
                    921.900826446281
                ],
                [
                    1761.5702479338843,
                    930.9917355371902
                ],
                [
                    1760.7438016528927,
                    936.7768595041323
                ],
                [
                    1764.0495867768595,
                    936.7768595041323
                ],
                [
                    1766.9421487603306,
                    932.2314049586777
                ],
                [
                    1757.0247933884298,
                    907.8512396694215
                ],
                [
                    1751.2396694214876,
                    895.4545454545455
                ],
                [
                    1747.107438016529,
                    889.6694214876034
                ],
                [
                    1743.3884297520663,
                    887.603305785124
                ],
                [
                    1743.801652892562,
                    876.4462809917355
                ],
                [
                    1741.7355371900826,
                    872.3140495867768
                ],
                [
                    1737.6033057851241,
                    870.6611570247934
                ]
            ],
            "group_id": null,
            "shape_type": "polygon",
            "flags": {}
        },
        {
            "label": "handbag",
            "points": [
                [
                    1740.0826446280992,
                    927.2727272727273
                ],
                [
                    1738.8429752066115,
                    938.8429752066116
                ],
                [
                    1753.305785123967,
                    940.0826446280992
                ],
                [
                    1757.4380165289256,
                    935.9504132231406
                ],
                [
                    1752.892561983471,
                    923.5537190082645
                ],
                [
                    1742.1487603305786,
                    923.1404958677687
                ]
            ],
            "group_id": null,
            "shape_type": "polygon",
            "flags": {}
        }
    ],
    "imagePath": "../../Canon1DsMkIII_PNG/Canon1DsMkIII_0108.PNG",
    "imageData": null,
    "imageHeight": 1876,
    "imageWidth": 2820
}