{
    "version": "4.5.6",
    "flags": {},
    "shapes": [
        {
            "label": "chair",
            "points": [
                [
                    2312.0392156862745,
                    637.0196078431372
                ],
                [
                    2314.0,
                    652.7058823529412
                ],
                [
                    2327.725490196078,
                    650.7450980392157
                ],
                [
                    2331.6470588235293,
                    654.6666666666666
                ],
                [
                    2333.607843137255,
                    856.6274509803922
                ],
                [
                    2372.823529411765,
                    854.6666666666666
                ],
                [
                    2372.823529411765,
                    689.9607843137255
                ],
                [
                    2427.725490196078,
                    693.8823529411765
                ],
                [
                    2427.725490196078,
                    860.5490196078431
                ],
                [
                    2451.254901960784,
                    860.5490196078431
                ],
                [
                    2468.901960784314,
                    850.7450980392157
                ],
                [
                    2470.8627450980393,
                    697.8039215686274
                ],
                [
                    2482.627450980392,
                    705.6470588235294
                ],
                [
                    2482.627450980392,
                    870.3529411764706
                ],
                [
                    2525.7647058823527,
                    866.4313725490196
                ],
                [
                    2529.6862745098038,
                    697.8039215686274
                ],
                [
                    2574.78431372549,
                    688.0
                ],
                [
                    2576.7450980392155,
                    848.7843137254902
                ],
                [
                    2604.1960784313724,
                    854.6666666666666
                ],
                [
                    2617.921568627451,
                    846.8235294117646
                ],
                [
                    2621.843137254902,
                    654.6666666666666
                ],
                [
                    2645.372549019608,
                    637.0196078431372
                ],
                [
                    2645.372549019608,
                    633.0980392156863
                ],
                [
                    2441.450980392157,
                    607.6078431372549
                ]
            ],
            "group_id": null,
            "shape_type": "polygon",
            "flags": {}
        },
        {
            "label": "handbag",
            "points": [
                [
                    2308.1176470588234,
                    421.3333333333333
                ],
                [
                    2300.2745098039213,
                    521.3333333333334
                ],
                [
                    2302.235294117647,
                    546.8235294117648
                ],
                [
                    2306.156862745098,
                    613.4901960784314
                ],
                [
                    2410.078431372549,
                    572.313725490196
                ],
                [
                    2408.1176470588234,
                    546.8235294117648
                ],
                [
                    2378.705882352941,
                    474.27450980392155
                ],
                [
                    2339.4901960784314,
                    413.4901960784314
                ]
            ],
            "group_id": null,
            "shape_type": "polygon",
            "flags": {}
        },
        {
            "label": "person",
            "points": [
                [
                    2643.4117647058824,
                    260.54901960784315
                ],
                [
                    2635.5686274509803,
                    293.88235294117646
                ],
                [
                    2596.3529411764707,
                    350.7450980392157
                ],
                [
                    2592.4313725490197,
                    413.4901960784314
                ],
                [
                    2604.1960784313724,
                    454.6666666666667
                ],
                [
                    2602.235294117647,
                    497.80392156862746
                ],
                [
                    2615.9607843137255,
                    564.4705882352941
                ],
                [
                    2623.8039215686276,
                    631.1372549019608
                ],
                [
                    2663.0196078431372,
                    633.0980392156863
                ],
                [
                    2676.7450980392155,
                    591.9215686274509
                ],
                [
                    2690.470588235294,
                    511.52941176470586
                ],
                [
                    2710.078431372549,
                    395.84313725490193
                ],
                [
                    2696.3529411764707,
                    344.8627450980392
                ],
                [
                    2694.392156862745,
                    325.2549019607843
                ],
                [
                    2696.3529411764707,
                    288.0
                ],
                [
                    2682.627450980392,
                    270.3529411764706
                ]
            ],
            "group_id": null,
            "shape_type": "polygon",
            "flags": {}
        }
    ],
    "imagePath": "../../Canon1DsMkIII_PNG/Canon1DsMkIII_0141.PNG",
    "imageData": null,
    "imageHeight": 1876,
    "imageWidth": 2820
}