{
    "version": "4.5.6",
    "flags": {},
    "shapes": [
        {
            "label": "person",
            "points": [
                [
                    1649.1735537190084,
                    880.5785123966942
                ],
                [
                    1648.3471074380166,
                    888.4297520661157
                ],
                [
                    1647.9338842975208,
                    906.6115702479339
                ],
                [
                    1654.9586776859505,
                    907.0247933884298
                ],
                [
                    1657.8512396694216,
                    893.8016528925621
                ],
                [
                    1657.8512396694216,
                    886.7768595041323
                ],
                [
                    1654.5454545454545,
                    880.9917355371902
                ]
            ],
            "group_id": null,
            "shape_type": "polygon",
            "flags": {}
        },
        {
            "label": "person",
            "points": [
                [
                    1665.702479338843,
                    907.0247933884298
                ],
                [
                    1674.3801652892562,
                    906.6115702479339
                ],
                [
                    1672.7272727272727,
                    888.0165289256198
                ],
                [
                    1667.3553719008264,
                    880.9917355371902
                ],
                [
                    1661.9834710743803,
                    880.9917355371902
                ]
            ],
            "group_id": null,
            "shape_type": "polygon",
            "flags": {}
        },
        {
            "label": "person",
            "points": [
                [
                    1774.2209631728044,
                    884.4192634560906
                ],
                [
                    1773.9669421487604,
                    906.6115702479339
                ],
                [
                    1779.7520661157025,
                    907.4380165289257
                ],
                [
                    1780.1652892561983,
                    892.9752066115702
                ],
                [
                    1780.9917355371902,
                    888.0165289256198
                ],
                [
                    1780.1652892561983,
                    885.1239669421487
                ],
                [
                    1777.053824362606,
                    878.470254957507
                ]
            ],
            "group_id": null,
            "shape_type": "polygon",
            "flags": {}
        },
        {
            "label": "person",
            "points": [
                [
                    1787.2521246458923,
                    884.7025495750707
                ],
                [
                    1786.1189801699716,
                    887.2521246458923
                ],
                [
                    1784.9858356940508,
                    890.3682719546741
                ],
                [
                    1782.1529745042492,
                    892.0679886685551
                ],
                [
                    1782.7195467422096,
                    905.6657223796034
                ],
                [
                    1792.067988668555,
                    905.9490084985835
                ],
                [
                    1794.3342776203965,
                    895.1841359773371
                ],
                [
                    1792.067988668555,
                    890.6515580736543
                ],
                [
                    1792.067988668555,
                    886.1189801699716
                ]
            ],
            "group_id": null,
            "shape_type": "polygon",
            "flags": {}
        },
        {
            "label": "person",
            "points": [
                [
                    1551.841359773371,
                    883.8526912181303
                ],
                [
                    1548.725212464589,
                    887.2521246458923
                ],
                [
                    1551.2747875354107,
                    900.8498583569404
                ],
                [
                    1550.4249291784702,
                    909.9150141643058
                ],
                [
                    1555.8073654390935,
                    911.3314447592068
                ],
                [
                    1556.940509915014,
                    898.5835694050991
                ],
                [
                    1557.2237960339942,
                    892.0679886685551
                ],
                [
                    1556.0906515580734,
                    890.0849858356939
                ],
                [
                    1556.0906515580734,
                    886.4022662889518
                ]
            ],
            "group_id": null,
            "shape_type": "polygon",
            "flags": {}
        },
        {
            "label": "person",
            "points": [
                [
                    2571.954674220963,
                    866.2889518413597
                ],
                [
                    2575.9206798866853,
                    872.5212464589234
                ],
                [
                    2574.7875354107646,
                    898.5835694050991
                ],
                [
                    2574.5042492917846,
                    900.5665722379603
                ],
                [
                    2579.036827195467,
                    899.9999999999999
                ],
                [
                    2583.0028328611897,
                    882.7195467422096
                ],
                [
                    2584.4192634560904,
                    872.5212464589234
                ],
                [
                    2581.869688385269,
                    869.4050991501416
                ],
                [
                    2579.3201133144476,
                    865.4390934844192
                ]
            ],
            "group_id": null,
            "shape_type": "polygon",
            "flags": {}
        },
        {
            "label": "person",
            "points": [
                [
                    2581.5864022662886,
                    866.0056657223795
                ],
                [
                    2586.1189801699716,
                    866.2889518413597
                ],
                [
                    2591.501416430595,
                    875.3541076487252
                ],
                [
                    2587.5354107648723,
                    886.6855524079319
                ],
                [
                    2593.767705382436,
                    896.6005665722379
                ],
                [
                    2584.702549575071,
                    901.9830028328611
                ],
                [
                    2582.152974504249,
                    897.4504249291784
                ],
                [
                    2584.702549575071,
                    892.3512747875353
                ],
                [
                    2581.019830028328,
                    889.8016997167139
                ],
                [
                    2584.4192634560904,
                    873.9376770538242
                ]
            ],
            "group_id": null,
            "shape_type": "polygon",
            "flags": {}
        }
    ],
    "imagePath": "../../Canon1DsMkIII_PNG/Canon1DsMkIII_0095.PNG",
    "imageData": null,
    "imageHeight": 1876,
    "imageWidth": 2820
}