{
    "version": "4.5.6",
    "flags": {},
    "shapes": [
        {
            "label": "book",
            "points": [
                [
                    1366.9411764705883,
                    1270.3529411764705
                ],
                [
                    1364.9803921568628,
                    1295.8431372549019
                ],
                [
                    1404.1960784313726,
                    1350.7450980392157
                ],
                [
                    1414.0,
                    1348.7843137254902
                ],
                [
                    1643.4117647058824,
                    1346.8235294117646
                ],
                [
                    1633.6078431372548,
                    1317.4117647058824
                ],
                [
                    1598.313725490196,
                    1274.2745098039215
                ]
            ],
            "group_id": null,
            "shape_type": "polygon",
            "flags": {}
        },
        {
            "label": "book",
            "points": [
                [
                    1592.4313725490197,
                    1264.4705882352941
                ],
                [
                    1668.9019607843136,
                    1378.1960784313726
                ],
                [
                    1800.2745098039215,
                    1350.7450980392157
                ],
                [
                    1939.4901960784314,
                    1352.7058823529412
                ],
                [
                    2049.294117647059,
                    1364.4705882352941
                ],
                [
                    2041.450980392157,
                    1331.1372549019607
                ],
                [
                    1933.6078431372548,
                    1258.5882352941176
                ],
                [
                    1668.9019607843136,
                    1252.7058823529412
                ]
            ],
            "group_id": null,
            "shape_type": "polygon",
            "flags": {}
        },
        {
            "label": "book",
            "points": [
                [
                    2123.8039215686276,
                    1262.5098039215686
                ],
                [
                    2192.4313725490197,
                    1289.9607843137255
                ],
                [
                    2364.9803921568628,
                    1258.5882352941176
                ],
                [
                    2333.607843137255,
                    1240.9411764705883
                ],
                [
                    2274.78431372549,
                    1233.0980392156862
                ]
            ],
            "group_id": null,
            "shape_type": "polygon",
            "flags": {}
        },
        {
            "label": "book",
            "points": [
                [
                    2247.3333333333335,
                    1280.1568627450981
                ],
                [
                    2253.2156862745096,
                    1305.6470588235293
                ],
                [
                    2306.156862745098,
                    1319.3725490196077
                ],
                [
                    2527.725490196078,
                    1333.0980392156862
                ],
                [
                    2488.5098039215686,
                    1258.5882352941176
                ],
                [
                    2345.372549019608,
                    1250.7450980392157
                ],
                [
                    2361.0588235294117,
                    1260.549019607843
                ]
            ],
            "group_id": null,
            "shape_type": "polygon",
            "flags": {}
        }
    ],
    "imagePath": "../../Canon1DsMkIII_PNG/Canon1DsMkIII_0235.PNG",
    "imageData": null,
    "imageHeight": 1876,
    "imageWidth": 2820
}