{
    "version": "4.5.6",
    "flags": {},
    "shapes": [
        {
            "label": "car",
            "points": [
                [
                    2145.372549019608,
                    1640.9411764705883
                ],
                [
                    2155.176470588235,
                    1688.0
                ],
                [
                    2186.549019607843,
                    1689.9607843137255
                ],
                [
                    2241.450980392157,
                    1752.7058823529412
                ],
                [
                    2247.3333333333335,
                    1791.921568627451
                ],
                [
                    2278.705882352941,
                    1791.921568627451
                ],
                [
                    2321.843137254902,
                    1799.764705882353
                ],
                [
                    2423.8039215686276,
                    1799.764705882353
                ],
                [
                    2482.627450980392,
                    1803.686274509804
                ],
                [
                    2502.235294117647,
                    1780.156862745098
                ],
                [
                    2515.9607843137255,
                    1709.5686274509803
                ],
                [
                    2464.9803921568628,
                    1646.8235294117646
                ],
                [
                    2466.9411764705883,
                    1623.2941176470588
                ],
                [
                    2451.254901960784,
                    1623.2941176470588
                ],
                [
                    2406.156862745098,
                    1564.4705882352941
                ],
                [
                    2357.1372549019607,
                    1531.1372549019607
                ],
                [
                    2302.235294117647,
                    1527.2156862745098
                ],
                [
                    2239.4901960784314,
                    1570.3529411764705
                ],
                [
                    2176.7450980392155,
                    1615.450980392157
                ]
            ],
            "group_id": null,
            "shape_type": "polygon",
            "flags": {}
        },
        {
            "label": "car",
            "points": [
                [
                    1439.4901960784314,
                    1074.2745098039215
                ],
                [
                    1425.764705882353,
                    1103.686274509804
                ],
                [
                    1443.4117647058824,
                    1152.7058823529412
                ],
                [
                    1466.9411764705883,
                    1164.4705882352941
                ],
                [
                    1500.2745098039215,
                    1158.5882352941176
                ],
                [
                    1521.8431372549019,
                    1172.313725490196
                ],
                [
                    1531.6470588235293,
                    1144.862745098039
                ],
                [
                    1527.7254901960785,
                    1103.686274509804
                ],
                [
                    1517.921568627451,
                    1068.392156862745
                ],
                [
                    1459.0980392156862,
                    1066.4313725490197
                ]
            ],
            "group_id": null,
            "shape_type": "polygon",
            "flags": {}
        },
        {
            "label": "car",
            "points": [
                [
                    1606.156862745098,
                    1172.313725490196
                ],
                [
                    1625.764705882353,
                    1168.392156862745
                ],
                [
                    1712.0392156862745,
                    1166.4313725490197
                ],
                [
                    1725.764705882353,
                    1115.450980392157
                ],
                [
                    1704.1960784313726,
                    1080.1568627450981
                ],
                [
                    1637.5294117647059,
                    1076.235294117647
                ],
                [
                    1584.5882352941176,
                    1089.9607843137255
                ]
            ],
            "group_id": null,
            "shape_type": "polygon",
            "flags": {}
        },
        {
            "label": "car",
            "points": [
                [
                    1829.686274509804,
                    1080.1568627450981
                ],
                [
                    1827.7254901960785,
                    1144.862745098039
                ],
                [
                    1908.1176470588234,
                    1184.078431372549
                ],
                [
                    1937.5294117647059,
                    1162.5098039215686
                ],
                [
                    1955.1764705882354,
                    1099.764705882353
                ],
                [
                    1915.9607843137255,
                    1076.235294117647
                ]
            ],
            "group_id": null,
            "shape_type": "polygon",
            "flags": {}
        }
    ],
    "imagePath": "../../Canon1DsMkIII_PNG/Canon1DsMkIII_0156.PNG",
    "imageData": null,
    "imageHeight": 1876,
    "imageWidth": 2820
}