{
    "version": "4.5.6",
    "flags": {},
    "shapes": [
        {
            "label": "bottle",
            "points": [
                [
                    1260.6741573033707,
                    967.4157303370787
                ],
                [
                    1265.1685393258426,
                    993.2584269662921
                ],
                [
                    1278.6516853932585,
                    1013.4831460674158
                ],
                [
                    1321.3483146067415,
                    1080.8988764044943
                ],
                [
                    1361.7977528089887,
                    1073.0337078651685
                ],
                [
                    1338.202247191011,
                    1019.1011235955056
                ],
                [
                    1303.370786516854,
                    987.6404494382023
                ],
                [
                    1286.5168539325844,
                    975.2808988764045
                ]
            ],
            "group_id": null,
            "shape_type": "polygon",
            "flags": {}
        },
        {
            "label": "bottle",
            "points": [
                [
                    1319.1011235955057,
                    1078.6516853932585
                ],
                [
                    1320.2247191011236,
                    1077.5280898876404
                ],
                [
                    1353.9325842696628,
                    1122.4719101123596
                ],
                [
                    1389.887640449438,
                    1191.0112359550562
                ],
                [
                    1393.258426966292,
                    1204.4943820224719
                ],
                [
                    1417.9775280898875,
                    1193.258426966292
                ],
                [
                    1406.741573033708,
                    1159.5505617977528
                ],
                [
                    1402.2471910112358,
                    1125.8426966292134
                ],
                [
                    1387.6404494382023,
                    1092.1348314606741
                ],
                [
                    1371.9101123595506,
                    1079.7752808988764
                ],
                [
                    1361.7977528089887,
                    1071.9101123595506
                ]
            ],
            "group_id": null,
            "shape_type": "polygon",
            "flags": {}
        },
        {
            "label": "bottle",
            "points": [
                [
                    674.820143884892,
                    1650.3597122302158
                ],
                [
                    681.2949640287769,
                    1697.1223021582732
                ],
                [
                    715.8273381294963,
                    1704.3165467625897
                ],
                [
                    722.3021582733812,
                    1732.3741007194244
                ],
                [
                    827.3381294964028,
                    1755.3956834532373
                ],
                [
                    817.2661870503597,
                    1733.093525179856
                ],
                [
                    812.230215827338,
                    1708.6330935251797
                ],
                [
                    838.1294964028776,
                    1708.6330935251797
                ],
                [
                    868.3453237410071,
                    1687.0503597122301
                ],
                [
                    835.251798561151,
                    1661.1510791366904
                ],
                [
                    791.3669064748201,
                    1646.7625899280574
                ],
                [
                    757.5539568345323,
                    1641.726618705036
                ],
                [
                    738.8489208633093,
                    1644.6043165467624
                ],
                [
                    716.546762589928,
                    1654.6762589928055
                ]
            ],
            "group_id": null,
            "shape_type": "polygon",
            "flags": {}
        },
        {
            "label": "bottle",
            "points": [
                [
                    812.230215827338,
                    1708.6330935251797
                ],
                [
                    816.546762589928,
                    1735.9712230215825
                ],
                [
                    827.3381294964028,
                    1751.798561151079
                ],
                [
                    946.0431654676258,
                    1779.1366906474818
                ],
                [
                    985.6115107913669,
                    1776.2589928057553
                ],
                [
                    975.5395683453237,
                    1736.6906474820141
                ],
                [
                    1002.1582733812949,
                    1721.5827338129495
                ],
                [
                    1035.251798561151,
                    1714.388489208633
                ],
                [
                    1045.3237410071943,
                    1689.9280575539567
                ],
                [
                    1000.7194244604316,
                    1683.4532374100718
                ],
                [
                    955.3956834532373,
                    1683.4532374100718
                ],
                [
                    912.9496402877697,
                    1684.8920863309352
                ],
                [
                    884.8920863309352,
                    1689.9280575539567
                ],
                [
                    871.2230215827337,
                    1687.0503597122301
                ],
                [
                    835.9712230215827,
                    1711.5107913669062
                ]
            ],
            "group_id": null,
            "shape_type": "polygon",
            "flags": {}
        },
        {
            "label": "bottle",
            "points": [
                [
                    976.978417266187,
                    1735.9712230215825
                ],
                [
                    987.0503597122301,
                    1774.8201438848919
                ],
                [
                    1053.2374100719423,
                    1775.5395683453237
                ],
                [
                    1124.460431654676,
                    1760.4316546762589
                ],
                [
                    1140.2877697841725,
                    1738.848920863309
                ],
                [
                    1138.8489208633093,
                    1714.388489208633
                ],
                [
                    1153.956834532374,
                    1704.3165467625897
                ],
                [
                    1167.6258992805754,
                    1665.4676258992804
                ],
                [
                    1135.251798561151,
                    1669.7841726618703
                ],
                [
                    1101.4388489208632,
                    1674.1007194244603
                ],
                [
                    1071.9424460431653,
                    1681.2949640287768
                ],
                [
                    1043.8848920863309,
                    1689.2086330935251
                ],
                [
                    1036.6906474820144,
                    1716.546762589928
                ],
                [
                    1003.5971223021581,
                    1719.4244604316546
                ]
            ],
            "group_id": null,
            "shape_type": "polygon",
            "flags": {}
        },
        {
            "label": "bottle",
            "points": [
                [
                    1174.1007194244603,
                    1671.2230215827337
                ],
                [
                    1166.1870503597122,
                    1698.5611510791366
                ],
                [
                    1141.0071942446043,
                    1715.8273381294962
                ],
                [
                    1139.568345323741,
                    1742.4460431654675
                ],
                [
                    1177.6978417266187,
                    1753.2374100719423
                ],
                [
                    1255.3956834532373,
                    1746.0431654676258
                ],
                [
                    1318.705035971223,
                    1708.6330935251797
                ],
                [
                    1295.68345323741,
                    1669.7841726618703
                ],
                [
                    1325.179856115108,
                    1629.4964028776976
                ],
                [
                    1358.9928057553955,
                    1613.6690647482012
                ],
                [
                    1349.640287769784,
                    1594.2446043165467
                ],
                [
                    1314.388489208633,
                    1610.071942446043
                ],
                [
                    1274.8201438848919,
                    1615.8273381294962
                ],
                [
                    1210.7913669064747,
                    1643.8848920863309
                ],
                [
                    1199.2805755395682,
                    1658.9928057553955
                ]
            ],
            "group_id": null,
            "shape_type": "polygon",
            "flags": {}
        },
        {
            "label": "bottle",
            "points": [
                [
                    1294.2446043165467,
                    1656.8345323741005
                ],
                [
                    1317.2661870503596,
                    1692.8057553956833
                ],
                [
                    1397.841726618705,
                    1669.7841726618703
                ],
                [
                    1523.021582733813,
                    1594.9640287769782
                ],
                [
                    1639.568345323741,
                    1548.9208633093524
                ],
                [
                    1666.9064748201438,
                    1520.863309352518
                ],
                [
                    1669.0647482014388,
                    1501.4388489208632
                ],
                [
                    1638.1294964028775,
                    1456.8345323741005
                ],
                [
                    1542.4460431654675,
                    1479.8561151079136
                ],
                [
                    1492.0863309352517,
                    1505.0359712230215
                ],
                [
                    1444.6043165467624,
                    1550.3597122302158
                ],
                [
                    1349.640287769784,
                    1597.8417266187048
                ],
                [
                    1357.5539568345323,
                    1616.546762589928
                ],
                [
                    1327.3381294964029,
                    1631.6546762589926
                ]
            ],
            "group_id": null,
            "shape_type": "polygon",
            "flags": {}
        },
        {
            "label": "bottle",
            "points": [
                [
                    1614.388489208633,
                    1561.1510791366904
                ],
                [
                    1633.8129496402876,
                    1625.1798561151077
                ],
                [
                    1745.323741007194,
                    1617.9856115107912
                ],
                [
                    1739.568345323741,
                    1589.9280575539567
                ],
                [
                    1669.7841726618703,
                    1501.4388489208632
                ],
                [
                    1664.7482014388488,
                    1519.4244604316546
                ],
                [
                    1639.568345323741,
                    1551.0791366906474
                ]
            ],
            "group_id": null,
            "shape_type": "polygon",
            "flags": {}
        },
        {
            "label": "bottle",
            "points": [
                [
                    2079.8507462686566,
                    662.6865671641791
                ],
                [
                    2070.1492537313434,
                    674.6268656716418
                ],
                [
                    2052.9850746268658,
                    682.8358208955224
                ],
                [
                    2046.2686567164178,
                    719.4029850746268
                ],
                [
                    2045.5223880597014,
                    782.8358208955224
                ],
                [
                    2065.6716417910447,
                    816.4179104477612
                ],
                [
                    2104.477611940298,
                    827.6119402985074
                ],
                [
                    2118.6567164179105,
                    803.7313432835821
                ],
                [
                    2121.641791044776,
                    779.1044776119403
                ],
                [
                    2125.373134328358,
                    748.5074626865671
                ],
                [
                    2129.10447761194,
                    705.9701492537313
                ],
                [
                    2117.1641791044776,
                    685.0746268656716
                ],
                [
                    2112.686567164179,
                    667.910447761194
                ]
            ],
            "group_id": null,
            "shape_type": "polygon",
            "flags": {}
        },
        {
            "label": "bottle",
            "points": [
                [
                    2072.3880597014922,
                    654.4776119402985
                ],
                [
                    2086.5671641791046,
                    660.4477611940298
                ],
                [
                    2106.7164179104475,
                    655.9701492537313
                ],
                [
                    2111.194029850746,
                    642.5373134328357
                ],
                [
                    2107.462686567164,
                    618.6567164179104
                ],
                [
                    2116.417910447761,
                    586.5671641791045
                ],
                [
                    2108.2089552238804,
                    520.1492537313433
                ],
                [
                    2094.0298507462685,
                    462.68656716417905
                ],
                [
                    2086.5671641791046,
                    441.04477611940297
                ],
                [
                    2037.3134328358208,
                    447.76119402985074
                ],
                [
                    2017.9104477611938,
                    458.955223880597
                ],
                [
                    2030.597014925373,
                    524.6268656716418
                ],
                [
                    2034.328358208955,
                    580.5970149253731
                ],
                [
                    2044.776119402985,
                    605.2238805970148
                ],
                [
                    2061.9402985074626,
                    627.6119402985074
                ]
            ],
            "group_id": null,
            "shape_type": "polygon",
            "flags": {}
        },
        {
            "label": "bottle",
            "points": [
                [
                    1998.5074626865671,
                    305.2238805970149
                ],
                [
                    2023.8805970149253,
                    302.98507462686564
                ],
                [
                    2051.492537313433,
                    287.3134328358209
                ],
                [
                    2051.492537313433,
                    255.2238805970149
                ],
                [
                    2029.8507462686566,
                    222.38805970149252
                ],
                [
                    1996.2686567164178,
                    173.88059701492537
                ],
                [
                    1968.6567164179103,
                    171.6417910447761
                ],
                [
                    1955.2238805970148,
                    158.955223880597
                ],
                [
                    1924.6268656716418,
                    169.40298507462686
                ],
                [
                    1933.5820895522386,
                    183.58208955223878
                ],
                [
                    1929.8507462686566,
                    198.50746268656715
                ],
                [
                    1926.8656716417909,
                    211.19402985074626
                ],
                [
                    1950.7462686567162,
                    253.73134328358208
                ],
                [
                    1974.6268656716418,
                    290.29850746268653
                ]
            ],
            "group_id": null,
            "shape_type": "polygon",
            "flags": {}
        },
        {
            "label": "bottle",
            "points": [
                [
                    1843.283582089552,
                    111.19402985074626
                ],
                [
                    1841.7910447761194,
                    136.56716417910448
                ],
                [
                    1849.2537313432836,
                    165.67164179104478
                ],
                [
                    1879.1044776119402,
                    185.82089552238804
                ],
                [
                    1905.2238805970148,
                    192.53731343283582
                ],
                [
                    1927.6119402985073,
                    185.82089552238804
                ],
                [
                    1921.641791044776,
                    170.14925373134326
                ],
                [
                    1945.5223880597014,
                    161.94029850746267
                ],
                [
                    1944.776119402985,
                    144.77611940298507
                ],
                [
                    1941.044776119403,
                    123.88059701492537
                ],
                [
                    1918.6567164179103,
                    108.955223880597
                ],
                [
                    1897.7611940298507,
                    97.76119402985074
                ],
                [
                    1870.8955223880596,
                    93.28358208955224
                ]
            ],
            "group_id": null,
            "shape_type": "polygon",
            "flags": {}
        },
        {
            "label": "bottle",
            "points": [
                [
                    2305.2238805970146,
                    393.2835820895522
                ],
                [
                    2305.2238805970146,
                    415.67164179104475
                ],
                [
                    2308.955223880597,
                    430.5970149253731
                ],
                [
                    2292.5373134328356,
                    460.44776119402985
                ],
                [
                    2325.373134328358,
                    595.5223880597015
                ],
                [
                    2396.268656716418,
                    584.3283582089551
                ],
                [
                    2373.880597014925,
                    453.7313432835821
                ],
                [
                    2355.2238805970146,
                    420.14925373134326
                ],
                [
                    2343.283582089552,
                    385.820895522388
                ],
                [
                    2313.4328358208954,
                    392.5373134328358
                ]
            ],
            "group_id": null,
            "shape_type": "polygon",
            "flags": {}
        },
        {
            "label": "bottle",
            "points": [
                [
                    2306.7164179104475,
                    380.5970149253731
                ],
                [
                    2338.059701492537,
                    367.910447761194
                ],
                [
                    2330.597014925373,
                    347.0149253731343
                ],
                [
                    2327.6119402985073,
                    322.3880597014925
                ],
                [
                    2329.8507462686566,
                    295.5223880597015
                ],
                [
                    2308.2089552238804,
                    220.14925373134326
                ],
                [
                    2294.0298507462685,
                    203.73134328358208
                ],
                [
                    2282.089552238806,
                    177.61194029850745
                ],
                [
                    2243.283582089552,
                    180.59701492537312
                ],
                [
                    2210.4477611940297,
                    208.955223880597
                ],
                [
                    2230.597014925373,
                    244.77611940298507
                ],
                [
                    2228.3582089552237,
                    264.17910447761193
                ],
                [
                    2251.492537313433,
                    318.65671641791045
                ],
                [
                    2261.9402985074626,
                    333.5820895522388
                ],
                [
                    2284.3283582089553,
                    348.5074626865671
                ],
                [
                    2294.0298507462685,
                    376.86567164179104
                ]
            ],
            "group_id": null,
            "shape_type": "polygon",
            "flags": {}
        },
        {
            "label": "bottle",
            "points": [
                [
                    2139.55223880597,
                    150.7462686567164
                ],
                [
                    2137.3134328358205,
                    169.40298507462686
                ],
                [
                    2170.1492537313434,
                    185.82089552238804
                ],
                [
                    2189.55223880597,
                    196.2686567164179
                ],
                [
                    2217.1641791044776,
                    197.0149253731343
                ],
                [
                    2238.059701492537,
                    180.59701492537312
                ],
                [
                    2263.4328358208954,
                    179.8507462686567
                ],
                [
                    2271.641791044776,
                    177.61194029850745
                ],
                [
                    2270.8955223880594,
                    134.32835820895522
                ],
                [
                    2241.791044776119,
                    116.41791044776119
                ],
                [
                    2200.7462686567164,
                    115.67164179104476
                ],
                [
                    2179.8507462686566,
                    120.89552238805969
                ],
                [
                    2164.9253731343283,
                    136.56716417910448
                ],
                [
                    2144.0298507462685,
                    144.77611940298507
                ]
            ],
            "group_id": null,
            "shape_type": "polygon",
            "flags": {}
        },
        {
            "label": "bottle",
            "points": [
                [
                    2515.6716417910447,
                    330.5970149253731
                ],
                [
                    2508.955223880597,
                    347.76119402985074
                ],
                [
                    2511.194029850746,
                    361.19402985074623
                ],
                [
                    2470.8955223880594,
                    399.25373134328356
                ],
                [
                    2458.2089552238804,
                    473.88059701492534
                ],
                [
                    2461.194029850746,
                    533.5820895522388
                ],
                [
                    2527.6119402985073,
                    544.0298507462686
                ],
                [
                    2557.462686567164,
                    452.2388059701492
                ],
                [
                    2564.179104477612,
                    402.23880597014926
                ],
                [
                    2556.7164179104475,
                    368.65671641791045
                ],
                [
                    2557.462686567164,
                    341.7910447761194
                ],
                [
                    2554.477611940298,
                    334.3283582089552
                ],
                [
                    2523.880597014925,
                    326.1194029850746
                ]
            ],
            "group_id": null,
            "shape_type": "polygon",
            "flags": {}
        },
        {
            "label": "bottle",
            "points": [
                [
                    2514.9253731343283,
                    315.67164179104475
                ],
                [
                    2515.6716417910447,
                    324.6268656716418
                ],
                [
                    2537.3134328358205,
                    333.5820895522388
                ],
                [
                    2554.6583850931675,
                    327.9503105590062
                ],
                [
                    2555.27950310559,
                    306.83229813664593
                ],
                [
                    2562.732919254658,
                    289.44099378881987
                ],
                [
                    2577.0186335403723,
                    247.20496894409936
                ],
                [
                    2570.1863354037264,
                    181.98757763975155
                ],
                [
                    2562.732919254658,
                    141.61490683229812
                ],
                [
                    2530.4347826086955,
                    132.29813664596273
                ],
                [
                    2484.472049689441,
                    152.7950310559006
                ],
                [
                    2490.0621118012423,
                    175.77639751552795
                ],
                [
                    2482.6086956521735,
                    213.04347826086956
                ],
                [
                    2483.8509316770187,
                    262.111801242236
                ],
                [
                    2493.7888198757764,
                    278.2608695652174
                ],
                [
                    2508.695652173913,
                    295.65217391304344
                ]
            ],
            "group_id": null,
            "shape_type": "polygon",
            "flags": {}
        },
        {
            "label": "bottle",
            "points": [
                [
                    2450.310559006211,
                    125.46583850931677
                ],
                [
                    2426.7080745341614,
                    143.47826086956522
                ],
                [
                    2416.1490683229813,
                    172.04968944099377
                ],
                [
                    2457.142857142857,
                    172.67080745341613
                ],
                [
                    2475.7763975155276,
                    178.88198757763973
                ],
                [
                    2488.8198757763976,
                    181.3664596273292
                ],
                [
                    2485.0931677018634,
                    156.52173913043478
                ],
                [
                    2529.192546583851,
                    132.91925465838509
                ],
                [
                    2562.1118012422357,
                    145.3416149068323
                ],
                [
                    2543.478260869565,
                    114.28571428571428
                ],
                [
                    2514.285714285714,
                    104.96894409937887
                ],
                [
                    2482.6086956521735,
                    109.3167701863354
                ]
            ],
            "group_id": null,
            "shape_type": "polygon",
            "flags": {}
        },
        {
            "label": "bottle",
            "points": [
                [
                    2582.6086956521735,
                    128.57142857142856
                ],
                [
                    2581.987577639751,
                    152.7950310559006
                ],
                [
                    2597.5155279503106,
                    171.42857142857142
                ],
                [
                    2619.8757763975154,
                    193.7888198757764
                ],
                [
                    2634.782608695652,
                    150.93167701863354
                ],
                [
                    2690.0621118012423,
                    165.2173913043478
                ],
                [
                    2671.428571428571,
                    126.70807453416148
                ],
                [
                    2647.204968944099,
                    108.69565217391303
                ],
                [
                    2608.695652173913,
                    117.39130434782608
                ]
            ],
            "group_id": null,
            "shape_type": "polygon",
            "flags": {}
        },
        {
            "label": "bottle",
            "points": [
                [
                    2618.6335403726707,
                    188.8198757763975
                ],
                [
                    2616.7701863354037,
                    244.09937888198758
                ],
                [
                    2611.1801242236024,
                    295.0310559006211
                ],
                [
                    2612.422360248447,
                    321.1180124223602
                ],
                [
                    2631.055900621118,
                    350.3105590062112
                ],
                [
                    2636.0248447204967,
                    380.12422360248445
                ],
                [
                    2655.27950310559,
                    385.0931677018633
                ],
                [
                    2676.39751552795,
                    381.9875776397515
                ],
                [
                    2680.7453416149065,
                    346.583850931677
                ],
                [
                    2703.105590062112,
                    310.55900621118013
                ],
                [
                    2693.7888198757764,
                    217.39130434782606
                ],
                [
                    2699.3788819875776,
                    172.04968944099377
                ],
                [
                    2692.5465838509317,
                    165.83850931677017
                ],
                [
                    2636.645962732919,
                    150.93167701863354
                ]
            ],
            "group_id": null,
            "shape_type": "polygon",
            "flags": {}
        },
        {
            "label": "bottle",
            "points": [
                [
                    2634.782608695652,
                    388.19875776397515
                ],
                [
                    2659.006211180124,
                    388.19875776397515
                ],
                [
                    2674.534161490683,
                    393.78881987577637
                ],
                [
                    2674.534161490683,
                    409.9378881987577
                ],
                [
                    2670.1863354037264,
                    420.49689440993785
                ],
                [
                    2688.198757763975,
                    458.3850931677018
                ],
                [
                    2662.732919254658,
                    585.0931677018633
                ],
                [
                    2586.9565217391305,
                    571.4285714285714
                ],
                [
                    2581.987577639751,
                    544.0993788819875
                ],
                [
                    2600.0,
                    455.9006211180124
                ],
                [
                    2627.950310559006,
                    421.73913043478257
                ],
                [
                    2629.192546583851,
                    406.83229813664593
                ]
            ],
            "group_id": null,
            "shape_type": "polygon",
            "flags": {}
        },
        {
            "label": "bottle",
            "points": [
                [
                    2585.714285714286,
                    583.2298136645962
                ],
                [
                    2559.6273291925463,
                    604.9689440993789
                ],
                [
                    2514.9068322981366,
                    663.975155279503
                ],
                [
                    2512.422360248447,
                    681.3664596273292
                ],
                [
                    2514.9068322981366,
                    701.2422360248447
                ],
                [
                    2505.590062111801,
                    718.0124223602484
                ],
                [
                    2511.1801242236024,
                    733.5403726708074
                ],
                [
                    2528.5714285714284,
                    743.4782608695651
                ],
                [
                    2550.310559006211,
                    740.3726708074533
                ],
                [
                    2553.4161490683227,
                    727.9503105590062
                ],
                [
                    2574.534161490683,
                    724.223602484472
                ],
                [
                    2602.4844720496894,
                    690.6832298136645
                ],
                [
                    2631.6770186335402,
                    647.8260869565217
                ],
                [
                    2649.0683229813662,
                    625.4658385093168
                ],
                [
                    2655.27950310559,
                    601.8633540372671
                ],
                [
                    2639.751552795031,
                    581.9875776397515
                ],
                [
                    2613.664596273292,
                    577.639751552795
                ]
            ],
            "group_id": null,
            "shape_type": "polygon",
            "flags": {}
        },
        {
            "label": "bottle",
            "points": [
                [
                    2515.527950310559,
                    739.1304347826086
                ],
                [
                    2515.527950310559,
                    755.9006211180124
                ],
                [
                    2504.968944099379,
                    771.4285714285713
                ],
                [
                    2467.701863354037,
                    770.1863354037266
                ],
                [
                    2442.2360248447203,
                    782.6086956521739
                ],
                [
                    2370.8074534161487,
                    785.0931677018633
                ],
                [
                    2337.2670807453414,
                    781.9875776397515
                ],
                [
                    2341.614906832298,
                    732.9192546583851
                ],
                [
                    2337.888198757764,
                    704.3478260869565
                ],
                [
                    2387.577639751553,
                    700.6211180124224
                ],
                [
                    2427.3291925465837,
                    700.6211180124224
                ],
                [
                    2459.6273291925463,
                    714.9068322981366
                ],
                [
                    2472.0496894409935,
                    729.8136645962733
                ]
            ],
            "group_id": null,
            "shape_type": "polygon",
            "flags": {}
        },
        {
            "label": "bottle",
            "points": [
                [
                    2451.5527950310557,
                    538.5093167701863
                ],
                [
                    2427.3291925465837,
                    570.1863354037267
                ],
                [
                    2406.2111801242236,
                    594.4099378881987
                ],
                [
                    2404.3478260869565,
                    617.391304347826
                ],
                [
                    2400.6211180124224,
                    657.7639751552795
                ],
                [
                    2379.5031055900618,
                    685.0931677018633
                ],
                [
                    2391.9254658385094,
                    703.7267080745341
                ],
                [
                    2412.422360248447,
                    695.6521739130434
                ],
                [
                    2439.1304347826085,
                    665.2173913043478
                ],
                [
                    2464.596273291925,
                    650.3105590062112
                ],
                [
                    2496.894409937888,
                    609.9378881987577
                ],
                [
                    2513.0434782608695,
                    578.2608695652174
                ],
                [
                    2522.981366459627,
                    555.27950310559
                ],
                [
                    2478.260869565217,
                    538.5093167701863
                ]
            ],
            "group_id": null,
            "shape_type": "polygon",
            "flags": {}
        },
        {
            "label": "bottle",
            "points": [
                [
                    472.82352941176475,
                    1338.9803921568628
                ],
                [
                    478.7058823529412,
                    1380.1568627450981
                ],
                [
                    415.96078431372547,
                    1431.1372549019607
                ],
                [
                    445.37254901960785,
                    1597.8039215686274
                ],
                [
                    441.4509803921569,
                    1637.0196078431372
                ],
                [
                    464.98039215686276,
                    1764.4705882352941
                ],
                [
                    482.62745098039215,
                    1797.8039215686274
                ],
                [
                    606.156862745098,
                    1766.4313725490197
                ],
                [
                    682.6274509803922,
                    1752.7058823529412
                ],
                [
                    649.2941176470588,
                    1527.2156862745098
                ],
                [
                    608.1176470588235,
                    1389.9607843137255
                ],
                [
                    545.3725490196078,
                    1370.3529411764705
                ],
                [
                    533.6078431372549,
                    1323.2941176470588
                ]
            ],
            "group_id": null,
            "shape_type": "polygon",
            "flags": {}
        },
        {
            "label": "bottle",
            "points": [
                [
                    157.13725490196077,
                    1621.3333333333333
                ],
                [
                    149.2941176470588,
                    1650.7450980392157
                ],
                [
                    133.6078431372549,
                    1662.5098039215686
                ],
                [
                    141.45098039215685,
                    1795.8431372549019
                ],
                [
                    464.98039215686276,
                    1774.2745098039215
                ],
                [
                    437.52941176470586,
                    1633.0980392156862
                ],
                [
                    443.4117647058823,
                    1603.686274509804
                ]
            ],
            "group_id": null,
            "shape_type": "polygon",
            "flags": {}
        }
    ],
    "imagePath": "../../Canon1DsMkIII_PNG/Canon1DsMkIII_0020.PNG",
    "imageData": null,
    "imageHeight": 1876,
    "imageWidth": 2820
}