{
    "version": "4.5.6",
    "flags": {},
    "shapes": [
        {
            "label": "fire hydrant",
            "points": [
                [
                    539.4901960784314,
                    380.156862745098
                ],
                [
                    498.313725490196,
                    389.96078431372547
                ],
                [
                    508.11764705882354,
                    468.3921568627451
                ],
                [
                    531.6470588235294,
                    472.3137254901961
                ],
                [
                    539.4901960784314,
                    531.1372549019608
                ],
                [
                    527.7254901960785,
                    552.7058823529412
                ],
                [
                    590.4705882352941,
                    633.0980392156863
                ],
                [
                    696.3529411764706,
                    699.7647058823529
                ],
                [
                    798.313725490196,
                    717.4117647058823
                ],
                [
                    808.1176470588235,
                    703.6862745098039
                ],
                [
                    839.4901960784314,
                    1358.5882352941176
                ],
                [
                    798.313725490196,
                    1399.764705882353
                ],
                [
                    761.0588235294117,
                    1427.2156862745098
                ],
                [
                    745.3725490196078,
                    1450.7450980392157
                ],
                [
                    747.3333333333334,
                    1484.078431372549
                ],
                [
                    784.5882352941177,
                    1527.2156862745098
                ],
                [
                    886.5490196078431,
                    1558.5882352941176
                ],
                [
                    1025.764705882353,
                    1556.627450980392
                ],
                [
                    1108.1176470588234,
                    1521.3333333333333
                ],
                [
                    1139.4901960784314,
                    1507.6078431372548
                ],
                [
                    1149.2941176470588,
                    1478.1960784313726
                ],
                [
                    1149.2941176470588,
                    1403.686274509804
                ],
                [
                    1066.9411764705883,
                    1317.4117647058824
                ],
                [
                    1053.2156862745098,
                    756.6274509803922
                ],
                [
                    1053.2156862745098,
                    746.8235294117646
                ],
                [
                    1119.8823529411764,
                    699.7647058823529
                ],
                [
                    1102.235294117647,
                    668.3921568627451
                ],
                [
                    1166.9411764705883,
                    668.3921568627451
                ],
                [
                    1217.921568627451,
                    633.0980392156863
                ],
                [
                    1266.9411764705883,
                    564.4705882352941
                ],
                [
                    1290.4705882352941,
                    515.4509803921569
                ],
                [
                    1298.313725490196,
                    478.19607843137254
                ],
                [
                    1282.627450980392,
                    429.1764705882353
                ],
                [
                    1292.4313725490197,
                    417.4117647058823
                ],
                [
                    1312.0392156862745,
                    413.4901960784314
                ],
                [
                    1314.0,
                    342.9019607843137
                ],
                [
                    1300.2745098039215,
                    329.1764705882353
                ],
                [
                    1278.7058823529412,
                    331.1372549019608
                ],
                [
                    1270.862745098039,
                    301.72549019607845
                ],
                [
                    1259.0980392156862,
                    284.078431372549
                ],
                [
                    1259.0980392156862,
                    256.62745098039215
                ],
                [
                    1243.4117647058824,
                    240.94117647058823
                ],
                [
                    1223.8039215686274,
                    242.90196078431373
                ],
                [
                    1206.1568627450981,
                    250.7450980392157
                ],
                [
                    1200.2745098039215,
                    276.2352941176471
                ],
                [
                    1159.0980392156862,
                    284.078431372549
                ],
                [
                    1155.1764705882354,
                    295.84313725490193
                ],
                [
                    1143.4117647058824,
                    297.80392156862746
                ],
                [
                    1137.5294117647059,
                    280.156862745098
                ],
                [
                    1061.0588235294117,
                    282.11764705882354
                ],
                [
                    1023.8039215686274,
                    221.33333333333334
                ],
                [
                    992.4313725490197,
                    195.84313725490196
                ],
                [
                    947.3333333333333,
                    184.078431372549
                ],
                [
                    939.4901960784314,
                    154.66666666666666
                ],
                [
                    906.156862745098,
                    144.86274509803923
                ],
                [
                    880.6666666666666,
                    158.58823529411765
                ],
                [
                    880.6666666666666,
                    184.078431372549
                ],
                [
                    831.6470588235294,
                    203.68627450980392
                ],
                [
                    796.3529411764706,
                    229.17647058823528
                ],
                [
                    774.7843137254902,
                    266.4313725490196
                ],
                [
                    766.9411764705882,
                    276.2352941176471
                ],
                [
                    731.6470588235294,
                    278.19607843137254
                ],
                [
                    727.7254901960785,
                    301.72549019607845
                ],
                [
                    682.6274509803922,
                    309.5686274509804
                ],
                [
                    672.8235294117646,
                    331.1372549019608
                ],
                [
                    659.0980392156863,
                    335.05882352941177
                ],
                [
                    645.3725490196078,
                    321.3333333333333
                ],
                [
                    627.7254901960785,
                    317.4117647058823
                ],
                [
                    619.8823529411765,
                    264.4705882352941
                ],
                [
                    600.2745098039215,
                    260.54901960784315
                ],
                [
                    572.8235294117646,
                    264.4705882352941
                ],
                [
                    566.9411764705882,
                    266.4313725490196
                ],
                [
                    563.0196078431372,
                    276.2352941176471
                ],
                [
                    568.9019607843137,
                    321.3333333333333
                ],
                [
                    549.2941176470588,
                    323.29411764705884
                ],
                [
                    541.4509803921569,
                    352.70588235294116
                ]
            ],
            "group_id": null,
            "shape_type": "polygon",
            "flags": {}
        },
        {
            "label": "chair",
            "points": [
                [
                    1300.2745098039215,
                    1623.2941176470588
                ],
                [
                    1304.1960784313726,
                    1691.921568627451
                ],
                [
                    1335.5686274509803,
                    1705.6470588235293
                ],
                [
                    1347.3333333333333,
                    1689.9607843137255
                ],
                [
                    1341.450980392157,
                    1660.549019607843
                ],
                [
                    1378.7058823529412,
                    1633.0980392156862
                ],
                [
                    1459.0980392156862,
                    1656.627450980392
                ],
                [
                    1463.0196078431372,
                    1680.156862745098
                ],
                [
                    1472.8235294117646,
                    1686.0392156862745
                ],
                [
                    1476.7450980392157,
                    1738.9803921568628
                ],
                [
                    1496.3529411764705,
                    1750.7450980392157
                ],
                [
                    1515.9607843137255,
                    1738.9803921568628
                ],
                [
                    1512.0392156862745,
                    1662.5098039215686
                ],
                [
                    1529.686274509804,
                    1648.7843137254902
                ],
                [
                    1535.5686274509803,
                    1637.0196078431372
                ],
                [
                    1561.0588235294117,
                    1629.1764705882354
                ],
                [
                    1566.9411764705883,
                    1654.6666666666667
                ],
                [
                    1590.4705882352941,
                    1658.5882352941176
                ],
                [
                    1600.2745098039215,
                    1646.8235294117646
                ],
                [
                    1600.2745098039215,
                    1625.2549019607843
                ]
            ],
            "group_id": null,
            "shape_type": "polygon",
            "flags": {}
        }
    ],
    "imagePath": "../../Canon1DsMkIII_PNG/Canon1DsMkIII_0230.PNG",
    "imageData": null,
    "imageHeight": 1876,
    "imageWidth": 2820
}