{
    "version": "4.5.6",
    "flags": {},
    "shapes": [
        {
            "label": "potted plant",
            "points": [
                [
                    351.35483870967744,
                    528.1612903225806
                ],
                [
                    361.03225806451616,
                    607.1935483870968
                ],
                [
                    344.9032258064516,
                    644.2903225806451
                ],
                [
                    412.64516129032256,
                    668.483870967742
                ],
                [
                    449.741935483871,
                    676.5483870967741
                ],
                [
                    438.4516129032258,
                    726.5483870967741
                ],
                [
                    343.2903225806452,
                    763.6451612903226
                ],
                [
                    344.9032258064516,
                    792.6774193548387
                ],
                [
                    396.51612903225805,
                    803.9677419354839
                ],
                [
                    394.90322580645164,
                    836.2258064516129
                ],
                [
                    415.8709677419355,
                    852.3548387096774
                ],
                [
                    369.0967741935484,
                    876.5483870967741
                ],
                [
                    343.2903225806452,
                    918.483870967742
                ],
                [
                    399.741935483871,
                    920.0967741935484
                ],
                [
                    388.4516129032258,
                    950.741935483871
                ],
                [
                    377.16129032258067,
                    1018.483870967742
                ],
                [
                    398.1290322580645,
                    1057.1935483870968
                ],
                [
                    467.48387096774195,
                    1084.6129032258063
                ],
                [
                    464.258064516129,
                    1133.0
                ],
                [
                    367.48387096774195,
                    1208.8064516129032
                ],
                [
                    435.2258064516129,
                    1194.2903225806451
                ],
                [
                    477.16129032258067,
                    1192.6774193548388
                ],
                [
                    501.35483870967744,
                    1213.6451612903227
                ],
                [
                    465.8709677419355,
                    1281.3870967741937
                ],
                [
                    462.64516129032256,
                    1333.0
                ],
                [
                    477.16129032258067,
                    1320.0967741935483
                ],
                [
                    477.16129032258067,
                    1373.3225806451612
                ],
                [
                    509.41935483870964,
                    1408.8064516129032
                ],
                [
                    562.6451612903226,
                    1623.3225806451612
                ],
                [
                    632.0,
                    1684.6129032258066
                ],
                [
                    761.0322580645161,
                    1681.3870967741937
                ],
                [
                    848.1290322580645,
                    1637.8387096774193
                ],
                [
                    870.7096774193549,
                    1594.2903225806451
                ],
                [
                    870.7096774193549,
                    1444.2903225806451
                ],
                [
                    909.4193548387096,
                    1329.774193548387
                ],
                [
                    870.7096774193549,
                    1270.0967741935483
                ],
                [
                    798.1290322580645,
                    1233.0
                ],
                [
                    825.5483870967741,
                    1181.3870967741937
                ],
                [
                    890.0645161290323,
                    1071.7096774193549
                ],
                [
                    920.7096774193549,
                    1136.225806451613
                ],
                [
                    956.1935483870968,
                    1139.4516129032259
                ],
                [
                    928.7741935483871,
                    1089.4516129032259
                ],
                [
                    935.2258064516129,
                    1012.0322580645161
                ],
                [
                    930.3870967741935,
                    957.1935483870968
                ],
                [
                    896.516129032258,
                    924.9354838709678
                ],
                [
                    891.6774193548387,
                    894.2903225806451
                ],
                [
                    930.3870967741935,
                    920.0967741935484
                ],
                [
                    954.5806451612904,
                    897.516129032258
                ],
                [
                    999.741935483871,
                    973.3225806451612
                ],
                [
                    1012.6451612903227,
                    1042.6774193548388
                ],
                [
                    1025.5483870967741,
                    1062.032258064516
                ],
                [
                    1038.4516129032259,
                    1018.483870967742
                ],
                [
                    1012.6451612903227,
                    939.4516129032259
                ],
                [
                    977.1612903225806,
                    897.516129032258
                ],
                [
                    996.516129032258,
                    897.516129032258
                ],
                [
                    1032.0,
                    924.9354838709678
                ],
                [
                    1077.1612903225807,
                    941.0645161290323
                ],
                [
                    1078.774193548387,
                    900.741935483871
                ],
                [
                    1128.774193548387,
                    912.0322580645161
                ],
                [
                    1123.9354838709678,
                    857.1935483870968
                ],
                [
                    1073.9354838709678,
                    802.3548387096774
                ],
                [
                    1007.8064516129032,
                    792.6774193548387
                ],
                [
                    969.0967741935484,
                    786.2258064516129
                ],
                [
                    1132.0,
                    737.8387096774194
                ],
                [
                    1196.516129032258,
                    744.2903225806451
                ],
                [
                    1164.258064516129,
                    705.5806451612904
                ],
                [
                    1096.516129032258,
                    710.4193548387096
                ],
                [
                    993.2903225806451,
                    753.9677419354839
                ],
                [
                    1014.258064516129,
                    713.6451612903226
                ],
                [
                    1028.774193548387,
                    689.4516129032259
                ],
                [
                    1073.9354838709678,
                    673.3225806451613
                ],
                [
                    1059.4193548387098,
                    658.8064516129032
                ],
                [
                    1051.3548387096773,
                    634.6129032258065
                ],
                [
                    1022.3225806451612,
                    621.7096774193549
                ],
                [
                    1006.1935483870968,
                    603.9677419354839
                ],
                [
                    973.9354838709678,
                    624.9354838709678
                ],
                [
                    964.258064516129,
                    570.0967741935484
                ],
                [
                    944.9032258064516,
                    536.2258064516129
                ],
                [
                    967.483870967742,
                    503.9677419354839
                ],
                [
                    980.3870967741935,
                    458.8064516129032
                ],
                [
                    938.4516129032259,
                    442.6774193548387
                ],
                [
                    882.0,
                    470.0967741935484
                ],
                [
                    820.7096774193549,
                    491.0645161290323
                ],
                [
                    812.6451612903226,
                    424.93548387096774
                ],
                [
                    782.0,
                    387.83870967741933
                ],
                [
                    733.6129032258065,
                    365.258064516129
                ],
                [
                    701.3548387096774,
                    383.0
                ],
                [
                    656.1935483870968,
                    363.64516129032256
                ],
                [
                    609.4193548387096,
                    368.48387096774195
                ],
                [
                    614.258064516129,
                    402.35483870967744
                ],
                [
                    612.6451612903226,
                    428.16129032258067
                ],
                [
                    573.9354838709678,
                    449.1290322580645
                ],
                [
                    502.9677419354839,
                    431.38709677419354
                ],
                [
                    470.7096774193548,
                    429.7741935483871
                ],
                [
                    532.0,
                    447.51612903225805
                ],
                [
                    554.5806451612904,
                    483.0
                ],
                [
                    532.0,
                    494.2903225806451
                ],
                [
                    506.1935483870968,
                    515.258064516129
                ],
                [
                    477.16129032258067,
                    521.7096774193549
                ],
                [
                    438.4516129032258,
                    531.3870967741935
                ]
            ],
            "group_id": null,
            "shape_type": "polygon",
            "flags": {}
        },
        {
            "label": "potted plant",
            "points": [
                [
                    1714.258064516129,
                    239.4516129032258
                ],
                [
                    1717.483870967742,
                    302.35483870967744
                ],
                [
                    1752.967741935484,
                    368.48387096774195
                ],
                [
                    1762.6451612903227,
                    424.93548387096774
                ],
                [
                    1769.0967741935483,
                    476.54838709677415
                ],
                [
                    1812.6451612903227,
                    500.741935483871
                ],
                [
                    1894.9032258064517,
                    552.3548387096774
                ],
                [
                    1899.741935483871,
                    628.1612903225806
                ],
                [
                    1914.258064516129,
                    673.3225806451613
                ],
                [
                    1880.3870967741937,
                    741.0645161290323
                ],
                [
                    1844.9032258064517,
                    818.483870967742
                ],
                [
                    1822.3225806451612,
                    905.5806451612904
                ],
                [
                    1857.8064516129032,
                    976.5483870967741
                ],
                [
                    1923.9354838709678,
                    899.1290322580645
                ],
                [
                    1967.483870967742,
                    949.1290322580645
                ],
                [
                    1964.258064516129,
                    1031.3870967741937
                ],
                [
                    1973.9354838709678,
                    1105.5806451612902
                ],
                [
                    2006.1935483870968,
                    1162.032258064516
                ],
                [
                    2002.967741935484,
                    1231.3870967741937
                ],
                [
                    2032.0,
                    1281.3870967741937
                ],
                [
                    2035.2258064516127,
                    1360.4193548387098
                ],
                [
                    2078.7741935483873,
                    1450.741935483871
                ],
                [
                    2115.8709677419356,
                    1395.9032258064517
                ],
                [
                    2152.967741935484,
                    1431.3870967741937
                ],
                [
                    2141.6774193548385,
                    1487.8387096774193
                ],
                [
                    2164.2580645161293,
                    1568.483870967742
                ],
                [
                    2182.0,
                    1621.7096774193549
                ],
                [
                    2194.9032258064517,
                    1662.032258064516
                ],
                [
                    2241.6774193548385,
                    1691.0645161290322
                ],
                [
                    2352.967741935484,
                    1716.8709677419356
                ],
                [
                    2446.516129032258,
                    1684.6129032258066
                ],
                [
                    2472.3225806451615,
                    1647.516129032258
                ],
                [
                    2520.7096774193546,
                    1549.1290322580646
                ],
                [
                    2541.6774193548385,
                    1468.483870967742
                ],
                [
                    2561.032258064516,
                    1413.6451612903227
                ],
                [
                    2522.3225806451615,
                    1363.6451612903227
                ],
                [
                    2470.7096774193546,
                    1329.774193548387
                ],
                [
                    2486.8387096774195,
                    1300.741935483871
                ],
                [
                    2478.7741935483873,
                    1242.6774193548388
                ],
                [
                    2448.1290322580644,
                    1186.225806451613
                ],
                [
                    2391.6774193548385,
                    1103.967741935484
                ],
                [
                    2415.8709677419356,
                    1100.741935483871
                ],
                [
                    2412.6451612903224,
                    1053.967741935484
                ],
                [
                    2364.2580645161293,
                    986.2258064516129
                ],
                [
                    2346.516129032258,
                    928.1612903225806
                ],
                [
                    2296.516129032258,
                    816.8709677419355
                ],
                [
                    2319.0967741935483,
                    799.1290322580645
                ],
                [
                    2278.7741935483873,
                    765.258064516129
                ],
                [
                    2261.032258064516,
                    707.1935483870968
                ],
                [
                    2285.2258064516127,
                    655.5806451612904
                ],
                [
                    2299.741935483871,
                    607.1935483870968
                ],
                [
                    2273.935483870968,
                    562.0322580645161
                ],
                [
                    2304.5806451612902,
                    503.9677419354839
                ],
                [
                    2304.5806451612902,
                    433.0
                ],
                [
                    2257.8064516129034,
                    407.19354838709677
                ],
                [
                    2257.8064516129034,
                    305.5806451612903
                ],
                [
                    2325.548387096774,
                    268.48387096774195
                ],
                [
                    2317.483870967742,
                    297.51612903225805
                ],
                [
                    2383.6129032258063,
                    289.4516129032258
                ],
                [
                    2341.6774193548385,
                    215.25806451612902
                ],
                [
                    2290.064516129032,
                    176.5483870967742
                ],
                [
                    2256.1935483870966,
                    137.83870967741936
                ],
                [
                    2123.935483870968,
                    179.7741935483871
                ],
                [
                    2044.9032258064517,
                    171.70967741935485
                ],
                [
                    1964.258064516129,
                    139.45161290322582
                ],
                [
                    1867.483870967742,
                    162.03225806451613
                ],
                [
                    1806.1935483870968,
                    181.38709677419354
                ]
            ],
            "group_id": null,
            "shape_type": "polygon",
            "flags": {}
        }
    ],
    "imagePath": "../../Canon1DsMkIII_PNG/Canon1DsMkIII_0032.PNG",
    "imageData": null,
    "imageHeight": 1876,
    "imageWidth": 2820
}