{
    "version": "4.5.6",
    "flags": {},
    "shapes": [
        {
            "label": "bicycle",
            "points": [
                [
                    2376.7450980392155,
                    384.078431372549
                ],
                [
                    2359.098039215686,
                    397.80392156862746
                ],
                [
                    2317.921568627451,
                    419.37254901960785
                ],
                [
                    2327.725490196078,
                    435.05882352941177
                ],
                [
                    2376.7450980392155,
                    411.52941176470586
                ],
                [
                    2374.78431372549,
                    429.1764705882353
                ],
                [
                    2400.2745098039213,
                    437.01960784313724
                ],
                [
                    2437.529411764706,
                    419.37254901960785
                ],
                [
                    2461.0588235294117,
                    405.6470588235294
                ],
                [
                    2508.1176470588234,
                    395.84313725490193
                ],
                [
                    2555.176470588235,
                    444.8627450980392
                ],
                [
                    2545.372549019608,
                    480.156862745098
                ],
                [
                    2527.725490196078,
                    474.27450980392155
                ],
                [
                    2506.156862745098,
                    476.2352941176471
                ],
                [
                    2502.235294117647,
                    493.88235294117646
                ],
                [
                    2482.627450980392,
                    503.68627450980387
                ],
                [
                    2496.3529411764707,
                    517.4117647058823
                ],
                [
                    2531.6470588235293,
                    523.2941176470588
                ],
                [
                    2527.725490196078,
                    556.6274509803922
                ],
                [
                    2527.725490196078,
                    621.3333333333334
                ],
                [
                    2519.8823529411766,
                    650.7450980392157
                ],
                [
                    2488.5098039215686,
                    676.2352941176471
                ],
                [
                    2478.705882352941,
                    721.3333333333334
                ],
                [
                    2472.823529411765,
                    731.1372549019608
                ],
                [
                    2417.921568627451,
                    729.1764705882352
                ],
                [
                    2339.4901960784314,
                    752.7058823529412
                ],
                [
                    2264.9803921568628,
                    793.8823529411765
                ],
                [
                    2278.705882352941,
                    856.6274509803922
                ],
                [
                    2349.2941176470586,
                    1284.078431372549
                ],
                [
                    2431.6470588235293,
                    1340.9411764705883
                ],
                [
                    2576.7450980392155,
                    1346.8235294117646
                ],
                [
                    2696.3529411764707,
                    1299.764705882353
                ],
                [
                    2761.0588235294117,
                    1209.5686274509803
                ],
                [
                    2784.5882352941176,
                    1186.0392156862745
                ],
                [
                    2810.078431372549,
                    1201.7254901960785
                ],
                [
                    2819.0,
                    1222.0
                ],
                [
                    2819.0,
                    682.0
                ],
                [
                    2641.450980392157,
                    560.5490196078431
                ],
                [
                    2663.0196078431372,
                    495.84313725490193
                ],
                [
                    2659.098039215686,
                    442.9019607843137
                ],
                [
                    2637.529411764706,
                    407.6078431372549
                ],
                [
                    2615.9607843137255,
                    372.3137254901961
                ],
                [
                    2566.9411764705883,
                    350.7450980392157
                ],
                [
                    2582.627450980392,
                    337.01960784313724
                ],
                [
                    2625.7647058823527,
                    311.52941176470586
                ],
                [
                    2661.0588235294117,
                    299.7647058823529
                ],
                [
                    2661.0588235294117,
                    280.156862745098
                ],
                [
                    2643.4117647058824,
                    270.3529411764706
                ],
                [
                    2596.3529411764707,
                    289.96078431372547
                ],
                [
                    2568.901960784314,
                    291.921568627451
                ],
                [
                    2553.2156862745096,
                    303.6862745098039
                ],
                [
                    2519.8823529411766,
                    311.52941176470586
                ],
                [
                    2482.627450980392,
                    315.45098039215685
                ],
                [
                    2466.9411764705883,
                    329.1764705882353
                ],
                [
                    2447.3333333333335,
                    352.70588235294116
                ],
                [
                    2441.450980392157,
                    366.4313725490196
                ],
                [
                    2415.9607843137255,
                    362.5098039215686
                ],
                [
                    2400.2745098039213,
                    384.078431372549
                ]
            ],
            "group_id": null,
            "shape_type": "polygon",
            "flags": {}
        },
        {
            "label": "bicycle",
            "points": [
                [
                    1884.5882352941176,
                    368.3921568627451
                ],
                [
                    1878.7058823529412,
                    382.11764705882354
                ],
                [
                    1878.7058823529412,
                    399.7647058823529
                ],
                [
                    1917.921568627451,
                    403.6862745098039
                ],
                [
                    1964.9803921568628,
                    411.52941176470586
                ],
                [
                    1904.1960784313726,
                    415.45098039215685
                ],
                [
                    1902.235294117647,
                    431.1372549019608
                ],
                [
                    1951.2549019607843,
                    423.29411764705884
                ],
                [
                    1998.3137254901962,
                    433.09803921568624
                ],
                [
                    2049.294117647059,
                    427.2156862745098
                ],
                [
                    2051.254901960784,
                    437.01960784313724
                ],
                [
                    2033.6078431372548,
                    503.68627450980387
                ],
                [
                    2035.5686274509803,
                    566.4313725490196
                ],
                [
                    2063.0196078431372,
                    615.4509803921569
                ],
                [
                    2131.6470588235293,
                    678.1960784313725
                ],
                [
                    2194.392156862745,
                    727.2156862745098
                ],
                [
                    2202.235294117647,
                    758.5882352941177
                ],
                [
                    2170.8627450980393,
                    848.7843137254902
                ],
                [
                    2129.6862745098038,
                    838.9803921568628
                ],
                [
                    2074.78431372549,
                    850.7450980392157
                ],
                [
                    2070.8627450980393,
                    909.5686274509803
                ],
                [
                    2114.0,
                    962.5098039215686
                ],
                [
                    2137.529411764706,
                    988.0
                ],
                [
                    2233.607843137255,
                    1050.7450980392157
                ],
                [
                    2223.8039215686276,
                    1423.2941176470588
                ],
                [
                    2227.725490196078,
                    1511.5294117647059
                ],
                [
                    2255.176470588235,
                    1554.6666666666667
                ],
                [
                    2306.156862745098,
                    1548.7843137254902
                ],
                [
                    2341.450980392157,
                    1456.627450980392
                ],
                [
                    2361.0588235294117,
                    1333.0980392156862
                ],
                [
                    2372.823529411765,
                    1144.862745098039
                ],
                [
                    2370.8627450980393,
                    1050.7450980392157
                ],
                [
                    2364.9803921568628,
                    986.0392156862745
                ],
                [
                    2349.2941176470586,
                    933.0980392156863
                ],
                [
                    2347.3333333333335,
                    893.8823529411765
                ],
                [
                    2321.843137254902,
                    846.8235294117646
                ],
                [
                    2312.0392156862745,
                    829.1764705882352
                ],
                [
                    2296.3529411764707,
                    803.6862745098039
                ],
                [
                    2306.156862745098,
                    752.7058823529412
                ],
                [
                    2351.254901960784,
                    756.6274509803922
                ],
                [
                    2414.0,
                    762.5098039215686
                ],
                [
                    2437.529411764706,
                    742.9019607843137
                ],
                [
                    2443.4117647058824,
                    715.4509803921568
                ],
                [
                    2433.607843137255,
                    680.156862745098
                ],
                [
                    2359.098039215686,
                    662.5098039215686
                ],
                [
                    2314.0,
                    662.5098039215686
                ],
                [
                    2351.254901960784,
                    568.3921568627451
                ],
                [
                    2380.6666666666665,
                    513.4901960784314
                ],
                [
                    2423.8039215686276,
                    464.4705882352941
                ],
                [
                    2464.9803921568628,
                    456.62745098039215
                ],
                [
                    2484.5882352941176,
                    478.19607843137254
                ],
                [
                    2517.921568627451,
                    466.4313725490196
                ],
                [
                    2563.0196078431372,
                    474.27450980392155
                ],
                [
                    2570.8627450980393,
                    456.62745098039215
                ],
                [
                    2514.0,
                    452.70588235294116
                ],
                [
                    2512.0392156862745,
                    440.94117647058823
                ],
                [
                    2637.529411764706,
                    435.05882352941177
                ],
                [
                    2639.4901960784314,
                    407.6078431372549
                ],
                [
                    2512.0392156862745,
                    405.6470588235294
                ],
                [
                    2470.8627450980393,
                    411.52941176470586
                ],
                [
                    2429.6862745098038,
                    425.2549019607843
                ],
                [
                    2380.6666666666665,
                    456.62745098039215
                ],
                [
                    2310.078431372549,
                    470.35294117647055
                ],
                [
                    2200.2745098039213,
                    472.3137254901961
                ],
                [
                    2117.921568627451,
                    444.8627450980392
                ],
                [
                    2088.5098039215686,
                    415.45098039215685
                ],
                [
                    2043.4117647058824,
                    391.921568627451
                ],
                [
                    2017.921568627451,
                    378.19607843137254
                ],
                [
                    1996.3529411764707,
                    382.11764705882354
                ]
            ],
            "group_id": null,
            "shape_type": "polygon",
            "flags": {}
        },
        {
            "label": "bicycle",
            "points": [
                [
                    1198.313725490196,
                    427.2156862745098
                ],
                [
                    1208.1176470588234,
                    460.54901960784315
                ],
                [
                    1253.2156862745098,
                    454.6666666666667
                ],
                [
                    1259.0980392156862,
                    466.4313725490196
                ],
                [
                    1331.6470588235293,
                    444.8627450980392
                ],
                [
                    1337.5294117647059,
                    499.7647058823529
                ],
                [
                    1355.1764705882354,
                    603.6862745098039
                ],
                [
                    1464.9803921568628,
                    740.9411764705882
                ],
                [
                    1488.5098039215686,
                    915.4509803921568
                ],
                [
                    1506.1568627450981,
                    1137.0196078431372
                ],
                [
                    1527.7254901960785,
                    1203.686274509804
                ],
                [
                    1429.686274509804,
                    1548.7843137254902
                ],
                [
                    1398.313725490196,
                    1562.5098039215686
                ],
                [
                    1414.0,
                    1576.235294117647
                ],
                [
                    1435.5686274509803,
                    1564.4705882352941
                ],
                [
                    1529.686274509804,
                    1270.3529411764705
                ],
                [
                    1547.3333333333333,
                    1229.1764705882354
                ],
                [
                    1572.8235294117646,
                    1307.6078431372548
                ],
                [
                    1604.1960784313726,
                    1448.7843137254902
                ],
                [
                    1621.8431372549019,
                    1576.235294117647
                ],
                [
                    1643.4117647058824,
                    1621.3333333333333
                ],
                [
                    1704.1960784313726,
                    1597.8039215686274
                ],
                [
                    1708.1176470588234,
                    1499.764705882353
                ],
                [
                    1700.2745098039215,
                    1354.6666666666667
                ],
                [
                    1719.8823529411764,
                    1370.3529411764705
                ],
                [
                    1735.5686274509803,
                    1354.6666666666667
                ],
                [
                    1731.6470588235293,
                    1291.921568627451
                ],
                [
                    1761.0588235294117,
                    1291.921568627451
                ],
                [
                    1759.0980392156862,
                    1227.2156862745098
                ],
                [
                    1745.3725490196077,
                    1203.686274509804
                ],
                [
                    1763.0196078431372,
                    1133.0980392156862
                ],
                [
                    1759.0980392156862,
                    1099.764705882353
                ],
                [
                    1737.5294117647059,
                    1107.6078431372548
                ],
                [
                    1688.5098039215686,
                    713.4901960784314
                ],
                [
                    1694.392156862745,
                    593.8823529411765
                ],
                [
                    1682.627450980392,
                    580.156862745098
                ],
                [
                    1686.549019607843,
                    546.8235294117648
                ],
                [
                    1692.4313725490197,
                    470.35294117647055
                ],
                [
                    1700.2745098039215,
                    442.9019607843137
                ],
                [
                    1684.5882352941176,
                    419.37254901960785
                ],
                [
                    1684.5882352941176,
                    399.7647058823529
                ],
                [
                    1719.8823529411764,
                    403.6862745098039
                ],
                [
                    1751.2549019607843,
                    405.6470588235294
                ],
                [
                    1761.0588235294117,
                    405.6470588235294
                ],
                [
                    1745.3725490196077,
                    393.88235294117646
                ],
                [
                    1788.5098039215686,
                    389.96078431372547
                ],
                [
                    1815.9607843137255,
                    388.0
                ],
                [
                    1817.921568627451,
                    352.70588235294116
                ],
                [
                    1788.5098039215686,
                    352.70588235294116
                ],
                [
                    1747.3333333333333,
                    362.5098039215686
                ],
                [
                    1692.4313725490197,
                    364.4705882352941
                ],
                [
                    1649.2941176470588,
                    346.8235294117647
                ],
                [
                    1631.6470588235293,
                    360.54901960784315
                ],
                [
                    1627.7254901960785,
                    338.98039215686276
                ],
                [
                    1600.2745098039215,
                    352.70588235294116
                ],
                [
                    1561.0588235294117,
                    370.3529411764706
                ],
                [
                    1559.0980392156862,
                    399.7647058823529
                ],
                [
                    1459.0980392156862,
                    415.45098039215685
                ],
                [
                    1437.5294117647059,
                    421.3333333333333
                ],
                [
                    1394.392156862745,
                    409.5686274509804
                ],
                [
                    1361.0588235294117,
                    401.7254901960784
                ],
                [
                    1325.764705882353,
                    401.7254901960784
                ],
                [
                    1315.9607843137255,
                    411.52941176470586
                ],
                [
                    1280.6666666666667,
                    413.4901960784314
                ],
                [
                    1261.0588235294117,
                    421.3333333333333
                ]
            ],
            "group_id": null,
            "shape_type": "polygon",
            "flags": {}
        },
        {
            "label": "bicycle",
            "points": [
                [
                    331.6470588235294,
                    623.2941176470588
                ],
                [
                    368.9019607843137,
                    678.1960784313725
                ],
                [
                    404.19607843137254,
                    691.9215686274509
                ],
                [
                    508.11764705882354,
                    693.8823529411765
                ],
                [
                    564.9803921568628,
                    699.7647058823529
                ],
                [
                    568.9019607843137,
                    701.7254901960785
                ],
                [
                    578.7058823529412,
                    772.313725490196
                ],
                [
                    543.4117647058823,
                    752.7058823529412
                ],
                [
                    496.3529411764706,
                    742.9019607843137
                ],
                [
                    429.68627450980387,
                    752.7058823529412
                ],
                [
                    376.7450980392157,
                    793.8823529411765
                ],
                [
                    341.45098039215685,
                    850.7450980392157
                ],
                [
                    306.156862745098,
                    933.0980392156863
                ],
                [
                    282.62745098039215,
                    1044.862745098039
                ],
                [
                    282.62745098039215,
                    1246.8235294117646
                ],
                [
                    335.5686274509804,
                    1472.313725490196
                ],
                [
                    363.01960784313724,
                    1511.5294117647059
                ],
                [
                    345.37254901960785,
                    1570.3529411764705
                ],
                [
                    317.921568627451,
                    1574.2745098039215
                ],
                [
                    319.88235294117646,
                    1591.921568627451
                ],
                [
                    353.2156862745098,
                    1588.0
                ],
                [
                    368.9019607843137,
                    1533.0980392156862
                ],
                [
                    394.3921568627451,
                    1578.1960784313726
                ],
                [
                    453.21568627450984,
                    1627.2156862745098
                ],
                [
                    523.8039215686274,
                    1654.6666666666667
                ],
                [
                    608.1176470588235,
                    1633.0980392156862
                ],
                [
                    678.7058823529412,
                    1578.1960784313726
                ],
                [
                    731.6470588235294,
                    1458.5882352941176
                ],
                [
                    747.3333333333334,
                    1364.4705882352941
                ],
                [
                    768.9019607843137,
                    1346.8235294117646
                ],
                [
                    772.8235294117646,
                    1346.8235294117646
                ],
                [
                    931.6470588235294,
                    1644.862745098039
                ],
                [
                    941.4509803921569,
                    1635.0588235294117
                ],
                [
                    782.6274509803922,
                    1340.9411764705883
                ],
                [
                    833.6078431372549,
                    1303.686274509804
                ],
                [
                    863.0196078431372,
                    1311.5294117647059
                ],
                [
                    884.5882352941177,
                    1299.764705882353
                ],
                [
                    898.313725490196,
                    1221.3333333333333
                ],
                [
                    943.4117647058824,
                    1254.6666666666667
                ],
                [
                    972.8235294117646,
                    1260.549019607843
                ],
                [
                    1084.5882352941176,
                    1250.7450980392157
                ],
                [
                    1084.5882352941176,
                    1221.3333333333333
                ],
                [
                    996.3529411764705,
                    1225.2549019607843
                ],
                [
                    959.0980392156862,
                    1231.1372549019607
                ],
                [
                    935.5686274509803,
                    1219.3725490196077
                ],
                [
                    896.3529411764706,
                    1189.9607843137255
                ],
                [
                    886.5490196078431,
                    1111.5294117647059
                ],
                [
                    866.9411764705882,
                    1070.3529411764705
                ],
                [
                    837.5294117647059,
                    1056.627450980392
                ],
                [
                    861.0588235294117,
                    952.7058823529411
                ],
                [
                    882.6274509803922,
                    952.7058823529411
                ],
                [
                    894.3921568627451,
                    956.6274509803922
                ],
                [
                    943.4117647058824,
                    1091.921568627451
                ],
                [
                    947.3333333333333,
                    1123.2941176470588
                ],
                [
                    982.627450980392,
                    1227.2156862745098
                ],
                [
                    1025.764705882353,
                    1338.9803921568628
                ],
                [
                    1064.9803921568628,
                    1391.921568627451
                ],
                [
                    1119.8823529411764,
                    1407.6078431372548
                ],
                [
                    1145.3725490196077,
                    1368.392156862745
                ],
                [
                    1121.8431372549019,
                    1197.8039215686274
                ],
                [
                    1076.7450980392157,
                    1035.0588235294117
                ],
                [
                    1057.1372549019607,
                    974.2745098039215
                ],
                [
                    1033.6078431372548,
                    844.8627450980392
                ],
                [
                    1014.0,
                    772.313725490196
                ],
                [
                    992.4313725490197,
                    742.9019607843137
                ],
                [
                    1070.862745098039,
                    725.2549019607843
                ],
                [
                    1074.7843137254902,
                    684.0784313725491
                ],
                [
                    1017.921568627451,
                    464.4705882352941
                ],
                [
                    1008.1176470588234,
                    407.6078431372549
                ],
                [
                    1037.5294117647059,
                    401.7254901960784
                ],
                [
                    1045.3725490196077,
                    374.27450980392155
                ],
                [
                    1084.5882352941176,
                    354.6666666666667
                ],
                [
                    1155.1764705882354,
                    342.9019607843137
                ],
                [
                    1149.2941176470588,
                    313.4901960784314
                ],
                [
                    1080.6666666666667,
                    323.29411764705884
                ],
                [
                    1043.4117647058824,
                    331.1372549019608
                ],
                [
                    1014.0,
                    331.1372549019608
                ],
                [
                    1000.2745098039215,
                    338.98039215686276
                ],
                [
                    984.5882352941176,
                    340.94117647058823
                ],
                [
                    976.7450980392157,
                    327.2156862745098
                ],
                [
                    957.1372549019607,
                    333.09803921568624
                ],
                [
                    827.7254901960785,
                    376.2352941176471
                ],
                [
                    794.3921568627451,
                    407.6078431372549
                ],
                [
                    766.9411764705882,
                    411.52941176470586
                ],
                [
                    692.4313725490196,
                    411.52941176470586
                ],
                [
                    678.7058823529412,
                    380.156862745098
                ],
                [
                    647.3333333333334,
                    370.3529411764706
                ],
                [
                    619.8823529411765,
                    362.5098039215686
                ],
                [
                    553.2156862745098,
                    356.62745098039215
                ],
                [
                    474.78431372549016,
                    368.3921568627451
                ],
                [
                    447.33333333333337,
                    391.921568627451
                ],
                [
                    447.33333333333337,
                    450.7450980392157
                ],
                [
                    466.9411764705882,
                    491.921568627451
                ],
                [
                    515.9607843137255,
                    491.921568627451
                ],
                [
                    555.1764705882352,
                    470.35294117647055
                ],
                [
                    596.3529411764706,
                    468.3921568627451
                ],
                [
                    602.2352941176471,
                    486.0392156862745
                ],
                [
                    590.4705882352941,
                    493.88235294117646
                ],
                [
                    580.6666666666666,
                    511.52941176470586
                ],
                [
                    566.9411764705882,
                    519.3725490196078
                ],
                [
                    555.1764705882352,
                    525.2549019607843
                ],
                [
                    559.0980392156863,
                    558.5882352941177
                ],
                [
                    455.17647058823525,
                    552.7058823529412
                ],
                [
                    392.4313725490196,
                    574.2745098039215
                ],
                [
                    355.1764705882353,
                    593.8823529411765
                ]
            ],
            "group_id": null,
            "shape_type": "polygon",
            "flags": {}
        },
        {
            "label": "bicycle",
            "points": [
                [
                    0.27450980392156055,
                    1489.9607843137255
                ],
                [
                    35.56862745098039,
                    1419.3725490196077
                ],
                [
                    59.09803921568627,
                    1340.9411764705883
                ],
                [
                    157.13725490196077,
                    1286.0392156862745
                ],
                [
                    176.7450980392157,
                    1295.8431372549019
                ],
                [
                    200.27450980392155,
                    1254.6666666666667
                ],
                [
                    231.6470588235294,
                    1146.8235294117646
                ],
                [
                    243.41176470588232,
                    1099.764705882353
                ],
                [
                    225.76470588235293,
                    1254.6666666666667
                ],
                [
                    257.1372549019608,
                    1376.235294117647
                ],
                [
                    302.2352941176471,
                    1407.6078431372548
                ],
                [
                    368.9019607843137,
                    1321.3333333333333
                ],
                [
                    406.156862745098,
                    1233.0980392156862
                ],
                [
                    417.921568627451,
                    1119.3725490196077
                ],
                [
                    470.8627450980392,
                    1089.9607843137255
                ],
                [
                    515.9607843137255,
                    1011.5294117647059
                ],
                [
                    515.9607843137255,
                    950.7450980392157
                ],
                [
                    492.43137254901956,
                    889.9607843137255
                ],
                [
                    451.2549019607843,
                    850.7450980392157
                ],
                [
                    431.6470588235294,
                    764.4705882352941
                ],
                [
                    404.19607843137254,
                    711.5294117647059
                ],
                [
                    368.9019607843137,
                    678.1960784313725
                ],
                [
                    541.4509803921569,
                    584.0784313725491
                ],
                [
                    564.9803921568628,
                    442.9019607843137
                ],
                [
                    555.1764705882352,
                    386.03921568627453
                ],
                [
                    282.62745098039215,
                    368.3921568627451
                ],
                [
                    259.09803921568624,
                    344.8627450980392
                ],
                [
                    227.72549019607845,
                    348.78431372549016
                ],
                [
                    210.078431372549,
                    340.94117647058823
                ],
                [
                    194.39215686274508,
                    362.5098039215686
                ],
                [
                    208.11764705882354,
                    388.0
                ],
                [
                    263.01960784313724,
                    421.3333333333333
                ],
                [
                    261.05882352941177,
                    605.6470588235294
                ],
                [
                    200.27450980392155,
                    638.9803921568628
                ],
                [
                    135.5686274509804,
                    640.9411764705882
                ],
                [
                    88.50980392156862,
                    729.1764705882352
                ],
                [
                    64.98039215686273,
                    760.5490196078431
                ],
                [
                    19.882352941176464,
                    731.1372549019608
                ],
                [
                    0.0,
                    721.0
                ]
            ],
            "group_id": null,
            "shape_type": "polygon",
            "flags": {}
        },
        {
            "label": "bicycle",
            "points": [
                [
                    1217.921568627451,
                    1076.235294117647
                ],
                [
                    1198.313725490196,
                    1146.8235294117646
                ],
                [
                    1208.1176470588234,
                    1227.2156862745098
                ],
                [
                    1253.2156862745098,
                    1278.1960784313726
                ],
                [
                    1325.764705882353,
                    1325.2549019607843
                ],
                [
                    1357.1372549019607,
                    1337.0196078431372
                ],
                [
                    1355.1764705882354,
                    1427.2156862745098
                ],
                [
                    1380.6666666666667,
                    1437.0196078431372
                ],
                [
                    1415.9607843137255,
                    1429.1764705882354
                ],
                [
                    1433.6078431372548,
                    1354.6666666666667
                ],
                [
                    1486.549019607843,
                    1319.3725490196077
                ],
                [
                    1514.0,
                    1227.2156862745098
                ],
                [
                    1500.2745098039215,
                    1131.1372549019607
                ],
                [
                    1484.5882352941176,
                    1099.764705882353
                ],
                [
                    1441.450980392157,
                    1062.5098039215686
                ],
                [
                    1441.450980392157,
                    1056.627450980392
                ],
                [
                    1492.4313725490197,
                    1074.2745098039215
                ],
                [
                    1498.313725490196,
                    1037.0196078431372
                ],
                [
                    1472.8235294117646,
                    1013.4901960784314
                ],
                [
                    1488.5098039215686,
                    1007.6078431372549
                ],
                [
                    1494.392156862745,
                    989.9607843137255
                ],
                [
                    1478.7058823529412,
                    986.0392156862745
                ],
                [
                    1478.7058823529412,
                    968.3921568627451
                ],
                [
                    1476.7450980392157,
                    958.5882352941177
                ],
                [
                    1384.5882352941176,
                    964.4705882352941
                ],
                [
                    1361.0588235294117,
                    972.313725490196
                ],
                [
                    1333.6078431372548,
                    984.078431372549
                ],
                [
                    1337.5294117647059,
                    991.9215686274509
                ],
                [
                    1286.549019607843,
                    1001.7254901960785
                ],
                [
                    1272.8235294117646,
                    1013.4901960784314
                ],
                [
                    1292.4313725490197,
                    1019.3725490196077
                ],
                [
                    1308.1176470588234,
                    1031.1372549019607
                ],
                [
                    1264.9803921568628,
                    1040.9411764705883
                ]
            ],
            "group_id": null,
            "shape_type": "polygon",
            "flags": {}
        }
    ],
    "imagePath": "../../Canon1DsMkIII_PNG/Canon1DsMkIII_0146.PNG",
    "imageData": null,
    "imageHeight": 1876,
    "imageWidth": 2820
}