{
    "version": "4.5.6",
    "flags": {},
    "shapes": [
        {
            "label": "person",
            "points": [
                [
                    245.29032258064518,
                    587.8387096774194
                ],
                [
                    234.0,
                    616.8709677419355
                ],
                [
                    252.57731958762886,
                    651.5463917525774
                ],
                [
                    168.04123711340208,
                    680.4123711340206
                ],
                [
                    141.23711340206185,
                    683.5051546391753
                ],
                [
                    125.77319587628867,
                    685.5670103092783
                ],
                [
                    121.64948453608248,
                    702.0618556701031
                ],
                [
                    140.20618556701032,
                    702.0618556701031
                ],
                [
                    180.41237113402062,
                    703.0927835051547
                ],
                [
                    282.4742268041237,
                    684.5360824742269
                ],
                [
                    294.8453608247423,
                    706.1855670103093
                ],
                [
                    325.7731958762887,
                    721.6494845360825
                ],
                [
                    353.60824742268045,
                    737.1134020618557
                ],
                [
                    392.78350515463916,
                    768.0412371134021
                ],
                [
                    420.6185567010309,
                    817.5257731958764
                ],
                [
                    444.3298969072165,
                    828.8659793814434
                ],
                [
                    432.9896907216495,
                    805.1546391752578
                ],
                [
                    450.5154639175258,
                    816.4948453608248
                ],
                [
                    460.82474226804123,
                    810.3092783505155
                ],
                [
                    446.3917525773196,
                    791.7525773195877
                ],
                [
                    435.0515463917526,
                    742.2680412371134
                ],
                [
                    408.2474226804124,
                    722.680412371134
                ],
                [
                    355.6701030927835,
                    654.639175257732
                ],
                [
                    314.4329896907217,
                    632.9896907216495
                ],
                [
                    308.2474226804124,
                    617.5257731958764
                ],
                [
                    295.87628865979383,
                    589.6907216494845
                ],
                [
                    277.319587628866,
                    579.3814432989691
                ]
            ],
            "group_id": null,
            "shape_type": "polygon",
            "flags": {}
        },
        {
            "label": "person",
            "points": [
                [
                    637.5,
                    913.6363636363636
                ],
                [
                    652.2727272727273,
                    936.3636363636364
                ],
                [
                    631.8181818181819,
                    959.0909090909091
                ],
                [
                    610.2272727272727,
                    965.9090909090909
                ],
                [
                    646.5909090909091,
                    993.1818181818181
                ],
                [
                    685.2272727272727,
                    969.3181818181819
                ],
                [
                    740.9090909090909,
                    990.9090909090909
                ],
                [
                    689.7727272727273,
                    1018.1818181818181
                ],
                [
                    712.5,
                    1052.2727272727273
                ],
                [
                    809.0909090909091,
                    986.3636363636364
                ],
                [
                    798.8636363636364,
                    959.0909090909091
                ],
                [
                    752.2727272727273,
                    937.5
                ],
                [
                    785.2272727272727,
                    922.7272727272727
                ],
                [
                    836.3636363636364,
                    925.0
                ],
                [
                    895.4545454545455,
                    910.2272727272727
                ],
                [
                    912.5,
                    873.8636363636364
                ],
                [
                    915.9090909090909,
                    844.3181818181819
                ],
                [
                    887.5,
                    864.7727272727273
                ],
                [
                    857.9545454545455,
                    880.6818181818181
                ],
                [
                    840.9090909090909,
                    870.4545454545455
                ],
                [
                    867.0454545454545,
                    850.0
                ],
                [
                    937.5,
                    814.7727272727273
                ],
                [
                    967.0454545454545,
                    778.4090909090909
                ],
                [
                    944.3181818181819,
                    778.4090909090909
                ],
                [
                    928.4090909090909,
                    794.3181818181819
                ],
                [
                    860.2272727272727,
                    820.4545454545455
                ],
                [
                    861.3636363636364,
                    801.1363636363636
                ],
                [
                    831.8181818181819,
                    792.0454545454545
                ],
                [
                    809.0909090909091,
                    792.0454545454545
                ],
                [
                    795.4545454545455,
                    801.1363636363636
                ],
                [
                    795.4545454545455,
                    830.6818181818181
                ],
                [
                    781.8181818181819,
                    843.1818181818181
                ],
                [
                    685.2272727272727,
                    876.1363636363636
                ]
            ],
            "group_id": null,
            "shape_type": "polygon",
            "flags": {}
        },
        {
            "label": "person",
            "points": [
                [
                    113.40206185567011,
                    1287.6288659793815
                ],
                [
                    100.0,
                    1304.1237113402062
                ],
                [
                    103.09278350515464,
                    1318.5567010309278
                ],
                [
                    106.18556701030928,
                    1342.2680412371135
                ],
                [
                    119.58762886597938,
                    1353.6082474226805
                ],
                [
                    140.20618556701032,
                    1338.1443298969073
                ],
                [
                    160.82474226804123,
                    1317.5257731958764
                ],
                [
                    156.70103092783506,
                    1291.7525773195878
                ]
            ],
            "group_id": null,
            "shape_type": "polygon",
            "flags": {}
        },
        {
            "label": "person",
            "points": [
                [
                    76.28865979381443,
                    1370.1030927835052
                ],
                [
                    58.76288659793815,
                    1385.5670103092784
                ],
                [
                    31.95876288659794,
                    1389.6907216494847
                ],
                [
                    20.61855670103093,
                    1407.2164948453608
                ],
                [
                    19.587628865979383,
                    1423.7113402061857
                ],
                [
                    45.36082474226804,
                    1418.5567010309278
                ],
                [
                    64.94845360824742,
                    1395.8762886597938
                ],
                [
                    95.87628865979381,
                    1403.0927835051548
                ],
                [
                    170.10309278350516,
                    1397.9381443298969
                ],
                [
                    144.3298969072165,
                    1357.7319587628867
                ],
                [
                    109.27835051546393,
                    1361.8556701030927
                ]
            ],
            "group_id": null,
            "shape_type": "polygon",
            "flags": {}
        },
        {
            "label": "person",
            "points": [
                [
                    874.2268041237114,
                    990.7216494845361
                ],
                [
                    862.8865979381444,
                    997.9381443298969
                ],
                [
                    848.4536082474227,
                    1029.8969072164948
                ],
                [
                    801.0309278350516,
                    1047.4226804123712
                ],
                [
                    810.3092783505155,
                    1096.9072164948454
                ],
                [
                    780.4123711340206,
                    1165.979381443299
                ],
                [
                    728.8659793814434,
                    1238.1443298969073
                ],
                [
                    759.7938144329897,
                    1246.3917525773197
                ],
                [
                    787.6288659793814,
                    1215.4639175257732
                ],
                [
                    823.7113402061856,
                    1185.5670103092784
                ],
                [
                    855.6701030927835,
                    1185.5670103092784
                ],
                [
                    852.5773195876288,
                    1110.3092783505156
                ],
                [
                    893.8144329896908,
                    1095.8762886597938
                ],
                [
                    923.7113402061856,
                    1121.6494845360826
                ],
                [
                    925.7731958762887,
                    1065.979381443299
                ],
                [
                    909.2783505154639,
                    1038.1443298969073
                ],
                [
                    927.8350515463918,
                    1022.680412371134
                ],
                [
                    912.3711340206186,
                    989.6907216494845
                ]
            ],
            "group_id": null,
            "shape_type": "polygon",
            "flags": {}
        },
        {
            "label": "person",
            "points": [
                [
                    806.1855670103093,
                    995.8762886597939
                ],
                [
                    796.9072164948453,
                    1019.5876288659794
                ],
                [
                    790.7216494845361,
                    1047.4226804123712
                ],
                [
                    823.7113402061856,
                    1083.5051546391753
                ],
                [
                    836.0824742268042,
                    1075.2577319587629
                ],
                [
                    825.7731958762887,
                    1045.360824742268
                ],
                [
                    862.8865979381444,
                    1025.7731958762886
                ],
                [
                    875.2577319587629,
                    1002.0618556701031
                ],
                [
                    840.2061855670104,
                    1002.0618556701031
                ],
                [
                    836.0824742268042,
                    981.4432989690722
                ]
            ],
            "group_id": null,
            "shape_type": "polygon",
            "flags": {}
        },
        {
            "label": "person",
            "points": [
                [
                    768.0412371134021,
                    1082.4742268041236
                ],
                [
                    754.639175257732,
                    1106.1855670103093
                ],
                [
                    771.1340206185567,
                    1115.4639175257732
                ],
                [
                    801.0309278350516,
                    1119.5876288659795
                ],
                [
                    841.2371134020618,
                    1140.2061855670104
                ],
                [
                    852.5773195876288,
                    1172.1649484536083
                ],
                [
                    857.7319587628866,
                    1212.3711340206187
                ],
                [
                    882.4742268041238,
                    1195.8762886597938
                ],
                [
                    907.2164948453609,
                    1236.0824742268042
                ],
                [
                    931.9587628865979,
                    1268.041237113402
                ],
                [
                    917.5257731958764,
                    1198.9690721649486
                ],
                [
                    912.3711340206186,
                    1156.701030927835
                ],
                [
                    920.6185567010309,
                    1122.680412371134
                ],
                [
                    896.9072164948453,
                    1097.9381443298969
                ],
                [
                    868.0412371134021,
                    1107.2164948453608
                ],
                [
                    854.639175257732,
                    1113.4020618556701
                ],
                [
                    792.7835051546392,
                    1098.9690721649486
                ],
                [
                    776.2886597938144,
                    1088.659793814433
                ]
            ],
            "group_id": null,
            "shape_type": "polygon",
            "flags": {}
        },
        {
            "label": "person",
            "points": [
                [
                    887.6288659793814,
                    1195.8762886597938
                ],
                [
                    887.6288659793814,
                    1258.7628865979382
                ],
                [
                    891.7525773195877,
                    1295.8762886597938
                ],
                [
                    912.3711340206186,
                    1348.4536082474226
                ],
                [
                    864.9484536082474,
                    1377.319587628866
                ],
                [
                    854.639175257732,
                    1395.8762886597938
                ],
                [
                    810.3092783505155,
                    1401.0309278350517
                ],
                [
                    746.3917525773196,
                    1495.8762886597938
                ],
                [
                    808.2474226804123,
                    1475.2577319587629
                ],
                [
                    858.7628865979382,
                    1483.5051546391753
                ],
                [
                    908.2474226804123,
                    1494.8453608247423
                ],
                [
                    921.6494845360825,
                    1492.7835051546392
                ],
                [
                    916.4948453608248,
                    1474.2268041237114
                ],
                [
                    906.1855670103093,
                    1463.9175257731958
                ],
                [
                    925.7731958762887,
                    1450.5154639175257
                ],
                [
                    942.2680412371134,
                    1429.8969072164948
                ],
                [
                    944.3298969072165,
                    1410.3092783505156
                ],
                [
                    978.3505154639175,
                    1419.5876288659795
                ],
                [
                    1001.0309278350516,
                    1389.6907216494847
                ],
                [
                    1011.340206185567,
                    1361.8556701030927
                ],
                [
                    1032.9896907216496,
                    1352.5773195876288
                ],
                [
                    1051.5463917525774,
                    1374.2268041237114
                ],
                [
                    1087.6288659793815,
                    1350.5154639175257
                ],
                [
                    1083.5051546391753,
                    1327.8350515463917
                ],
                [
                    1062.8865979381444,
                    1303.0927835051548
                ],
                [
                    1026.8041237113403,
                    1279.381443298969
                ],
                [
                    1002.0618556701031,
                    1259.7938144329896
                ],
                [
                    979.3814432989691,
                    1231.958762886598
                ],
                [
                    957.7319587628866,
                    1236.0824742268042
                ],
                [
                    950.5154639175258,
                    1256.701030927835
                ],
                [
                    935.0515463917526,
                    1269.0721649484537
                ],
                [
                    948.4536082474227,
                    1292.7835051546392
                ],
                [
                    943.2989690721649,
                    1301.0309278350517
                ],
                [
                    924.7422680412371,
                    1256.701030927835
                ]
            ],
            "group_id": null,
            "shape_type": "polygon",
            "flags": {}
        },
        {
            "label": "person",
            "points": [
                [
                    905.1546391752578,
                    1457.7319587628867
                ],
                [
                    915.4639175257732,
                    1481.4432989690722
                ],
                [
                    928.8659793814434,
                    1497.9381443298969
                ],
                [
                    939.1752577319588,
                    1509.278350515464
                ],
                [
                    921.6494845360825,
                    1527.8350515463917
                ],
                [
                    937.1134020618557,
                    1543.298969072165
                ],
                [
                    1063.9175257731958,
                    1511.340206185567
                ],
                [
                    1059.7938144329896,
                    1476.2886597938145
                ],
                [
                    1065.979381443299,
                    1408.2474226804125
                ],
                [
                    1054.639175257732,
                    1384.5360824742268
                ],
                [
                    1032.9896907216496,
                    1353.6082474226805
                ],
                [
                    1011.340206185567,
                    1361.8556701030927
                ],
                [
                    1017.5257731958764,
                    1389.6907216494847
                ],
                [
                    1028.8659793814434,
                    1422.680412371134
                ],
                [
                    1022.680412371134,
                    1465.979381443299
                ],
                [
                    997.9381443298969,
                    1489.6907216494847
                ],
                [
                    983.5051546391753,
                    1481.4432989690722
                ],
                [
                    993.8144329896908,
                    1470.1030927835052
                ],
                [
                    1008.2474226804125,
                    1468.041237113402
                ],
                [
                    1001.0309278350516,
                    1439.1752577319587
                ],
                [
                    981.4432989690722,
                    1422.680412371134
                ],
                [
                    950.5154639175258,
                    1414.4329896907218
                ],
                [
                    945.360824742268,
                    1440.2061855670104
                ],
                [
                    927.8350515463918,
                    1454.639175257732
                ]
            ],
            "group_id": null,
            "shape_type": "polygon",
            "flags": {}
        },
        {
            "label": "person",
            "points": [
                [
                    1521.6494845360826,
                    1190.721649484536
                ],
                [
                    1491.7525773195878,
                    1246.3917525773197
                ],
                [
                    1478.3505154639176,
                    1277.319587628866
                ],
                [
                    1492.7835051546392,
                    1313.4020618556701
                ],
                [
                    1496.9072164948454,
                    1346.3917525773197
                ],
                [
                    1472.1649484536083,
                    1374.2268041237114
                ],
                [
                    1459.7938144329896,
                    1409.278350515464
                ],
                [
                    1432.9896907216496,
                    1441.2371134020618
                ],
                [
                    1398.9690721649486,
                    1467.0103092783506
                ],
                [
                    1401.0309278350517,
                    1484.5360824742268
                ],
                [
                    1464.9484536082475,
                    1524.7422680412371
                ],
                [
                    1477.319587628866,
                    1544.3298969072166
                ],
                [
                    1503.0927835051548,
                    1528.8659793814434
                ],
                [
                    1530.9278350515465,
                    1520.618556701031
                ],
                [
                    1580.4123711340208,
                    1504.1237113402062
                ],
                [
                    1558.7628865979382,
                    1479.381443298969
                ],
                [
                    1498.9690721649486,
                    1475.2577319587629
                ],
                [
                    1523.7113402061857,
                    1450.5154639175257
                ],
                [
                    1561.8556701030927,
                    1416.4948453608247
                ],
                [
                    1563.9175257731958,
                    1400.0
                ],
                [
                    1597.9381443298969,
                    1385.5670103092784
                ],
                [
                    1658.7628865979382,
                    1406.1855670103093
                ],
                [
                    1677.319587628866,
                    1420.618556701031
                ],
                [
                    1704.1237113402062,
                    1420.618556701031
                ],
                [
                    1697.9381443298969,
                    1401.0309278350517
                ],
                [
                    1677.319587628866,
                    1393.8144329896907
                ],
                [
                    1653.6082474226805,
                    1384.5360824742268
                ],
                [
                    1603.0927835051548,
                    1362.8865979381444
                ],
                [
                    1581.4432989690722,
                    1367.0103092783506
                ],
                [
                    1588.659793814433,
                    1346.3917525773197
                ],
                [
                    1605.1546391752577,
                    1344.3298969072166
                ],
                [
                    1596.9072164948454,
                    1317.5257731958764
                ],
                [
                    1608.2474226804125,
                    1302.0618556701031
                ],
                [
                    1594.8453608247423,
                    1283.5051546391753
                ],
                [
                    1571.1340206185566,
                    1279.381443298969
                ],
                [
                    1545.360824742268,
                    1289.6907216494847
                ],
                [
                    1531.958762886598,
                    1304.1237113402062
                ],
                [
                    1538.1443298969073,
                    1327.8350515463917
                ],
                [
                    1526.8041237113403,
                    1325.7731958762888
                ],
                [
                    1511.340206185567,
                    1273.1958762886597
                ],
                [
                    1528.8659793814434,
                    1219.5876288659795
                ],
                [
                    1549.4845360824743,
                    1216.4948453608247
                ],
                [
                    1559.7938144329896,
                    1191.7525773195878
                ]
            ],
            "group_id": null,
            "shape_type": "polygon",
            "flags": {}
        },
        {
            "label": "person",
            "points": [
                [
                    1948.4536082474228,
                    1220.618556701031
                ],
                [
                    1941.2371134020618,
                    1247.4226804123712
                ],
                [
                    1912.3711340206187,
                    1231.958762886598
                ],
                [
                    1882.4742268041239,
                    1184.5360824742268
                ],
                [
                    1884.5360824742268,
                    1158.7628865979382
                ],
                [
                    1862.8865979381444,
                    1163.9175257731958
                ],
                [
                    1855.6701030927836,
                    1190.721649484536
                ],
                [
                    1859.7938144329898,
                    1218.5567010309278
                ],
                [
                    1892.7835051546392,
                    1268.041237113402
                ],
                [
                    1907.2164948453608,
                    1285.5670103092784
                ],
                [
                    1974.2268041237114,
                    1294.8453608247423
                ],
                [
                    1973.1958762886597,
                    1279.381443298969
                ],
                [
                    2002.0618556701031,
                    1271.1340206185566
                ],
                [
                    2014.4329896907218,
                    1254.639175257732
                ],
                [
                    2025.7731958762888,
                    1223.7113402061857
                ],
                [
                    2008.2474226804125,
                    1207.2164948453608
                ],
                [
                    1978.3505154639176,
                    1205.1546391752577
                ]
            ],
            "group_id": null,
            "shape_type": "polygon",
            "flags": {}
        },
        {
            "label": "person",
            "points": [
                [
                    1550.5154639175257,
                    1519.5876288659795
                ],
                [
                    1570.1030927835052,
                    1544.3298969072166
                ],
                [
                    1648.4536082474228,
                    1554.639175257732
                ],
                [
                    1674.2268041237114,
                    1572.1649484536083
                ],
                [
                    1719.5876288659795,
                    1593.8144329896907
                ],
                [
                    1767.0103092783506,
                    1606.1855670103093
                ],
                [
                    1786.5979381443299,
                    1598.9690721649486
                ],
                [
                    1788.659793814433,
                    1554.639175257732
                ],
                [
                    1755.6701030927836,
                    1553.6082474226805
                ],
                [
                    1729.8969072164948,
                    1553.6082474226805
                ],
                [
                    1710.3092783505156,
                    1539.1752577319587
                ],
                [
                    1730.9278350515465,
                    1509.278350515464
                ],
                [
                    1718.5567010309278,
                    1494.8453608247423
                ],
                [
                    1685.5670103092784,
                    1468.041237113402
                ],
                [
                    1668.041237113402,
                    1467.0103092783506
                ],
                [
                    1657.7319587628867,
                    1478.3505154639176
                ],
                [
                    1654.639175257732,
                    1495.8762886597938
                ],
                [
                    1641.2371134020618,
                    1507.2164948453608
                ],
                [
                    1582.4742268041236,
                    1504.1237113402062
                ]
            ],
            "group_id": null,
            "shape_type": "polygon",
            "flags": {}
        },
        {
            "label": "person",
            "points": [
                [
                    1064.9484536082475,
                    610.3092783505155
                ],
                [
                    1058.7628865979382,
                    624.7422680412371
                ],
                [
                    1077.6978417266187,
                    642.4460431654676
                ],
                [
                    1049.640287769784,
                    656.115107913669
                ],
                [
                    1020.863309352518,
                    669.7841726618705
                ],
                [
                    1010.0719424460431,
                    663.3093525179855
                ],
                [
                    1000.7194244604316,
                    674.1007194244604
                ],
                [
                    1012.230215827338,
                    682.0143884892086
                ],
                [
                    1039.568345323741,
                    682.7338129496402
                ],
                [
                    1069.7841726618703,
                    671.9424460431654
                ],
                [
                    1079.8561151079136,
                    699.2805755395683
                ],
                [
                    1107.1942446043165,
                    720.1438848920862
                ],
                [
                    1124.460431654676,
                    730.2158273381294
                ],
                [
                    1110.071942446043,
                    700.7194244604316
                ],
                [
                    1118.705035971223,
                    682.7338129496402
                ],
                [
                    1105.7553956834531,
                    671.9424460431654
                ],
                [
                    1119.4244604316546,
                    654.6762589928057
                ],
                [
                    1105.0359712230215,
                    639.5683453237409
                ],
                [
                    1097.841726618705,
                    635.9712230215827
                ],
                [
                    1092.8057553956833,
                    617.2661870503597
                ]
            ],
            "group_id": null,
            "shape_type": "polygon",
            "flags": {}
        },
        {
            "label": "person",
            "points": [
                [
                    1119.4244604316546,
                    654.6762589928057
                ],
                [
                    1101.4388489208632,
                    670.5035971223022
                ],
                [
                    1112.230215827338,
                    684.1726618705036
                ],
                [
                    1107.1942446043165,
                    701.4388489208633
                ],
                [
                    1121.5827338129495,
                    729.4964028776977
                ],
                [
                    1130.2158273381294,
                    746.0431654676258
                ],
                [
                    1110.7913669064747,
                    772.661870503597
                ],
                [
                    1105.7553956834531,
                    787.0503597122301
                ],
                [
                    1099.2805755395682,
                    798.5611510791366
                ],
                [
                    1114.388489208633,
                    802.8776978417266
                ],
                [
                    1130.935251798561,
                    782.7338129496402
                ],
                [
                    1151.798561151079,
                    800.7194244604316
                ],
                [
                    1156.8345323741007,
                    831.6546762589927
                ],
                [
                    1165.4676258992804,
                    812.9496402877697
                ],
                [
                    1169.0647482014388,
                    787.7697841726618
                ],
                [
                    1171.2230215827337,
                    758.9928057553956
                ],
                [
                    1161.1510791366904,
                    737.4100719424459
                ],
                [
                    1173.3812949640287,
                    723.0215827338129
                ],
                [
                    1170.5035971223022,
                    705.0359712230215
                ],
                [
                    1183.4532374100718,
                    691.3669064748201
                ],
                [
                    1156.8345323741007,
                    687.0503597122301
                ],
                [
                    1151.798561151079,
                    671.9424460431654
                ],
                [
                    1146.7625899280574,
                    656.8345323741006
                ],
                [
                    1131.6546762589926,
                    651.7985611510791
                ]
            ],
            "group_id": null,
            "shape_type": "polygon",
            "flags": {}
        },
        {
            "label": "person",
            "points": [
                [
                    1550.3597122302158,
                    852.5179856115108
                ],
                [
                    1539.568345323741,
                    860.431654676259
                ],
                [
                    1542.4460431654675,
                    884.1726618705035
                ],
                [
                    1538.848920863309,
                    901.4388489208633
                ],
                [
                    1519.4244604316546,
                    877.6978417266187
                ],
                [
                    1500.7194244604316,
                    871.9424460431654
                ],
                [
                    1497.1223021582732,
                    884.8920863309352
                ],
                [
                    1514.388489208633,
                    902.8776978417266
                ],
                [
                    1533.8129496402876,
                    929.4964028776977
                ],
                [
                    1529.4964028776976,
                    953.956834532374
                ],
                [
                    1509.3525179856115,
                    964.0287769784172
                ],
                [
                    1489.2086330935251,
                    962.5899280575538
                ],
                [
                    1483.4532374100718,
                    973.3812949640287
                ],
                [
                    1492.8057553956833,
                    999.9999999999999
                ],
                [
                    1510.7913669064747,
                    994.9640287769784
                ],
                [
                    1520.1438848920861,
                    992.0863309352517
                ],
                [
                    1528.0575539568345,
                    1015.1079136690646
                ],
                [
                    1537.410071942446,
                    1029.4964028776978
                ],
                [
                    1562.5899280575538,
                    1032.3741007194244
                ],
                [
                    1572.661870503597,
                    1005.0359712230215
                ],
                [
                    1571.9424460431653,
                    963.3093525179855
                ],
                [
                    1576.9784172661869,
                    933.093525179856
                ],
                [
                    1592.8057553956833,
                    925.1798561151078
                ],
                [
                    1609.3525179856113,
                    910.7913669064748
                ],
                [
                    1592.8057553956833,
                    897.8417266187049
                ],
                [
                    1575.5395683453237,
                    894.9640287769784
                ],
                [
                    1561.1510791366904,
                    905.0359712230215
                ],
                [
                    1561.1510791366904,
                    869.7841726618705
                ],
                [
                    1558.9928057553955,
                    854.6762589928056
                ]
            ],
            "group_id": null,
            "shape_type": "polygon",
            "flags": {}
        },
        {
            "label": "person",
            "points": [
                [
                    1668.345323741007,
                    943.8848920863309
                ],
                [
                    1652.5179856115105,
                    962.5899280575538
                ],
                [
                    1643.165467625899,
                    987.7697841726617
                ],
                [
                    1644.6043165467624,
                    1017.9856115107913
                ],
                [
                    1623.7410071942445,
                    1043.8848920863309
                ],
                [
                    1616.546762589928,
                    1060.4316546762589
                ],
                [
                    1655.3956834532373,
                    1086.3309352517986
                ],
                [
                    1668.345323741007,
                    1066.9064748201438
                ],
                [
                    1671.9424460431653,
                    1087.7697841726617
                ],
                [
                    1676.9784172661869,
                    1119.4244604316546
                ],
                [
                    1689.2086330935251,
                    1119.4244604316546
                ],
                [
                    1692.8057553956833,
                    1089.9280575539567
                ],
                [
                    1693.5251798561148,
                    1040.2877697841725
                ],
                [
                    1710.071942446043,
                    1042.4460431654675
                ],
                [
                    1717.2661870503596,
                    1025.8992805755395
                ],
                [
                    1723.7410071942445,
                    1007.9136690647481
                ],
                [
                    1720.1438848920861,
                    997.1223021582733
                ],
                [
                    1694.9640287769782,
                    996.4028776978416
                ],
                [
                    1684.8920863309352,
                    1012.230215827338
                ],
                [
                    1675.5395683453237,
                    1000.7194244604316
                ],
                [
                    1669.7841726618703,
                    976.2589928057553
                ],
                [
                    1682.7338129496402,
                    964.7482014388488
                ],
                [
                    1686.3309352517983,
                    948.2014388489208
                ]
            ],
            "group_id": null,
            "shape_type": "polygon",
            "flags": {}
        },
        {
            "label": "person",
            "points": [
                [
                    1058.2733812949639,
                    899.9999999999999
                ],
                [
                    1041.726618705036,
                    910.7913669064748
                ],
                [
                    1029.4964028776978,
                    925.8992805755395
                ],
                [
                    1035.9712230215825,
                    946.0431654676258
                ],
                [
                    1038.1294964028775,
                    966.1870503597121
                ],
                [
                    1039.568345323741,
                    976.978417266187
                ],
                [
                    1058.9928057553957,
                    958.273381294964
                ],
                [
                    1083.4532374100718,
                    956.115107913669
                ],
                [
                    1094.2446043165467,
                    946.7625899280574
                ],
                [
                    1094.2446043165467,
                    933.8129496402877
                ],
                [
                    1079.8561151079136,
                    931.6546762589927
                ],
                [
                    1077.6978417266187,
                    920.863309352518
                ],
                [
                    1080.5755395683452,
                    905.7553956834531
                ]
            ],
            "group_id": null,
            "shape_type": "polygon",
            "flags": {}
        },
        {
            "label": "person",
            "points": [
                [
                    2057.553956834532,
                    794.9640287769784
                ],
                [
                    2048.920863309352,
                    811.5107913669063
                ],
                [
                    2050.359712230216,
                    832.3741007194244
                ],
                [
                    2020.1438848920861,
                    817.9856115107913
                ],
                [
                    2003.5971223021581,
                    808.6330935251798
                ],
                [
                    1989.9280575539567,
                    817.2661870503597
                ],
                [
                    2008.6330935251797,
                    827.3381294964028
                ],
                [
                    2030.935251798561,
                    836.6906474820144
                ],
                [
                    2042.4460431654675,
                    849.6402877697841
                ],
                [
                    2054.6762589928057,
                    880.5755395683452
                ],
                [
                    2055.3956834532373,
                    899.9999999999999
                ],
                [
                    2049.640287769784,
                    941.7266187050359
                ],
                [
                    2049.640287769784,
                    969.0647482014388
                ],
                [
                    2051.0791366906474,
                    983.4532374100719
                ],
                [
                    2046.7625899280574,
                    993.5251798561151
                ],
                [
                    2034.5323741007192,
                    1001.4388489208632
                ],
                [
                    2043.8848920863309,
                    1007.1942446043165
                ],
                [
                    2069.0647482014388,
                    1008.6330935251798
                ],
                [
                    2071.942446043165,
                    994.2446043165467
                ],
                [
                    2071.942446043165,
                    982.7338129496402
                ],
                [
                    2084.1726618705034,
                    945.3237410071941
                ],
                [
                    2097.122302158273,
                    913.6690647482013
                ],
                [
                    2097.122302158273,
                    890.6474820143884
                ],
                [
                    2092.0863309352517,
                    855.3956834532373
                ],
                [
                    2079.136690647482,
                    837.4100719424459
                ],
                [
                    2090.6474820143885,
                    812.230215827338
                ]
            ],
            "group_id": null,
            "shape_type": "polygon",
            "flags": {}
        },
        {
            "label": "boat",
            "points": [
                [
                    283.5614035087719,
                    839.736842105263
                ],
                [
                    323.91228070175436,
                    911.6666666666665
                ],
                [
                    462.50877192982455,
                    1071.3157894736842
                ],
                [
                    495.8421052631578,
                    1111.6666666666665
                ],
                [
                    478.29824561403507,
                    1213.4210526315787
                ],
                [
                    455.49122807017534,
                    1227.4561403508771
                ],
                [
                    446.719298245614,
                    1278.3333333333333
                ],
                [
                    441.45614035087715,
                    1346.7543859649122
                ],
                [
                    502.8596491228069,
                    1383.59649122807
                ],
                [
                    608.1228070175438,
                    1425.7017543859647
                ],
                [
                    708.1228070175438,
                    1422.1929824561403
                ],
                [
                    788.8245614035087,
                    1390.6140350877192
                ],
                [
                    808.1228070175438,
                    1383.59649122807
                ],
                [
                    773.0350877192982,
                    1492.3684210526314
                ],
                [
                    751.9824561403508,
                    1508.1578947368419
                ],
                [
                    797.59649122807,
                    1548.5087719298244
                ],
                [
                    913.3859649122805,
                    1523.9473684210525
                ],
                [
                    1013.3859649122805,
                    1509.9122807017543
                ],
                [
                    1171.2807017543857,
                    1527.456140350877
                ],
                [
                    1243.2105263157894,
                    1580.0877192982455
                ],
                [
                    1248.4736842105262,
                    1555.5263157894735
                ],
                [
                    1306.3684210526314,
                    1506.4035087719296
                ],
                [
                    1376.5438596491226,
                    1476.5789473684208
                ],
                [
                    1429.175438596491,
                    1511.6666666666665
                ],
                [
                    1604.614035087719,
                    1511.6666666666665
                ],
                [
                    1748.473684210526,
                    1506.4035087719296
                ],
                [
                    1871.2807017543857,
                    1492.3684210526314
                ],
                [
                    1888.8245614035086,
                    1409.9122807017543
                ],
                [
                    1848.473684210526,
                    1373.0701754385964
                ],
                [
                    2083.5614035087715,
                    1059.0350877192982
                ],
                [
                    2416.894736842105,
                    1276.5789473684208
                ],
                [
                    2474.7894736842104,
                    1280.0877192982455
                ],
                [
                    2651.9824561403507,
                    994.1228070175437
                ],
                [
                    2501.1052631578946,
                    930.9649122807016
                ],
                [
                    2215.1403508771928,
                    809.9122807017543
                ],
                [
                    1995.8421052631575,
                    671.3157894736842
                ],
                [
                    1669.5263157894735,
                    462.54385964912274
                ],
                [
                    1558.9999999999998,
                    387.1052631578947
                ],
                [
                    1567.7719298245613,
                    344.99999999999994
                ],
                [
                    1520.4035087719296,
                    276.578947368421
                ],
                [
                    1453.736842105263,
                    288.85964912280696
                ],
                [
                    1394.0877192982455,
                    332.71929824561397
                ],
                [
                    1255.4912280701753,
                    481.8421052631578
                ],
                [
                    934.438596491228,
                    608.157894736842
                ],
                [
                    767.7719298245613,
                    644.9999999999999
                ],
                [
                    451.9824561403508,
                    655.5263157894736
                ],
                [
                    766.017543859649,
                    313.4210526315789
                ],
                [
                    750.2280701754385,
                    306.40350877192975
                ],
                [
                    715.1403508771929,
                    322.19298245614027
                ],
                [
                    576.5438596491227,
                    304.6491228070175
                ],
                [
                    536.1929824561403,
                    346.7543859649122
                ],
                [
                    527.4210526315788,
                    380.0877192982456
                ],
                [
                    508.1228070175438,
                    397.6315789473683
                ],
                [
                    485.31578947368416,
                    404.64912280701753
                ],
                [
                    453.7368421052631,
                    488.8596491228069
                ],
                [
                    534.4385964912279,
                    439.7368421052631
                ],
                [
                    599.3508771929824,
                    450.26315789473676
                ],
                [
                    388.8245614035087,
                    678.3333333333333
                ]
            ],
            "group_id": null,
            "shape_type": "polygon",
            "flags": {}
        }
    ],
    "imagePath": "../../Canon1DsMkIII_PNG/Canon1DsMkIII_0063.PNG",
    "imageData": null,
    "imageHeight": 1876,
    "imageWidth": 2820
}