{
    "version": "4.5.6",
    "flags": {},
    "shapes": [
        {
            "label": "dog",
            "points": [
                [
                    1589.2941176470588,
                    791.1764705882352
                ],
                [
                    1508.4117647058822,
                    829.4117647058823
                ],
                [
                    1517.2352941176468,
                    870.5882352941176
                ],
                [
                    1564.2941176470588,
                    842.6470588235294
                ],
                [
                    1565.7647058823527,
                    877.9411764705882
                ],
                [
                    1553.9999999999998,
                    907.3529411764705
                ],
                [
                    1515.7647058823527,
                    926.470588235294
                ],
                [
                    1586.3529411764705,
                    961.7647058823529
                ],
                [
                    1676.0588235294117,
                    938.235294117647
                ],
                [
                    1708.411764705882,
                    966.1764705882352
                ],
                [
                    1777.5294117647059,
                    966.1764705882352
                ],
                [
                    1862.8235294117644,
                    954.4117647058823
                ],
                [
                    1868.705882352941,
                    917.6470588235294
                ],
                [
                    1812.8235294117644,
                    864.7058823529411
                ],
                [
                    1748.1176470588234,
                    842.6470588235294
                ],
                [
                    1667.2352941176468,
                    847.0588235294117
                ],
                [
                    1636.3529411764705,
                    801.470588235294
                ]
            ],
            "group_id": null,
            "shape_type": "polygon",
            "flags": {}
        },
        {
            "label": "person",
            "points": [
                [
                    1315.75,
                    526.25
                ],
                [
                    1294.5,
                    551.25
                ],
                [
                    1282.0,
                    573.75
                ],
                [
                    1258.25,
                    583.75
                ],
                [
                    1257.0,
                    698.75
                ],
                [
                    1290.75,
                    738.75
                ],
                [
                    1343.25,
                    757.5
                ],
                [
                    1344.5,
                    715.0
                ],
                [
                    1349.5,
                    683.75
                ],
                [
                    1392.0,
                    681.25
                ],
                [
                    1407.0,
                    682.5
                ],
                [
                    1399.5,
                    636.25
                ],
                [
                    1397.0,
                    605.0
                ],
                [
                    1397.0,
                    592.5
                ],
                [
                    1375.75,
                    588.75
                ],
                [
                    1378.25,
                    561.25
                ],
                [
                    1374.5,
                    533.75
                ],
                [
                    1347.0,
                    523.75
                ]
            ],
            "group_id": null,
            "shape_type": "polygon",
            "flags": {}
        }
    ],
    "imagePath": "../../Canon1DsMkIII_PNG/Canon1DsMkIII_0052.PNG",
    "imageData": null,
    "imageHeight": 2820,
    "imageWidth": 1876
}