{
    "version": "4.5.6",
    "flags": {},
    "shapes": [
        {
            "label": "person",
            "points": [
                [
                    1116.6349206349207,
                    1045.8253968253969
                ],
                [
                    1107.111111111111,
                    1064.873015873016
                ],
                [
                    1075.3650793650793,
                    1087.095238095238
                ],
                [
                    1064.2539682539682,
                    1158.5238095238094
                ],
                [
                    1078.5396825396826,
                    1163.2857142857142
                ],
                [
                    1096.0,
                    1209.3174603174602
                ],
                [
                    1164.2539682539682,
                    1206.142857142857
                ],
                [
                    1153.142857142857,
                    1150.5873015873017
                ],
                [
                    1170.6031746031747,
                    1141.063492063492
                ],
                [
                    1164.2539682539682,
                    1098.2063492063492
                ],
                [
                    1146.7936507936508,
                    1083.920634920635
                ],
                [
                    1156.3174603174602,
                    1053.7619047619048
                ]
            ],
            "group_id": null,
            "shape_type": "polygon",
            "flags": {}
        },
        {
            "label": "person",
            "points": [
                [
                    62.66666666666667,
                    1152.1746031746031
                ],
                [
                    65.84126984126983,
                    1202.968253968254
                ],
                [
                    53.142857142857146,
                    1290.2698412698412
                ],
                [
                    188.06349206349205,
                    1285.5079365079364
                ],
                [
                    167.42857142857142,
                    1209.3174603174602
                ],
                [
                    129.33333333333334,
                    1175.984126984127
                ],
                [
                    121.39682539682539,
                    1136.3015873015872
                ]
            ],
            "group_id": null,
            "shape_type": "polygon",
            "flags": {}
        },
        {
            "label": "car",
            "points": [
                [
                    1846.7936507936508,
                    982.3333333333333
                ],
                [
                    1854.7301587301588,
                    1012.4920634920634
                ],
                [
                    1876.952380952381,
                    1020.4285714285713
                ],
                [
                    1943.6190476190477,
                    1023.6031746031747
                ],
                [
                    1975.3650793650793,
                    1007.7301587301588
                ],
                [
                    2021.3968253968253,
                    990.2698412698412
                ],
                [
                    2016.6349206349207,
                    944.2380952380952
                ],
                [
                    1964.2539682539682,
                    931.5396825396825
                ],
                [
                    1918.2222222222222,
                    934.7142857142857
                ],
                [
                    1875.3650793650793,
                    950.5873015873016
                ]
            ],
            "group_id": null,
            "shape_type": "polygon",
            "flags": {}
        },
        {
            "label": "person",
            "points": [
                [
                    2566.2650602409635,
                    990.3614457831325
                ],
                [
                    2560.843373493976,
                    1014.4578313253011
                ],
                [
                    2537.777777777778,
                    1036.6666666666667
                ],
                [
                    2544.4444444444443,
                    1056.6666666666667
                ],
                [
                    2598.8888888888887,
                    1051.111111111111
                ],
                [
                    2603.3333333333335,
                    1028.888888888889
                ],
                [
                    2586.6666666666665,
                    1018.8888888888889
                ],
                [
                    2584.33734939759,
                    996.9879518072288
                ]
            ],
            "group_id": null,
            "shape_type": "polygon",
            "flags": {}
        },
        {
            "label": "car",
            "points": [
                [
                    2366.867469879518,
                    964.4578313253011
                ],
                [
                    2374.0963855421683,
                    939.7590361445782
                ],
                [
                    2439.759036144578,
                    928.9156626506024
                ],
                [
                    2477.710843373494,
                    931.9277108433735
                ],
                [
                    2499.3975903614455,
                    946.9879518072288
                ],
                [
                    2465.6626506024095,
                    950.6024096385541
                ],
                [
                    2434.33734939759,
                    962.0481927710842
                ]
            ],
            "group_id": null,
            "shape_type": "polygon",
            "flags": {}
        },
        {
            "label": "person",
            "points": [
                [
                    2702.4096385542166,
                    992.7710843373493
                ],
                [
                    2699.9999999999995,
                    996.3855421686746
                ],
                [
                    2705.4216867469877,
                    1016.2650602409637
                ],
                [
                    2692.7710843373493,
                    1022.2891566265059
                ],
                [
                    2690.3614457831322,
                    1055.421686746988
                ],
                [
                    2742.7710843373493,
                    1060.8433734939758
                ],
                [
                    2738.5542168674697,
                    1033.734939759036
                ],
                [
                    2721.084337349397,
                    1018.6746987951807
                ],
                [
                    2724.0963855421683,
                    996.3855421686746
                ],
                [
                    2713.2530120481924,
                    989.7590361445782
                ]
            ],
            "group_id": null,
            "shape_type": "polygon",
            "flags": {}
        },
        {
            "label": "person",
            "points": [
                [
                    2719.2771084337346,
                    993.3734939759036
                ],
                [
                    2725.301204819277,
                    983.1325301204819
                ],
                [
                    2737.9518072289156,
                    987.3493975903614
                ],
                [
                    2737.349397590361,
                    996.9879518072288
                ],
                [
                    2752.4096385542166,
                    1009.6385542168674
                ],
                [
                    2752.4096385542166,
                    1057.2289156626505
                ],
                [
                    2743.975903614458,
                    1060.2409638554216
                ],
                [
                    2739.1566265060237,
                    1034.3373493975903
                ],
                [
                    2721.6867469879517,
                    1020.4819277108433
                ],
                [
                    2726.5060240963853,
                    996.3855421686746
                ]
            ],
            "group_id": null,
            "shape_type": "polygon",
            "flags": {}
        },
        {
            "label": "person",
            "points": [
                [
                    2772.2891566265057,
                    975.9036144578313
                ],
                [
                    2790.3614457831322,
                    975.9036144578313
                ],
                [
                    2792.7710843373493,
                    996.3855421686746
                ],
                [
                    2793.9759036144574,
                    1003.012048192771
                ],
                [
                    2803.614457831325,
                    1004.2168674698794
                ],
                [
                    2812.6506024096384,
                    1019.8795180722891
                ],
                [
                    2756.626506024096,
                    1019.8795180722891
                ],
                [
                    2766.2650602409635,
                    1006.6265060240963
                ],
                [
                    2775.301204819277,
                    1003.6144578313252
                ]
            ],
            "group_id": null,
            "shape_type": "polygon",
            "flags": {}
        },
        {
            "label": "person",
            "points": [
                [
                    2750.602409638554,
                    964.4578313253011
                ],
                [
                    2749.9999999999995,
                    975.301204819277
                ],
                [
                    2742.7710843373493,
                    983.734939759036
                ],
                [
                    2742.7710843373493,
                    999.9999999999999
                ],
                [
                    2752.4096385542166,
                    1009.6385542168674
                ],
                [
                    2771.084337349397,
                    1001.8072289156626
                ],
                [
                    2768.072289156626,
                    980.1204819277108
                ],
                [
                    2761.44578313253,
                    974.6987951807228
                ],
                [
                    2760.843373493976,
                    965.6626506024096
                ]
            ],
            "group_id": null,
            "shape_type": "polygon",
            "flags": {}
        },
        {
            "label": "person",
            "points": [
                [
                    2767.469879518072,
                    976.5060240963854
                ],
                [
                    2771.6867469879517,
                    968.0722891566264
                ],
                [
                    2765.060240963855,
                    963.2530120481927
                ],
                [
                    2771.6867469879517,
                    955.4216867469879
                ],
                [
                    2786.1445783132526,
                    958.433734939759
                ],
                [
                    2781.9277108433735,
                    969.2771084337348
                ],
                [
                    2791.5662650602408,
                    975.301204819277
                ]
            ],
            "group_id": null,
            "shape_type": "polygon",
            "flags": {}
        },
        {
            "label": "person",
            "points": [
                [
                    2796.3855421686744,
                    999.9999999999999
                ],
                [
                    2794.578313253012,
                    982.5301204819276
                ],
                [
                    2796.3855421686744,
                    980.7228915662649
                ],
                [
                    2795.7831325301204,
                    969.8795180722891
                ],
                [
                    2802.4096385542166,
                    968.0722891566264
                ],
                [
                    2806.626506024096,
                    971.0843373493975
                ],
                [
                    2810.2409638554213,
                    976.5060240963854
                ],
                [
                    2816.2650602409635,
                    983.1325301204819
                ],
                [
                    2817.469879518072,
                    1020.4819277108433
                ],
                [
                    2814.457831325301,
                    1020.4819277108433
                ],
                [
                    2804.8192771084337,
                    1003.6144578313252
                ]
            ],
            "group_id": null,
            "shape_type": "polygon",
            "flags": {}
        }
    ],
    "imagePath": "../../Canon1DsMkIII_PNG/Canon1DsMkIII_0079.PNG",
    "imageData": null,
    "imageHeight": 1876,
    "imageWidth": 2820
}