{
    "version": "4.5.6",
    "flags": {},
    "shapes": [
        {
            "label": "chair",
            "points": [
                [
                    402.2352941176471,
                    1374.2745098039215
                ],
                [
                    406.156862745098,
                    1389.9607843137255
                ],
                [
                    408.11764705882354,
                    1411.5294117647059
                ],
                [
                    421.84313725490193,
                    1425.2549019607843
                ],
                [
                    433.6078431372549,
                    1399.764705882353
                ],
                [
                    504.1960784313725,
                    1397.8039215686274
                ],
                [
                    510.07843137254906,
                    1415.450980392157
                ],
                [
                    551.2549019607843,
                    1415.450980392157
                ],
                [
                    557.1372549019608,
                    1378.1960784313726
                ]
            ],
            "group_id": null,
            "shape_type": "polygon",
            "flags": {}
        }
    ],
    "imagePath": "../../Canon1DsMkIII_PNG/Canon1DsMkIII_0192.PNG",
    "imageData": null,
    "imageHeight": 1876,
    "imageWidth": 2820
}