{
    "version": "4.5.6",
    "flags": {},
    "shapes": [
        {
            "label": "knife",
            "points": [
                [
                    810.078431372549,
                    1344.862745098039
                ],
                [
                    1576.7450980392157,
                    1331.1372549019607
                ],
                [
                    2227.725490196078,
                    1276.235294117647
                ],
                [
                    2231.6470588235293,
                    1338.9803921568628
                ],
                [
                    2253.2156862745096,
                    1352.7058823529412
                ],
                [
                    2270.8627450980393,
                    1333.0980392156862
                ],
                [
                    2274.78431372549,
                    1301.7254901960785
                ],
                [
                    2270.8627450980393,
                    1289.9607843137255
                ],
                [
                    2414.0,
                    1284.078431372549
                ],
                [
                    2455.176470588235,
                    1313.4901960784314
                ],
                [
                    2653.2156862745096,
                    1333.0980392156862
                ],
                [
                    2617.921568627451,
                    1276.235294117647
                ],
                [
                    2500.2745098039213,
                    1260.549019607843
                ],
                [
                    2490.470588235294,
                    1252.7058823529412
                ],
                [
                    2500.2745098039213,
                    1250.7450980392157
                ],
                [
                    2614.0,
                    1244.862745098039
                ],
                [
                    2633.607843137255,
                    1225.2549019607843
                ],
                [
                    2637.529411764706,
                    1193.8823529411764
                ],
                [
                    2512.0392156862745,
                    1213.4901960784314
                ],
                [
                    2447.3333333333335,
                    1217.4117647058824
                ],
                [
                    2408.1176470588234,
                    1227.2156862745098
                ],
                [
                    2261.0588235294117,
                    1227.2156862745098
                ],
                [
                    2272.823529411765,
                    1191.921568627451
                ],
                [
                    2251.254901960784,
                    1170.3529411764705
                ],
                [
                    2225.7647058823527,
                    1170.3529411764705
                ],
                [
                    2229.6862745098038,
                    1229.1764705882354
                ],
                [
                    1951.2549019607843,
                    1248.7843137254902
                ],
                [
                    1329.686274509804,
                    1256.627450980392
                ],
                [
                    1076.7450980392157,
                    1258.5882352941176
                ],
                [
                    1047.3333333333333,
                    1242.9019607843138
                ],
                [
                    1033.6078431372548,
                    1250.7450980392157
                ],
                [
                    1043.4117647058824,
                    1264.4705882352941
                ]
            ],
            "group_id": null,
            "shape_type": "polygon",
            "flags": {}
        },
        {
            "label": "knife",
            "points": [
                [
                    833.6078431372549,
                    1523.2941176470588
                ],
                [
                    2192.4313725490197,
                    1478.1960784313726
                ],
                [
                    2223.8039215686276,
                    1493.8823529411764
                ],
                [
                    2263.0196078431372,
                    1484.078431372549
                ],
                [
                    2400.2745098039213,
                    1488.0
                ],
                [
                    2412.0392156862745,
                    1503.686274509804
                ],
                [
                    2561.0588235294117,
                    1505.6470588235293
                ],
                [
                    2492.4313725490197,
                    1452.7058823529412
                ],
                [
                    2378.705882352941,
                    1431.1372549019607
                ],
                [
                    2237.529411764706,
                    1417.4117647058824
                ],
                [
                    2231.6470588235293,
                    1427.2156862745098
                ],
                [
                    1235.5686274509803,
                    1462.5098039215686
                ],
                [
                    1025.764705882353,
                    1478.1960784313726
                ],
                [
                    878.7058823529411,
                    1501.7254901960785
                ]
            ],
            "group_id": null,
            "shape_type": "polygon",
            "flags": {}
        }
    ],
    "imagePath": "../../Canon1DsMkIII_PNG/Canon1DsMkIII_0174.PNG",
    "imageData": null,
    "imageHeight": 1876,
    "imageWidth": 2820
}