{
    "version": "4.5.6",
    "flags": {},
    "shapes": [
        {
            "label": "car",
            "points": [
                [
                    2.235294117647058,
                    1854.6666666666667
                ],
                [
                    159.09803921568627,
                    1870.3529411764705
                ],
                [
                    415.96078431372547,
                    1823.2941176470588
                ],
                [
                    419.88235294117646,
                    1874.2745098039215
                ],
                [
                    459,
                    1875
                ],
                [
                    541,
                    1875
                ],
                [
                    625.7647058823529,
                    1850.7450980392157
                ],
                [
                    696.3529411764706,
                    1772.313725490196
                ],
                [
                    715.9607843137255,
                    1723.2941176470588
                ],
                [
                    1092.4313725490197,
                    1615.450980392157
                ],
                [
                    1115.9607843137255,
                    1656.627450980392
                ],
                [
                    1143.4117647058824,
                    1674.2745098039215
                ],
                [
                    1223.8039215686274,
                    1670.3529411764705
                ],
                [
                    1261.0588235294117,
                    1637.0196078431372
                ],
                [
                    1296.3529411764705,
                    1546.8235294117646
                ],
                [
                    1298.313725490196,
                    1397.8039215686274
                ],
                [
                    1268.9019607843138,
                    1217.4117647058824
                ],
                [
                    1274.7843137254902,
                    1186.0392156862745
                ],
                [
                    1249.2941176470588,
                    1146.8235294117646
                ],
                [
                    1237.5294117647059,
                    1086.0392156862745
                ],
                [
                    1182.627450980392,
                    991.9215686274509
                ],
                [
                    1117.921568627451,
                    944.8627450980392
                ],
                [
                    1112.0392156862745,
                    944.8627450980392
                ],
                [
                    1115.9607843137255,
                    927.2156862745098
                ],
                [
                    1023.8039215686274,
                    889.9607843137255
                ],
                [
                    923.8039215686274,
                    870.3529411764706
                ],
                [
                    821.843137254902,
                    860.5490196078431
                ],
                [
                    774.7843137254902,
                    856.6274509803922
                ],
                [
                    780.6666666666666,
                    876.2352941176471
                ],
                [
                    784.5882352941177,
                    888.0
                ],
                [
                    604.1960784313725,
                    872.313725490196
                ],
                [
                    490.47058823529414,
                    858.5882352941177
                ],
                [
                    370.8627450980392,
                    838.9803921568628
                ],
                [
                    317.921568627451,
                    848.7843137254902
                ],
                [
                    302.2352941176471,
                    866.4313725490196
                ],
                [
                    210.078431372549,
                    872.313725490196
                ],
                [
                    4.196078431372541,
                    942.9019607843137
                ]
            ],
            "group_id": null,
            "shape_type": "polygon",
            "flags": {}
        },
        {
            "label": "truck",
            "points": [
                [
                    1435.5686274509803,
                    1093.8823529411764
                ],
                [
                    1435.5686274509803,
                    1231.1372549019607
                ],
                [
                    1457.1372549019607,
                    1238.9803921568628
                ],
                [
                    1474.7843137254902,
                    1260.549019607843
                ],
                [
                    1496.3529411764705,
                    1244.862745098039
                ],
                [
                    1574.7843137254902,
                    1246.8235294117646
                ],
                [
                    1590.4705882352941,
                    1258.5882352941176
                ],
                [
                    1625.764705882353,
                    1252.7058823529412
                ],
                [
                    1629.686274509804,
                    1233.0980392156862
                ],
                [
                    1674.7843137254902,
                    1231.1372549019607
                ],
                [
                    1682.627450980392,
                    1250.7450980392157
                ],
                [
                    1684.5882352941176,
                    1111.5294117647059
                ],
                [
                    1743.4117647058824,
                    1107.6078431372548
                ],
                [
                    1741.450980392157,
                    1038.9803921568628
                ],
                [
                    1488.5098039215686,
                    1037.0196078431372
                ],
                [
                    1482.627450980392,
                    1074.2745098039215
                ]
            ],
            "group_id": null,
            "shape_type": "polygon",
            "flags": {}
        },
        {
            "label": "person",
            "points": [
                [
                    2548.6956521739125,
                    1126.086956521739
                ],
                [
                    2550.4347826086955,
                    1137.391304347826
                ],
                [
                    2539.9999999999995,
                    1151.3043478260868
                ],
                [
                    2539.1304347826085,
                    1174.782608695652
                ],
                [
                    2546.086956521739,
                    1186.9565217391303
                ],
                [
                    2543.478260869565,
                    1196.5217391304348
                ],
                [
                    2544.347826086956,
                    1225.2173913043478
                ],
                [
                    2549.565217391304,
                    1248.695652173913
                ],
                [
                    2549.565217391304,
                    1258.2608695652173
                ],
                [
                    2563.478260869565,
                    1250.4347826086955
                ],
                [
                    2570.4347826086955,
                    1259.9999999999998
                ],
                [
                    2573.9130434782605,
                    1249.5652173913043
                ],
                [
                    2578.260869565217,
                    1212.173913043478
                ],
                [
                    2590.4347826086955,
                    1206.9565217391303
                ],
                [
                    2589.565217391304,
                    1170.4347826086955
                ],
                [
                    2579.9999999999995,
                    1146.086956521739
                ],
                [
                    2566.95652173913,
                    1139.1304347826085
                ],
                [
                    2559.9999999999995,
                    1124.3478260869565
                ]
            ],
            "group_id": null,
            "shape_type": "polygon",
            "flags": {}
        },
        {
            "label": "handbag",
            "points": [
                [
                    2551.3043478260865,
                    1193.0434782608695
                ],
                [
                    2539.9999999999995,
                    1196.5217391304348
                ],
                [
                    2542.6086956521735,
                    1226.086956521739
                ],
                [
                    2560.869565217391,
                    1228.695652173913
                ],
                [
                    2563.478260869565,
                    1222.6086956521738
                ],
                [
                    2565.2173913043475,
                    1202.6086956521738
                ]
            ],
            "group_id": null,
            "shape_type": "polygon",
            "flags": {}
        },
        {
            "label": "backpack",
            "points": [
                [
                    2560.869565217391,
                    1152.173913043478
                ],
                [
                    2553.9130434782605,
                    1166.086956521739
                ],
                [
                    2553.043478260869,
                    1192.173913043478
                ],
                [
                    2564.347826086956,
                    1202.6086956521738
                ],
                [
                    2563.478260869565,
                    1217.391304347826
                ],
                [
                    2578.260869565217,
                    1212.173913043478
                ],
                [
                    2582.6086956521735,
                    1191.3043478260868
                ],
                [
                    2577.391304347826,
                    1168.695652173913
                ]
            ],
            "group_id": null,
            "shape_type": "polygon",
            "flags": {}
        }
    ],
    "imagePath": "../../Canon1DsMkIII_PNG/Canon1DsMkIII_0117.PNG",
    "imageData": null,
    "imageHeight": 1876,
    "imageWidth": 2820
}