{
    "version": "4.5.6",
    "flags": {},
    "shapes": [
        {
            "label": "truck",
            "points": [
                [
                    1866.9411764705883,
                    252.70588235294116
                ],
                [
                    1851.2549019607843,
                    319.37254901960785
                ],
                [
                    1747.3333333333333,
                    337.01960784313724
                ],
                [
                    1708.1176470588234,
                    362.5098039215686
                ],
                [
                    1692.4313725490197,
                    378.19607843137254
                ],
                [
                    1702.235294117647,
                    519.3725490196078
                ],
                [
                    1733.6078431372548,
                    548.7843137254902
                ],
                [
                    1774.7843137254902,
                    576.2352941176471
                ],
                [
                    1747.3333333333333,
                    715.4509803921568
                ],
                [
                    1745.3725490196077,
                    913.4901960784314
                ],
                [
                    1743.4117647058824,
                    946.8235294117646
                ],
                [
                    1745.3725490196077,
                    1119.3725490196077
                ],
                [
                    1727.7254901960785,
                    1142.9019607843138
                ],
                [
                    1745.3725490196077,
                    1217.4117647058824
                ],
                [
                    1741.450980392157,
                    1401.7254901960785
                ],
                [
                    1761.0588235294117,
                    1423.2941176470588
                ],
                [
                    2068.901960784314,
                    1493.8823529411764
                ],
                [
                    2104.1960784313724,
                    1525.2549019607843
                ],
                [
                    2131.6470588235293,
                    1538.9803921568628
                ],
                [
                    2149.294117647059,
                    1564.4705882352941
                ],
                [
                    2612.0392156862745,
                    1633.0980392156862
                ],
                [
                    2674.78431372549,
                    1623.2941176470588
                ],
                [
                    2721.843137254902,
                    1613.4901960784314
                ],
                [
                    2772.823529411765,
                    1613.4901960784314
                ],
                [
                    2819,
                    1686
                ],
                [
                    2819,
                    113
                ],
                [
                    2714.0,
                    86.0392156862745
                ],
                [
                    2643.4117647058824,
                    58.58823529411765
                ],
                [
                    2523.8039215686276,
                    80.15686274509804
                ],
                [
                    2429.6862745098038,
                    95.84313725490196
                ],
                [
                    2357.1372549019607,
                    125.25490196078431
                ],
                [
                    2351.254901960784,
                    72.31372549019608
                ],
                [
                    2341.450980392157,
                    31.13725490196078
                ],
                [
                    2302.235294117647,
                    29.17647058823529
                ],
                [
                    2276.7450980392155,
                    40.94117647058823
                ],
                [
                    2268.901960784314,
                    137.01960784313727
                ],
                [
                    2017.921568627451,
                    201.72549019607843
                ],
                [
                    1982.627450980392,
                    189.9607843137255
                ],
                [
                    1957.1372549019607,
                    199.76470588235293
                ],
                [
                    1937.5294117647059,
                    221.33333333333334
                ]
            ],
            "group_id": null,
            "shape_type": "polygon",
            "flags": {}
        },
        {
            "label": "truck",
            "points": [
                [
                    239.49019607843138,
                    658.5882352941177
                ],
                [
                    245.37254901960785,
                    909.5686274509803
                ],
                [
                    268.9019607843137,
                    913.4901960784314
                ],
                [
                    286.54901960784315,
                    984.078431372549
                ],
                [
                    315.96078431372547,
                    984.078431372549
                ],
                [
                    319.88235294117646,
                    909.5686274509803
                ],
                [
                    1300.2745098039215,
                    915.4509803921568
                ],
                [
                    1290.4705882352941,
                    880.156862745098
                ],
                [
                    1270.862745098039,
                    831.1372549019608
                ],
                [
                    1266.9411764705883,
                    803.6862745098039
                ],
                [
                    1259.0980392156862,
                    795.843137254902
                ],
                [
                    1157.1372549019607,
                    789.9607843137255
                ],
                [
                    1149.2941176470588,
                    719.3725490196078
                ],
                [
                    1137.5294117647059,
                    674.2745098039215
                ],
                [
                    1102.235294117647,
                    656.6274509803922
                ],
                [
                    366.94117647058823,
                    631.1372549019608
                ]
            ],
            "group_id": null,
            "shape_type": "polygon",
            "flags": {}
        },
        {
            "label": "traffic light",
            "points": [
                [
                    1427.7254901960785,
                    672.313725490196
                ],
                [
                    1427.7254901960785,
                    780.156862745098
                ],
                [
                    1466.9411764705883,
                    776.2352941176471
                ],
                [
                    1459.0980392156862,
                    674.2745098039215
                ]
            ],
            "group_id": null,
            "shape_type": "polygon",
            "flags": {}
        },
        {
            "label": "traffic light",
            "points": [
                [
                    637.5294117647059,
                    558.5882352941177
                ],
                [
                    639.4901960784314,
                    670.3529411764706
                ],
                [
                    664.9803921568628,
                    686.0392156862745
                ],
                [
                    688.5098039215686,
                    697.8039215686274
                ],
                [
                    704.1960784313725,
                    686.0392156862745
                ],
                [
                    698.313725490196,
                    550.7450980392157
                ],
                [
                    666.9411764705882,
                    546.8235294117648
                ]
            ],
            "group_id": null,
            "shape_type": "polygon",
            "flags": {}
        },
        {
            "label": "traffic light",
            "points": [
                [
                    1082.627450980392,
                    640.9411764705882
                ],
                [
                    1061.0588235294117,
                    656.6274509803922
                ],
                [
                    1043.4117647058824,
                    668.3921568627451
                ],
                [
                    1049.2941176470588,
                    748.7843137254902
                ],
                [
                    1084.5882352941176,
                    764.4705882352941
                ],
                [
                    1108.1176470588234,
                    764.4705882352941
                ],
                [
                    1108.1176470588234,
                    633.0980392156863
                ]
            ],
            "group_id": null,
            "shape_type": "polygon",
            "flags": {}
        }
    ],
    "imagePath": "../../Canon1DsMkIII_PNG/Canon1DsMkIII_0228.PNG",
    "imageData": null,
    "imageHeight": 1876,
    "imageWidth": 2820
}