{
    "version": "4.5.6",
    "flags": {},
    "shapes": [
        {
            "label": "chair",
            "points": [
                [
                    594.3921568627451,
                    1327.2156862745098
                ],
                [
                    541.4509803921569,
                    1458.5882352941176
                ],
                [
                    555.1764705882352,
                    1497.8039215686274
                ],
                [
                    572.8235294117646,
                    1505.6470588235293
                ],
                [
                    570.8627450980392,
                    1691.921568627451
                ],
                [
                    629.6862745098039,
                    1688.0
                ],
                [
                    637.5294117647059,
                    1523.2941176470588
                ],
                [
                    635.5686274509803,
                    1501.7254901960785
                ],
                [
                    1133.6078431372548,
                    1482.1176470588234
                ],
                [
                    1153.2156862745098,
                    1668.392156862745
                ],
                [
                    1172.8235294117646,
                    1678.1960784313726
                ],
                [
                    1198.313725490196,
                    1664.4705882352941
                ],
                [
                    1196.3529411764705,
                    1437.0196078431372
                ],
                [
                    1202.235294117647,
                    1309.5686274509803
                ],
                [
                    621.843137254902,
                    1317.4117647058824
                ]
            ],
            "group_id": null,
            "shape_type": "polygon",
            "flags": {}
        },
        {
            "label": "bowl",
            "points": [
                [
                    2210.078431372549,
                    695.843137254902
                ],
                [
                    2259.098039215686,
                    717.4117647058823
                ],
                [
                    2280.6666666666665,
                    744.8627450980392
                ],
                [
                    2386.549019607843,
                    772.313725490196
                ],
                [
                    2486.549019607843,
                    760.5490196078431
                ],
                [
                    2521.843137254902,
                    746.8235294117646
                ],
                [
                    2531.6470588235293,
                    733.0980392156863
                ],
                [
                    2580.6666666666665,
                    713.4901960784314
                ],
                [
                    2584.5882352941176,
                    684.0784313725491
                ],
                [
                    2500.2745098039213,
                    660.5490196078431
                ],
                [
                    2372.823529411765,
                    644.8627450980392
                ],
                [
                    2288.5098039215686,
                    654.6666666666666
                ],
                [
                    2237.529411764706,
                    658.5882352941177
                ]
            ],
            "group_id": null,
            "shape_type": "polygon",
            "flags": {}
        },
        {
            "label": "bowl",
            "points": [
                [
                    2161.0588235294117,
                    666.4313725490196
                ],
                [
                    2166.9411764705883,
                    678.1960784313725
                ],
                [
                    2217.921568627451,
                    686.0392156862745
                ],
                [
                    2237.529411764706,
                    660.5490196078431
                ],
                [
                    2266.9411764705883,
                    638.9803921568628
                ],
                [
                    2294.392156862745,
                    589.9607843137255
                ],
                [
                    2259.098039215686,
                    572.313725490196
                ],
                [
                    2215.9607843137255,
                    572.313725490196
                ],
                [
                    2188.5098039215686,
                    586.0392156862745
                ],
                [
                    2178.705882352941,
                    613.4901960784314
                ]
            ],
            "group_id": null,
            "shape_type": "polygon",
            "flags": {}
        },
        {
            "label": "cup",
            "points": [
                [
                    2280.6666666666665,
                    464.4705882352941
                ],
                [
                    2284.5882352941176,
                    635.0588235294117
                ],
                [
                    2331.6470588235293,
                    644.8627450980392
                ],
                [
                    2449.2941176470586,
                    633.0980392156863
                ],
                [
                    2457.1372549019607,
                    568.3921568627451
                ],
                [
                    2512.0392156862745,
                    540.9411764705882
                ],
                [
                    2521.843137254902,
                    493.88235294117646
                ],
                [
                    2488.5098039215686,
                    468.3921568627451
                ],
                [
                    2451.254901960784,
                    456.62745098039215
                ],
                [
                    2380.6666666666665,
                    446.8235294117647
                ],
                [
                    2321.843137254902,
                    454.6666666666667
                ]
            ],
            "group_id": null,
            "shape_type": "polygon",
            "flags": {}
        },
        {
            "label": "chair",
            "points": [
                [
                    1288.5098039215686,
                    984.078431372549
                ],
                [
                    1382.627450980392,
                    960.5490196078431
                ],
                [
                    1378.7058823529412,
                    989.9607843137255
                ],
                [
                    1451.2549019607843,
                    1025.2549019607843
                ],
                [
                    1490.4705882352941,
                    1021.3333333333333
                ],
                [
                    1486.549019607843,
                    944.8627450980392
                ],
                [
                    1514.0,
                    927.2156862745098
                ],
                [
                    1510.078431372549,
                    917.4117647058823
                ],
                [
                    1412.0392156862745,
                    868.3921568627451
                ],
                [
                    1288.5098039215686,
                    889.9607843137255
                ]
            ],
            "group_id": null,
            "shape_type": "polygon",
            "flags": {}
        },
        {
            "label": "person",
            "points": [
                [
                    123.80392156862746,
                    1.7254901960784306
                ],
                [
                    96.35294117647058,
                    27.215686274509807
                ],
                [
                    114.0,
                    89.96078431372548
                ],
                [
                    92.43137254901961,
                    119.37254901960785
                ],
                [
                    70.86274509803923,
                    158.58823529411765
                ],
                [
                    82.62745098039215,
                    188.0
                ],
                [
                    98.31372549019608,
                    197.80392156862746
                ],
                [
                    76.74509803921569,
                    227.2156862745098
                ],
                [
                    68.90196078431373,
                    323.29411764705884
                ],
                [
                    68.90196078431373,
                    335.05882352941177
                ],
                [
                    135.5686274509804,
                    264.4705882352941
                ],
                [
                    251.2549019607843,
                    248.78431372549016
                ],
                [
                    239.49019607843138,
                    221.33333333333334
                ],
                [
                    274.78431372549016,
                    178.19607843137254
                ],
                [
                    280.6666666666667,
                    188.0
                ],
                [
                    296.3529411764706,
                    174.27450980392157
                ],
                [
                    312.03921568627453,
                    148.7843137254902
                ],
                [
                    321.84313725490193,
                    89.96078431372548
                ],
                [
                    319.88235294117646,
                    78.19607843137254
                ],
                [
                    314.0,
                    54.66666666666667
                ],
                [
                    298.3137254901961,
                    29.17647058823529
                ],
                [
                    278.70588235294116,
                    5.647058823529413
                ],
                [
                    275,
                    0
                ],
                [
                    135,
                    0
                ]
            ],
            "group_id": null,
            "shape_type": "polygon",
            "flags": {}
        },
        {
            "label": "chair",
            "points": [
                [
                    55.176470588235304,
                    346.8235294117647
                ],
                [
                    66.94117647058823,
                    427.2156862745098
                ],
                [
                    196.3529411764706,
                    419.37254901960785
                ],
                [
                    206.156862745098,
                    523.2941176470588
                ],
                [
                    417.921568627451,
                    523.2941176470588
                ],
                [
                    410.078431372549,
                    417.4117647058823
                ],
                [
                    508.11764705882354,
                    415.45098039215685
                ],
                [
                    564.9803921568628,
                    272.3137254901961
                ],
                [
                    553.2156862745098,
                    209.5686274509804
                ],
                [
                    376.7450980392157,
                    213.49019607843138
                ],
                [
                    245.37254901960785,
                    213.49019607843138
                ],
                [
                    251.2549019607843,
                    248.78431372549016
                ],
                [
                    135.5686274509804,
                    264.4705882352941
                ]
            ],
            "group_id": null,
            "shape_type": "polygon",
            "flags": {}
        },
        {
            "label": "chair",
            "points": [
                [
                    0.27450980392156055,
                    540.9411764705882
                ],
                [
                    219.88235294117646,
                    580.156862745098
                ],
                [
                    227.72549019607845,
                    682.1176470588235
                ],
                [
                    15.960784313725483,
                    746.8235294117646
                ],
                [
                    33.6078431372549,
                    874.2745098039215
                ],
                [
                    0.27450980392156055,
                    891.9215686274509
                ]
            ],
            "group_id": null,
            "shape_type": "polygon",
            "flags": {}
        }
    ],
    "imagePath": "../../Canon1DsMkIII_PNG/Canon1DsMkIII_0199.PNG",
    "imageData": null,
    "imageHeight": 1876,
    "imageWidth": 2820
}