{
    "version": "4.5.6",
    "flags": {},
    "shapes": [
        {
            "label": "person",
            "points": [
                [
                    1842.063492063492,
                    1016.6666666666666
                ],
                [
                    1826.984126984127,
                    1021.4285714285714
                ],
                [
                    1823.8095238095239,
                    1045.2380952380952
                ],
                [
                    1817.4603174603174,
                    1088.888888888889
                ],
                [
                    1831.7460317460318,
                    1093.6507936507937
                ],
                [
                    1838.888888888889,
                    1094.4444444444443
                ],
                [
                    1836.5079365079364,
                    1111.904761904762
                ],
                [
                    1830.952380952381,
                    1142.063492063492
                ],
                [
                    1834.126984126984,
                    1158.7301587301588
                ],
                [
                    1830.1587301587301,
                    1189.6825396825398
                ],
                [
                    1850.0,
                    1292.857142857143
                ],
                [
                    1831.7460317460318,
                    1299.2063492063492
                ],
                [
                    1832.5396825396824,
                    1306.3492063492063
                ],
                [
                    1908.7301587301588,
                    1305.5555555555557
                ],
                [
                    1909.5238095238094,
                    1262.6984126984128
                ],
                [
                    1899.2063492063492,
                    1184.920634920635
                ],
                [
                    1906.3492063492063,
                    1154.7619047619048
                ],
                [
                    1902.3809523809523,
                    1129.3650793650793
                ],
                [
                    1903.1746031746031,
                    1106.3492063492063
                ],
                [
                    1920.6349206349207,
                    1069.047619047619
                ],
                [
                    1915.079365079365,
                    1050.7936507936508
                ],
                [
                    1901.5873015873017,
                    1046.8253968253969
                ],
                [
                    1900.0,
                    1036.5079365079364
                ],
                [
                    1904.7619047619048,
                    1013.4920634920635
                ],
                [
                    1893.6507936507937,
                    1000.0
                ],
                [
                    1873.015873015873,
                    1003.1746031746031
                ],
                [
                    1862.6984126984128,
                    1012.6984126984127
                ],
                [
                    1854.7619047619048,
                    1014.2857142857143
                ]
            ],
            "group_id": null,
            "shape_type": "polygon",
            "flags": {}
        },
        {
            "label": "cell phone",
            "points": [
                [
                    1843.3021806853583,
                    1020.8722741433022
                ],
                [
                    1841.7445482866044,
                    1029.2834890965732
                ],
                [
                    1854.5171339563863,
                    1029.2834890965732
                ],
                [
                    1855.1401869158879,
                    1019.9376947040498
                ]
            ],
            "group_id": null,
            "shape_type": "polygon",
            "flags": {}
        },
        {
            "label": "bus",
            "points": [
                [
                    2286.7924528301887,
                    735.8490566037735
                ],
                [
                    2312.264150943396,
                    740.566037735849
                ],
                [
                    2370.754716981132,
                    740.566037735849
                ],
                [
                    2398.1132075471696,
                    739.622641509434
                ],
                [
                    2398.1132075471696,
                    772.6415094339623
                ],
                [
                    2360.3773584905657,
                    774.5283018867924
                ],
                [
                    2249.056603773585,
                    778.3018867924528
                ],
                [
                    2246.2264150943397,
                    754.7169811320755
                ],
                [
                    2248.1132075471696,
                    744.3396226415094
                ]
            ],
            "group_id": null,
            "shape_type": "polygon",
            "flags": {}
        }
    ],
    "imagePath": "../../Canon1DsMkIII_PNG/Canon1DsMkIII_0113.PNG",
    "imageData": null,
    "imageHeight": 1876,
    "imageWidth": 2820
}