{
    "version": "4.5.6",
    "flags": {},
    "shapes": [
        {
            "label": "bench",
            "points": [
                [
                    132.23529411764684,
                    2401.6470588235293
                ],
                [
                    117.52941176470586,
                    2631.0588235294117
                ],
                [
                    132.23529411764684,
                    2636.941176470588
                ],
                [
                    138.11764705882342,
                    2510.470588235294
                ],
                [
                    376.3529411764705,
                    2504.5882352941176
                ],
                [
                    379.2941176470588,
                    2392.8235294117644
                ],
                [
                    194.0,
                    2395.7647058823527
                ]
            ],
            "group_id": null,
            "shape_type": "polygon",
            "flags": {}
        }
    ],
    "imagePath": "../../Canon1DsMkIII_PNG/Canon1DsMkIII_0256.PNG",
    "imageData": null,
    "imageHeight": 2820,
    "imageWidth": 1876
}