{
    "version": "4.5.6",
    "flags": {},
    "shapes": [
        {
            "label": "bed",
            "points": [
                [
                    12.039215686274503,
                    711.5294117647059
                ],
                [
                    8.117647058823522,
                    746.8235294117646
                ],
                [
                    0,
                    753
                ],
                [
                    0,
                    1875
                ],
                [
                    2819,
                    1875
                ],
                [
                    2819,
                    450
                ],
                [
                    2759.098039215686,
                    460.54901960784315
                ],
                [
                    2712.0392156862745,
                    478.19607843137254
                ],
                [
                    2664.9803921568628,
                    488.0
                ],
                [
                    2549.2941176470586,
                    486.0392156862745
                ],
                [
                    2463.0196078431372,
                    491.921568627451
                ],
                [
                    2415.9607843137255,
                    495.84313725490193
                ],
                [
                    2296.3529411764707,
                    497.80392156862746
                ],
                [
                    2217.921568627451,
                    480.156862745098
                ],
                [
                    2127.725490196078,
                    474.27450980392155
                ],
                [
                    2027.7254901960782,
                    464.4705882352941
                ],
                [
                    1964.9803921568628,
                    462.5098039215686
                ],
                [
                    1910.078431372549,
                    458.5882352941176
                ],
                [
                    1849.2941176470588,
                    456.62745098039215
                ],
                [
                    1755.1764705882354,
                    446.8235294117647
                ],
                [
                    1717.921568627451,
                    452.70588235294116
                ],
                [
                    1676.7450980392157,
                    458.5882352941176
                ],
                [
                    1612.0392156862745,
                    466.4313725490196
                ],
                [
                    1600.2745098039215,
                    495.84313725490193
                ],
                [
                    1610.078431372549,
                    576.2352941176471
                ],
                [
                    1604.1960784313726,
                    650.7450980392157
                ],
                [
                    1478.7058823529412,
                    666.4313725490196
                ],
                [
                    1421.8431372549019,
                    693.8823529411765
                ],
                [
                    1408.1176470588234,
                    709.5686274509803
                ],
                [
                    1402.235294117647,
                    738.9803921568628
                ],
                [
                    1378.7058823529412,
                    693.8823529411765
                ],
                [
                    1325.764705882353,
                    668.3921568627451
                ],
                [
                    1304.1960784313726,
                    662.5098039215686
                ],
                [
                    1302.235294117647,
                    637.0196078431372
                ],
                [
                    1300.2745098039215,
                    623.2941176470588
                ],
                [
                    1268.9019607843138,
                    631.1372549019608
                ],
                [
                    1212.0392156862745,
                    640.9411764705882
                ],
                [
                    1198.313725490196,
                    605.6470588235294
                ],
                [
                    1182.627450980392,
                    591.9215686274509
                ],
                [
                    1174.7843137254902,
                    538.9803921568628
                ],
                [
                    1168.9019607843138,
                    495.84313725490193
                ],
                [
                    1159.0980392156862,
                    474.27450980392155
                ],
                [
                    1129.686274509804,
                    397.80392156862746
                ],
                [
                    1112.0392156862745,
                    342.9019607843137
                ],
                [
                    1102.235294117647,
                    289.96078431372547
                ],
                [
                    1090.4705882352941,
                    229.17647058823528
                ],
                [
                    1084.5882352941176,
                    197.80392156862746
                ],
                [
                    1084.5882352941176,
                    113.49019607843137
                ],
                [
                    1074.7843137254902,
                    86.0392156862745
                ],
                [
                    1045.3725490196077,
                    64.47058823529412
                ],
                [
                    1025.764705882353,
                    62.50980392156863
                ],
                [
                    904.1960784313725,
                    103.68627450980392
                ],
                [
                    882.6274509803922,
                    133.09803921568627
                ],
                [
                    845.3725490196078,
                    142.90196078431373
                ],
                [
                    806.156862745098,
                    158.58823529411765
                ],
                [
                    790.4705882352941,
                    172.31372549019608
                ],
                [
                    745.3725490196078,
                    180.15686274509804
                ],
                [
                    712.0392156862745,
                    172.31372549019608
                ],
                [
                    690.4705882352941,
                    168.39215686274508
                ],
                [
                    623.8039215686274,
                    182.11764705882354
                ],
                [
                    588.5098039215686,
                    180.15686274509804
                ],
                [
                    553.2156862745098,
                    191.92156862745097
                ],
                [
                    512.0392156862745,
                    195.84313725490196
                ],
                [
                    490.47058823529414,
                    197.80392156862746
                ],
                [
                    463.01960784313724,
                    213.49019607843138
                ],
                [
                    455.17647058823525,
                    242.90196078431373
                ],
                [
                    468.9019607843137,
                    288.0
                ],
                [
                    476.7450980392157,
                    344.8627450980392
                ],
                [
                    486.5490196078431,
                    378.19607843137254
                ],
                [
                    490.47058823529414,
                    413.4901960784314
                ],
                [
                    486.5490196078431,
                    423.29411764705884
                ],
                [
                    461.0588235294117,
                    442.9019607843137
                ],
                [
                    433.6078431372549,
                    446.8235294117647
                ],
                [
                    412.0392156862745,
                    474.27450980392155
                ],
                [
                    394.3921568627451,
                    521.3333333333334
                ],
                [
                    380.6666666666667,
                    552.7058823529412
                ],
                [
                    339.4901960784314,
                    566.4313725490196
                ],
                [
                    323.80392156862746,
                    599.7647058823529
                ],
                [
                    314.0,
                    629.1764705882352
                ],
                [
                    292.4313725490196,
                    605.6470588235294
                ],
                [
                    266.94117647058823,
                    611.5294117647059
                ],
                [
                    225.76470588235293,
                    623.2941176470588
                ],
                [
                    200.27450980392155,
                    642.9019607843137
                ],
                [
                    182.62745098039215,
                    658.5882352941177
                ],
                [
                    153.2156862745098,
                    652.7058823529412
                ],
                [
                    115.9607843137255,
                    638.9803921568628
                ],
                [
                    78.70588235294116,
                    652.7058823529412
                ],
                [
                    78.70588235294116,
                    676.2352941176471
                ],
                [
                    41.450980392156865,
                    691.9215686274509
                ]
            ],
            "group_id": null,
            "shape_type": "polygon",
            "flags": {}
        }
    ],
    "imagePath": "../../Canon1DsMkIII_PNG/Canon1DsMkIII_0134.PNG",
    "imageData": null,
    "imageHeight": 1876,
    "imageWidth": 2820
}