{
    "version": "4.5.6",
    "flags": {},
    "shapes": [
        {
            "label": "potted plant",
            "points": [
                [
                    1983.3110516934048,
                    1095.9893048128342
                ],
                [
                    1974.2201426024956,
                    1099.3983957219252
                ],
                [
                    1955.1764705882354,
                    1129.1764705882354
                ],
                [
                    1962.8565062388593,
                    1145.9893048128342
                ],
                [
                    1945.8110516934048,
                    1177.8074866310162
                ],
                [
                    1925.3565062388593,
                    1181.216577540107
                ],
                [
                    1909.4474153297683,
                    1188.0347593582887
                ],
                [
                    1900.3565062388593,
                    1210.7620320855615
                ],
                [
                    1892.4313725490197,
                    1242.9019607843138
                ],
                [
                    1890.4705882352941,
                    1278.1960784313726
                ],
                [
                    1931.6470588235293,
                    1227.2156862745098
                ],
                [
                    1945.3725490196077,
                    1225.2549019607843
                ],
                [
                    1955.1764705882354,
                    1225.2549019607843
                ],
                [
                    1974.78431372549,
                    1225.2549019607843
                ],
                [
                    1982.627450980392,
                    1215.450980392157
                ],
                [
                    2002.2352941176468,
                    1221.3333333333333
                ],
                [
                    2017.921568627451,
                    1225.2549019607843
                ],
                [
                    1998.3137254901962,
                    1225.2549019607843
                ],
                [
                    1998.3137254901962,
                    1227.2156862745098
                ],
                [
                    2018.5383244206776,
                    1239.1711229946525
                ],
                [
                    2041.2655971479503,
                    1235.7620320855615
                ],
                [
                    2041.2655971479503,
                    1222.125668449198
                ],
                [
                    2025.3565062388593,
                    1219.8529411764705
                ],
                [
                    2055.176470588235,
                    1209.5686274509803
                ],
                [
                    2066.9411764705883,
                    1211.5294117647059
                ],
                [
                    2066.26559714795,
                    1183.4893048128342
                ],
                [
                    2040.1292335115863,
                    1173.2620320855615
                ],
                [
                    2001.4928698752228,
                    1180.0802139037432
                ],
                [
                    2026.4928698752228,
                    1160.7620320855615
                ],
                [
                    2066.26559714795,
                    1167.5802139037432
                ],
                [
                    2068.538324420678,
                    1153.9438502673797
                ],
                [
                    2054.901960784314,
                    1147.125668449198
                ],
                [
                    2044.6746880570408,
                    1128.9438502673797
                ],
                [
                    2035.583778966132,
                    1102.8074866310162
                ],
                [
                    2024.2201426024956,
                    1094.8529411764707
                ],
                [
                    2002.6292335115866,
                    1094.8529411764707
                ]
            ],
            "group_id": null,
            "shape_type": "polygon",
            "flags": {}
        },
        {
            "label": "potted plant",
            "points": [
                [
                    827.9857397504456,
                    1140.1960784313726
                ],
                [
                    806.3948306595366,
                    1154.9688057040999
                ],
                [
                    796.1675579322639,
                    1174.2869875222816
                ],
                [
                    775.7130124777184,
                    1189.059714795009
                ],
                [
                    731.6470588235294,
                    1266.4313725490197
                ],
                [
                    759.0980392156863,
                    1278.1960784313726
                ],
                [
                    770.8627450980392,
                    1284.078431372549
                ],
                [
                    798.313725490196,
                    1229.1764705882354
                ],
                [
                    827.7254901960785,
                    1209.5686274509803
                ],
                [
                    872.8235294117646,
                    1215.450980392157
                ],
                [
                    886.5490196078431,
                    1219.3725490196077
                ],
                [
                    857.1372549019608,
                    1209.5686274509803
                ],
                [
                    845.3725490196078,
                    1205.6470588235293
                ],
                [
                    851.2549019607843,
                    1213.4901960784314
                ],
                [
                    923.8039215686274,
                    1268.392156862745
                ],
                [
                    933.6078431372549,
                    1276.235294117647
                ],
                [
                    978.7058823529412,
                    1260.549019607843
                ],
                [
                    910.078431372549,
                    1233.0980392156862
                ],
                [
                    906.156862745098,
                    1244.862745098039
                ],
                [
                    892.4313725490196,
                    1233.0980392156862
                ],
                [
                    880.6666666666666,
                    1213.4901960784314
                ],
                [
                    898.313725490196,
                    1231.1372549019607
                ],
                [
                    896.1675579322639,
                    1244.741532976827
                ],
                [
                    932.5311942959003,
                    1248.150623885918
                ],
                [
                    960.9402852049911,
                    1236.7869875222816
                ],
                [
                    975.7130124777184,
                    1223.150623885918
                ],
                [
                    947.3039215686275,
                    1219.741532976827
                ],
                [
                    934.8039215686275,
                    1206.1051693404636
                ],
                [
                    926.849376114082,
                    1195.8778966131906
                ],
                [
                    912.0766488413548,
                    1195.8778966131906
                ],
                [
                    887.0766488413548,
                    1209.5142602495546
                ],
                [
                    921.843137254902,
                    1193.8823529411764
                ],
                [
                    918.8948306595366,
                    1185.650623885918
                ],
                [
                    907.5311942959003,
                    1177.6960784313726
                ],
                [
                    897.3039215686275,
                    1158.3778966131908
                ],
                [
                    876.849376114082,
                    1137.9233511586453
                ],
                [
                    852.9857397504456,
                    1137.9233511586453
                ]
            ],
            "group_id": null,
            "shape_type": "polygon",
            "flags": {}
        },
        {
            "label": "person",
            "points": [
                [
                    1012.9679144385029,
                    1050.1336898395723
                ],
                [
                    1012.9679144385029,
                    1069.451871657754
                ],
                [
                    1016.3770053475939,
                    1079.6791443850268
                ],
                [
                    992.5133689839574,
                    1091.0427807486633
                ],
                [
                    957.1372549019607,
                    1176.235294117647
                ],
                [
                    957.1372549019607,
                    1197.8039215686274
                ],
                [
                    972.8235294117646,
                    1211.5294117647059
                ],
                [
                    974.7843137254902,
                    1235.0588235294117
                ],
                [
                    986.8315508021392,
                    1194.4518716577547
                ],
                [
                    977.7406417112301,
                    1244.4518716577547
                ],
                [
                    974.7843137254902,
                    1248.7843137254902
                ],
                [
                    964.9803921568628,
                    1278.1960784313726
                ],
                [
                    964.9803921568628,
                    1305.6470588235293
                ],
                [
                    982.627450980392,
                    1321.3333333333333
                ],
                [
                    986.5490196078431,
                    1348.7843137254902
                ],
                [
                    1063.0196078431372,
                    1354.6666666666667
                ],
                [
                    1066.9411764705883,
                    1303.686274509804
                ],
                [
                    1082.627450980392,
                    1284.078431372549
                ],
                [
                    1070.862745098039,
                    1256.627450980392
                ],
                [
                    1070.862745098039,
                    1242.9019607843138
                ],
                [
                    1080.6666666666667,
                    1227.2156862745098
                ],
                [
                    1084.5882352941176,
                    1211.5294117647059
                ],
                [
                    1094.392156862745,
                    1197.8039215686274
                ],
                [
                    1098.313725490196,
                    1189.9607843137255
                ],
                [
                    1090.4705882352941,
                    1178.1960784313726
                ],
                [
                    1086.549019607843,
                    1170.3529411764705
                ],
                [
                    1072.058823529412,
                    1162.6336898395723
                ],
                [
                    1078.8770053475937,
                    1162.6336898395723
                ],
                [
                    1074.3315508021392,
                    1118.3155080213903
                ],
                [
                    1065.2406417112302,
                    1094.451871657754
                ],
                [
                    1051.6042780748664,
                    1084.2245989304813
                ],
                [
                    1043.649732620321,
                    1077.4064171122996
                ],
                [
                    1044.7860962566847,
                    1068.3155080213903
                ],
                [
                    1042.5133689839574,
                    1045.5882352941178
                ],
                [
                    1030.0133689839574,
                    1038.7700534759358
                ],
                [
                    1022.0588235294119,
                    1038.7700534759358
                ]
            ],
            "group_id": null,
            "shape_type": "polygon",
            "flags": {}
        },
        {
            "label": "person",
            "points": [
                [
                    1836.0342812621739,
                    1065.2123100895988
                ],
                [
                    1834.0475262952864,
                    1071.172574990261
                ],
                [
                    1832.7230229840281,
                    1086.404363069731
                ],
                [
                    1824.1137514608492,
                    1091.040124659135
                ],
                [
                    1824.7760031164785,
                    1102.9606544604596
                ],
                [
                    1813.517724970783,
                    1102.9606544604596
                ],
                [
                    1806.8952084144917,
                    1110.24542267238
                ],
                [
                    1800.2726918582002,
                    1125.4772107518502
                ],
                [
                    1800.2726918582002,
                    1144.0202571094662
                ],
                [
                    1794.312426957538,
                    1163.8878067783403
                ],
                [
                    1786.549019607843,
                    1193.8823529411764
                ],
                [
                    1794.392156862745,
                    1215.450980392157
                ],
                [
                    1794.392156862745,
                    1211.5294117647059
                ],
                [
                    1796.3529411764705,
                    1225.2549019607843
                ],
                [
                    1799.6104402025712,
                    1253.2917802882744
                ],
                [
                    1804.1960784313726,
                    1252.7058823529412
                ],
                [
                    1805.5707051032334,
                    1269.1858200233737
                ],
                [
                    1808.8819633813791,
                    1269.8480716790032
                ],
                [
                    1792.4313725490197,
                    1301.7254901960785
                ],
                [
                    1792.4313725490197,
                    1311.5294117647059
                ],
                [
                    1788.5098039215686,
                    1329.1764705882354
                ],
                [
                    1808.1176470588234,
                    1366.4313725490197
                ],
                [
                    1876.7450980392157,
                    1360.549019607843
                ],
                [
                    1890.4705882352941,
                    1360.549019607843
                ],
                [
                    1894.392156862745,
                    1321.3333333333333
                ],
                [
                    1890.4705882352941,
                    1309.5686274509803
                ],
                [
                    1900.2745098039215,
                    1293.8823529411764
                ],
                [
                    1882.3918971562136,
                    1257.2652902220493
                ],
                [
                    1887.0276587456176,
                    1249.3182703544994
                ],
                [
                    1894.392156862745,
                    1219.3725490196077
                ],
                [
                    1906.156862745098,
                    1207.6078431372548
                ],
                [
                    1910.078431372549,
                    1176.235294117647
                ],
                [
                    1900.2745098039215,
                    1148.7843137254902
                ],
                [
                    1885.0409037787301,
                    1109.583171016751
                ],
                [
                    1867.1601090767433,
                    1098.3248928710555
                ],
                [
                    1860.5375925204519,
                    1087.7288663809893
                ],
                [
                    1860.5375925204519,
                    1077.1328398909232
                ],
                [
                    1858.5508375535646,
                    1067.8613167121152
                ],
                [
                    1850.603817686015,
                    1059.2520451889366
                ],
                [
                    1843.3190494740943,
                    1058.589793533307
                ]
            ],
            "group_id": null,
            "shape_type": "polygon",
            "flags": {}
        }
    ],
    "imagePath": "../../Canon1DsMkIII_PNG/Canon1DsMkIII_0258.PNG",
    "imageData": null,
    "imageHeight": 1876,
    "imageWidth": 2820
}