{
    "version": "4.5.6",
    "flags": {},
    "shapes": [
        {
            "label": "chair",
            "points": [
                [
                    1940.0645161290322,
                    1320.0967741935483
                ],
                [
                    1948.1290322580646,
                    1344.2903225806451
                ],
                [
                    1957.8064516129032,
                    1620.0967741935483
                ],
                [
                    2020.7096774193549,
                    1628.1612903225807
                ],
                [
                    2035.2258064516127,
                    1571.7096774193549
                ],
                [
                    2098.1290322580644,
                    1571.7096774193549
                ],
                [
                    2104.5806451612902,
                    1537.8387096774193
                ],
                [
                    2304.5806451612902,
                    1542.6774193548388
                ],
                [
                    2309.4193548387098,
                    1641.0645161290322
                ],
                [
                    2382.0,
                    1644.2903225806451
                ],
                [
                    2382.0,
                    1583.0
                ],
                [
                    2419.0967741935483,
                    1579.774193548387
                ],
                [
                    2423.935483870968,
                    1536.225806451613
                ],
                [
                    2420.7096774193546,
                    1324.9354838709678
                ]
            ],
            "group_id": null,
            "shape_type": "polygon",
            "flags": {}
        }
    ],
    "imagePath": "../../Canon1DsMkIII_PNG/Canon1DsMkIII_0038.PNG",
    "imageData": null,
    "imageHeight": 1876,
    "imageWidth": 2820
}