{
    "version": "4.5.6",
    "flags": {},
    "shapes": [
        {
            "label": "person",
            "points": [
                [
                    563.0196078431372,
                    476.2352941176471
                ],
                [
                    537.5294117647059,
                    515.4509803921569
                ],
                [
                    547.3333333333334,
                    548.7843137254902
                ],
                [
                    551.2549019607843,
                    623.2941176470588
                ],
                [
                    541.4509803921569,
                    697.8039215686274
                ],
                [
                    474.78431372549016,
                    733.0980392156863
                ],
                [
                    427.72549019607845,
                    748.7843137254902
                ],
                [
                    402.2352941176471,
                    813.4901960784314
                ],
                [
                    363.01960784313724,
                    891.9215686274509
                ],
                [
                    345.37254901960785,
                    919.3725490196078
                ],
                [
                    400.27450980392155,
                    960.5490196078431
                ],
                [
                    408.11764705882354,
                    966.4313725490196
                ],
                [
                    415.96078431372547,
                    1186.0392156862745
                ],
                [
                    425.7647058823529,
                    1252.7058823529412
                ],
                [
                    435.56862745098033,
                    1346.8235294117646
                ],
                [
                    443.4117647058823,
                    1411.5294117647059
                ],
                [
                    463.01960784313724,
                    1438.9803921568628
                ],
                [
                    392.4313725490196,
                    1499.764705882353
                ],
                [
                    357.1372549019608,
                    1588.0
                ],
                [
                    366.94117647058823,
                    1638.9803921568628
                ],
                [
                    363.01960784313724,
                    1670.3529411764705
                ],
                [
                    347.3333333333333,
                    1695.8431372549019
                ],
                [
                    357.1372549019608,
                    1784.078431372549
                ],
                [
                    378.70588235294116,
                    1825.2549019607843
                ],
                [
                    368.9019607843137,
                    1874.2745098039215
                ],
                [
                    578.7058823529412,
                    1874.2745098039215
                ],
                [
                    637.5294117647059,
                    1874.2745098039215
                ],
                [
                    651.2549019607843,
                    1801.7254901960785
                ],
                [
                    737.5294117647059,
                    1762.5098039215686
                ],
                [
                    827.7254901960785,
                    1762.5098039215686
                ],
                [
                    886.5490196078431,
                    1784.078431372549
                ],
                [
                    908.1176470588235,
                    1835.0588235294117
                ],
                [
                    904.1960784313725,
                    1874.2745098039215
                ],
                [
                    955,
                    1875
                ],
                [
                    1180.6666666666667,
                    1872.313725490196
                ],
                [
                    1159.0980392156862,
                    1788.0
                ],
                [
                    1168.9019607843138,
                    1735.0588235294117
                ],
                [
                    1184.5882352941176,
                    1766.4313725490197
                ],
                [
                    1223.8039215686274,
                    1756.627450980392
                ],
                [
                    1239.4901960784314,
                    1735.0588235294117
                ],
                [
                    1270.862745098039,
                    1731.1372549019607
                ],
                [
                    1280.6666666666667,
                    1738.9803921568628
                ],
                [
                    1325.764705882353,
                    1738.9803921568628
                ],
                [
                    1329.686274509804,
                    1695.8431372549019
                ],
                [
                    1317.921568627451,
                    1603.686274509804
                ],
                [
                    1119.8823529411764,
                    1082.1176470588234
                ],
                [
                    1127.7254901960785,
                    1048.7843137254902
                ],
                [
                    1157.1372549019607,
                    1062.5098039215686
                ],
                [
                    1176.7450980392157,
                    1054.6666666666667
                ],
                [
                    1164.9803921568628,
                    1040.9411764705883
                ],
                [
                    1186.549019607843,
                    1044.862745098039
                ],
                [
                    1166.9411764705883,
                    1025.2549019607843
                ],
                [
                    1153.2156862745098,
                    995.843137254902
                ],
                [
                    1153.2156862745098,
                    982.1176470588235
                ],
                [
                    1196.3529411764705,
                    1013.4901960784314
                ],
                [
                    1210.078431372549,
                    999.7647058823529
                ],
                [
                    1188.5098039215686,
                    993.8823529411765
                ],
                [
                    1172.8235294117646,
                    974.2745098039215
                ],
                [
                    1186.549019607843,
                    964.4705882352941
                ],
                [
                    1170.862745098039,
                    923.2941176470588
                ],
                [
                    1172.8235294117646,
                    854.6666666666666
                ],
                [
                    1114.0,
                    762.5098039215686
                ],
                [
                    1098.313725490196,
                    729.1764705882352
                ],
                [
                    1064.9803921568628,
                    676.2352941176471
                ],
                [
                    1025.764705882353,
                    609.5686274509803
                ],
                [
                    1017.921568627451,
                    513.4901960784314
                ],
                [
                    949.2941176470588,
                    354.6666666666667
                ],
                [
                    888.5098039215686,
                    280.156862745098
                ],
                [
                    829.6862745098039,
                    270.3529411764706
                ],
                [
                    749.2941176470588,
                    260.54901960784315
                ],
                [
                    688.5098039215686,
                    288.0
                ],
                [
                    619.8823529411765,
                    352.70588235294116
                ],
                [
                    588.5098039215686,
                    423.29411764705884
                ]
            ],
            "group_id": null,
            "shape_type": "polygon",
            "flags": {}
        },
        {
            "label": "potted plant",
            "points": [
                [
                    1443.4117647058824,
                    1091.921568627451
                ],
                [
                    1455.1764705882354,
                    1111.5294117647059
                ],
                [
                    1645.3725490196077,
                    1127.2156862745098
                ],
                [
                    1800.2745098039215,
                    1119.3725490196077
                ],
                [
                    1974.78431372549,
                    701.7254901960785
                ],
                [
                    1992.4313725490197,
                    713.4901960784314
                ],
                [
                    2057.1372549019607,
                    691.9215686274509
                ],
                [
                    2100.2745098039213,
                    640.9411764705882
                ],
                [
                    2057.1372549019607,
                    572.313725490196
                ],
                [
                    1986.549019607843,
                    531.1372549019608
                ],
                [
                    1900.2745098039215,
                    501.72549019607845
                ],
                [
                    1857.1372549019607,
                    464.4705882352941
                ],
                [
                    1759.0980392156862,
                    440.94117647058823
                ],
                [
                    1678.7058823529412,
                    462.5098039215686
                ],
                [
                    1580.6666666666667,
                    450.7450980392157
                ],
                [
                    1455.1764705882354,
                    427.2156862745098
                ],
                [
                    1437.5294117647059,
                    466.4313725490196
                ],
                [
                    1368.9019607843136,
                    507.6078431372549
                ],
                [
                    1253.2156862745098,
                    576.2352941176471
                ],
                [
                    1210.078431372549,
                    619.3725490196078
                ],
                [
                    1190.4705882352941,
                    717.4117647058823
                ],
                [
                    1123.8039215686274,
                    742.9019607843137
                ],
                [
                    1119.8823529411764,
                    766.4313725490196
                ],
                [
                    1217.921568627451,
                    729.1764705882352
                ],
                [
                    1257.1372549019607,
                    701.7254901960785
                ],
                [
                    1268.9019607843138,
                    729.1764705882352
                ],
                [
                    1296.3529411764705,
                    740.9411764705882
                ],
                [
                    1304.1960784313726,
                    754.6666666666666
                ],
                [
                    1314.0,
                    764.4705882352941
                ]
            ],
            "group_id": null,
            "shape_type": "polygon",
            "flags": {}
        },
        {
            "label": "potted plant",
            "points": [
                [
                    2815.9607843137255,
                    1125.2549019607843
                ],
                [
                    2708.1176470588234,
                    1109.5686274509803
                ],
                [
                    2678.705882352941,
                    1031.1372549019607
                ],
                [
                    2559.098039215686,
                    719.3725490196078
                ],
                [
                    2551.254901960784,
                    689.9607843137255
                ],
                [
                    2519.8823529411766,
                    691.9215686274509
                ],
                [
                    2490.470588235294,
                    672.313725490196
                ],
                [
                    2468.901960784314,
                    682.1176470588235
                ],
                [
                    2449.2941176470586,
                    676.2352941176471
                ],
                [
                    2463.0196078431372,
                    652.7058823529412
                ],
                [
                    2449.2941176470586,
                    631.1372549019608
                ],
                [
                    2439.4901960784314,
                    611.5294117647059
                ],
                [
                    2445.372549019608,
                    591.9215686274509
                ],
                [
                    2468.901960784314,
                    607.6078431372549
                ],
                [
                    2500.2745098039213,
                    582.1176470588235
                ],
                [
                    2535.5686274509803,
                    574.2745098039215
                ],
                [
                    2568.901960784314,
                    550.7450980392157
                ],
                [
                    2594.392156862745,
                    540.9411764705882
                ],
                [
                    2625.7647058823527,
                    527.2156862745098
                ],
                [
                    2653.2156862745096,
                    517.4117647058823
                ],
                [
                    2676.7450980392155,
                    501.72549019607845
                ],
                [
                    2698.3137254901962,
                    507.6078431372549
                ],
                [
                    2719.8823529411766,
                    497.80392156862746
                ],
                [
                    2729.6862745098038,
                    517.4117647058823
                ],
                [
                    2751.254901960784,
                    499.7647058823529
                ],
                [
                    2780.6666666666665,
                    511.52941176470586
                ],
                [
                    2802.235294117647,
                    501.72549019607845
                ],
                [
                    2819,
                    509
                ],
                [
                    2819,
                    1127
                ]
            ],
            "group_id": null,
            "shape_type": "polygon",
            "flags": {}
        },
        {
            "label": "chair",
            "points": [
                [
                    466.9411764705882,
                    378.19607843137254
                ],
                [
                    451.2549019607843,
                    442.9019607843137
                ],
                [
                    435.56862745098033,
                    744.8627450980392
                ],
                [
                    547.3333333333334,
                    697.8039215686274
                ],
                [
                    1059.0980392156862,
                    478.19607843137254
                ],
                [
                    1133.6078431372548,
                    199.76470588235293
                ],
                [
                    1055.1764705882354,
                    186.0392156862745
                ],
                [
                    843.4117647058823,
                    244.86274509803923
                ],
                [
                    486.5490196078431,
                    338.98039215686276
                ]
            ],
            "group_id": null,
            "shape_type": "polygon",
            "flags": {}
        },
        {
            "label": "dining table",
            "points": [
                [
                    127.72549019607843,
                    470.35294117647055
                ],
                [
                    141.45098039215685,
                    497.80392156862746
                ],
                [
                    257.1372549019608,
                    509.56862745098033
                ],
                [
                    280.6666666666667,
                    529.1764705882352
                ],
                [
                    259.09803921568624,
                    821.3333333333334
                ],
                [
                    219.88235294117646,
                    982.1176470588235
                ],
                [
                    243.41176470588232,
                    978.1960784313725
                ],
                [
                    251.2549019607843,
                    931.1372549019608
                ],
                [
                    349.29411764705884,
                    905.6470588235294
                ],
                [
                    435.56862745098033,
                    750.7450980392157
                ],
                [
                    449.2941176470588,
                    442.9019607843137
                ],
                [
                    302.2352941176471,
                    435.05882352941177
                ],
                [
                    164.98039215686273,
                    448.78431372549016
                ]
            ],
            "group_id": null,
            "shape_type": "polygon",
            "flags": {}
        }
    ],
    "imagePath": "../../Canon1DsMkIII_PNG/Canon1DsMkIII_0097.PNG",
    "imageData": null,
    "imageHeight": 1876,
    "imageWidth": 2820
}