{
    "version": "4.5.6",
    "flags": {},
    "shapes": [
        {
            "label": "chair",
            "points": [
                [
                    264.98039215686276,
                    570.3529411764706
                ],
                [
                    280.6666666666667,
                    744.8627450980392
                ],
                [
                    125.76470588235293,
                    809.5686274509803
                ],
                [
                    115.9607843137255,
                    831.1372549019608
                ],
                [
                    115.9607843137255,
                    848.7843137254902
                ],
                [
                    106.15686274509804,
                    884.078431372549
                ],
                [
                    131.64705882352942,
                    1088.0
                ],
                [
                    78.70588235294116,
                    1144.862745098039
                ],
                [
                    70.86274509803923,
                    1172.313725490196
                ],
                [
                    86.54901960784312,
                    1182.1176470588234
                ],
                [
                    104.19607843137254,
                    1195.8431372549019
                ],
                [
                    119.88235294117646,
                    1221.3333333333333
                ],
                [
                    145.37254901960785,
                    1235.0588235294117
                ],
                [
                    168.90196078431373,
                    1740.9411764705883
                ],
                [
                    300.27450980392155,
                    1742.9019607843136
                ],
                [
                    831.6470588235294,
                    1748.7843137254902
                ],
                [
                    912.0392156862745,
                    1750.7450980392157
                ],
                [
                    914.0,
                    1809.5686274509803
                ],
                [
                    998.313725490196,
                    1809.5686274509803
                ],
                [
                    1002.2352941176471,
                    1791.921568627451
                ],
                [
                    996.3529411764705,
                    1713.4901960784314
                ],
                [
                    1035.5686274509803,
                    1589.9607843137255
                ],
                [
                    1066.9411764705883,
                    1586.0392156862745
                ],
                [
                    1074.7843137254902,
                    1558.5882352941176
                ],
                [
                    1070.862745098039,
                    1517.4117647058824
                ],
                [
                    1053.2156862745098,
                    1505.6470588235293
                ],
                [
                    1047.3333333333333,
                    1137.0196078431372
                ],
                [
                    1051.2549019607843,
                    1089.9607843137255
                ],
                [
                    1023.8039215686274,
                    1070.3529411764705
                ],
                [
                    1035.5686274509803,
                    1037.0196078431372
                ],
                [
                    1045.3725490196077,
                    1007.6078431372549
                ],
                [
                    1031.6470588235295,
                    999.7647058823529
                ],
                [
                    1027.7254901960785,
                    801.7254901960785
                ],
                [
                    1045.3725490196077,
                    774.2745098039215
                ],
                [
                    1041.450980392157,
                    748.7843137254902
                ],
                [
                    1017.921568627451,
                    740.9411764705882
                ],
                [
                    1014.0,
                    527.2156862745098
                ],
                [
                    902.2352941176471,
                    531.1372549019608
                ],
                [
                    900.2745098039215,
                    464.4705882352941
                ],
                [
                    833.6078431372549,
                    462.5098039215686
                ],
                [
                    808.1176470588235,
                    433.09803921568624
                ],
                [
                    786.5490196078431,
                    433.09803921568624
                ],
                [
                    741.4509803921568,
                    411.52941176470586
                ],
                [
                    712.0392156862745,
                    417.4117647058823
                ],
                [
                    661.0588235294117,
                    450.7450980392157
                ],
                [
                    614.0,
                    452.70588235294116
                ],
                [
                    584.5882352941177,
                    421.3333333333333
                ],
                [
                    564.9803921568628,
                    413.4901960784314
                ],
                [
                    519.8823529411765,
                    421.3333333333333
                ],
                [
                    494.3921568627451,
                    435.05882352941177
                ],
                [
                    468.9019607843137,
                    448.78431372549016
                ],
                [
                    445.37254901960785,
                    464.4705882352941
                ],
                [
                    384.5882352941176,
                    474.27450980392155
                ],
                [
                    384.5882352941176,
                    507.6078431372549
                ],
                [
                    372.8235294117647,
                    533.0980392156863
                ],
                [
                    284.5882352941176,
                    537.0196078431372
                ]
            ],
            "group_id": null,
            "shape_type": "polygon",
            "flags": {}
        },
        {
            "label": "chair",
            "points": [
                [
                    1788.5098039215686,
                    521.3333333333334
                ],
                [
                    1786.549019607843,
                    721.3333333333334
                ],
                [
                    1757.1372549019607,
                    733.0980392156863
                ],
                [
                    1768.9019607843136,
                    807.6078431372549
                ],
                [
                    1782.627450980392,
                    827.2156862745098
                ],
                [
                    1780.6666666666667,
                    982.1176470588235
                ],
                [
                    1764.9803921568628,
                    988.0
                ],
                [
                    1774.7843137254902,
                    1052.7058823529412
                ],
                [
                    1753.2156862745098,
                    1088.0
                ],
                [
                    1759.0980392156862,
                    1262.5098039215686
                ],
                [
                    1780.6666666666667,
                    1284.078431372549
                ],
                [
                    1782.627450980392,
                    1468.392156862745
                ],
                [
                    1757.1372549019607,
                    1493.8823529411764
                ],
                [
                    1774.7843137254902,
                    1572.313725490196
                ],
                [
                    1798.313725490196,
                    1566.4313725490197
                ],
                [
                    1817.921568627451,
                    1666.4313725490197
                ],
                [
                    1800.2745098039215,
                    1695.8431372549019
                ],
                [
                    1812.0392156862745,
                    1774.2745098039215
                ],
                [
                    1884.5882352941176,
                    1778.1960784313726
                ],
                [
                    1894.392156862745,
                    1719.3725490196077
                ],
                [
                    1902.235294117647,
                    1689.9607843137255
                ],
                [
                    2578.705882352941,
                    1691.921568627451
                ],
                [
                    2596.3529411764707,
                    1746.8235294117646
                ],
                [
                    2610.078431372549,
                    1778.1960784313726
                ],
                [
                    2680.6666666666665,
                    1780.156862745098
                ],
                [
                    2676.7450980392155,
                    1701.7254901960785
                ],
                [
                    2661.0588235294117,
                    1680.156862745098
                ],
                [
                    2670.8627450980393,
                    1452.7058823529412
                ],
                [
                    2680.6666666666665,
                    1421.3333333333333
                ],
                [
                    2688.5098039215686,
                    1213.4901960784314
                ],
                [
                    2655.176470588235,
                    1182.1176470588234
                ],
                [
                    2653.2156862745096,
                    1160.549019607843
                ],
                [
                    2676.7450980392155,
                    1142.9019607843138
                ],
                [
                    2682.627450980392,
                    1115.450980392157
                ],
                [
                    2639.4901960784314,
                    1091.921568627451
                ],
                [
                    2635.5686274509803,
                    1089.9607843137255
                ],
                [
                    2635.5686274509803,
                    1003.6862745098039
                ],
                [
                    2637.529411764706,
                    940.9411764705882
                ],
                [
                    2649.2941176470586,
                    897.8039215686274
                ],
                [
                    2643.4117647058824,
                    831.1372549019608
                ],
                [
                    2651.254901960784,
                    793.8823529411765
                ],
                [
                    2647.3333333333335,
                    776.2352941176471
                ],
                [
                    2555.176470588235,
                    725.2549019607843
                ],
                [
                    2529.6862745098038,
                    719.3725490196078
                ],
                [
                    2535.5686274509803,
                    515.4509803921569
                ],
                [
                    2515.9607843137255,
                    507.6078431372549
                ],
                [
                    2423.8039215686276,
                    515.4509803921569
                ],
                [
                    2425.7647058823527,
                    446.8235294117647
                ],
                [
                    2359.098039215686,
                    442.9019607843137
                ],
                [
                    2329.6862745098038,
                    409.5686274509804
                ],
                [
                    2302.235294117647,
                    409.5686274509804
                ],
                [
                    2268.901960784314,
                    389.96078431372547
                ],
                [
                    2225.7647058823527,
                    395.84313725490193
                ],
                [
                    2180.6666666666665,
                    433.09803921568624
                ],
                [
                    2147.3333333333335,
                    435.05882352941177
                ],
                [
                    2082.627450980392,
                    384.078431372549
                ],
                [
                    2047.3333333333335,
                    386.03921568627453
                ],
                [
                    2027.7254901960782,
                    403.6862745098039
                ],
                [
                    2019.8823529411766,
                    421.3333333333333
                ],
                [
                    2006.156862745098,
                    407.6078431372549
                ],
                [
                    1984.5882352941176,
                    411.52941176470586
                ],
                [
                    1970.8627450980393,
                    442.9019607843137
                ],
                [
                    1906.156862745098,
                    448.78431372549016
                ],
                [
                    1896.3529411764705,
                    452.70588235294116
                ],
                [
                    1896.3529411764705,
                    511.52941176470586
                ],
                [
                    1812.0392156862745,
                    517.4117647058823
                ]
            ],
            "group_id": null,
            "shape_type": "polygon",
            "flags": {}
        },
        {
            "label": "cup",
            "points": [
                [
                    1263.0196078431372,
                    650.7450980392157
                ],
                [
                    1284.5882352941176,
                    713.4901960784314
                ],
                [
                    1298.313725490196,
                    725.2549019607843
                ],
                [
                    1355.1764705882354,
                    729.1764705882352
                ],
                [
                    1363.0196078431372,
                    709.5686274509803
                ],
                [
                    1380.6666666666667,
                    691.9215686274509
                ],
                [
                    1392.4313725490197,
                    646.8235294117646
                ],
                [
                    1372.8235294117646,
                    638.9803921568628
                ],
                [
                    1359.0980392156862,
                    631.1372549019608
                ],
                [
                    1357.1372549019607,
                    623.2941176470588
                ],
                [
                    1327.7254901960785,
                    617.4117647058823
                ],
                [
                    1298.313725490196,
                    617.4117647058823
                ],
                [
                    1298.313725490196,
                    631.1372549019608
                ]
            ],
            "group_id": null,
            "shape_type": "polygon",
            "flags": {}
        },
        {
            "label": "cup",
            "points": [
                [
                    1414.0,
                    650.7450980392157
                ],
                [
                    1439.4901960784314,
                    707.6078431372549
                ],
                [
                    1449.2941176470588,
                    721.3333333333334
                ],
                [
                    1506.1568627450981,
                    723.2941176470588
                ],
                [
                    1517.921568627451,
                    711.5294117647059
                ],
                [
                    1531.6470588235293,
                    678.1960784313725
                ],
                [
                    1543.4117647058824,
                    646.8235294117646
                ],
                [
                    1517.921568627451,
                    627.2156862745098
                ],
                [
                    1504.1960784313726,
                    613.4901960784314
                ],
                [
                    1472.8235294117646,
                    619.3725490196078
                ],
                [
                    1453.2156862745098,
                    623.2941176470588
                ],
                [
                    1449.2941176470588,
                    635.0588235294117
                ]
            ],
            "group_id": null,
            "shape_type": "polygon",
            "flags": {}
        },
        {
            "label": "vase",
            "points": [
                [
                    1268.9019607843138,
                    1260.549019607843
                ],
                [
                    1278.7058823529412,
                    1297.8039215686274
                ],
                [
                    1321.8431372549019,
                    1321.3333333333333
                ],
                [
                    1329.686274509804,
                    1423.2941176470588
                ],
                [
                    1308.1176470588234,
                    1454.6666666666667
                ],
                [
                    1321.8431372549019,
                    1556.627450980392
                ],
                [
                    1353.2156862745098,
                    1591.921568627451
                ],
                [
                    1310.078431372549,
                    1691.921568627451
                ],
                [
                    1312.0392156862745,
                    1719.3725490196077
                ],
                [
                    1366.9411764705883,
                    1746.8235294117646
                ],
                [
                    1492.4313725490197,
                    1754.6666666666667
                ],
                [
                    1570.862745098039,
                    1721.3333333333333
                ],
                [
                    1578.7058823529412,
                    1701.7254901960785
                ],
                [
                    1539.4901960784314,
                    1617.4117647058824
                ],
                [
                    1539.4901960784314,
                    1584.078431372549
                ],
                [
                    1557.1372549019607,
                    1540.9411764705883
                ],
                [
                    1566.9411764705883,
                    1482.1176470588234
                ],
                [
                    1551.2549019607843,
                    1419.3725490196077
                ],
                [
                    1545.3725490196077,
                    1395.8431372549019
                ],
                [
                    1551.2549019607843,
                    1327.2156862745098
                ],
                [
                    1559.0980392156862,
                    1303.686274509804
                ],
                [
                    1596.3529411764705,
                    1286.0392156862745
                ],
                [
                    1592.4313725490197,
                    1244.862745098039
                ],
                [
                    1553.2156862745098,
                    1221.3333333333333
                ],
                [
                    1474.7843137254902,
                    1227.2156862745098
                ],
                [
                    1412.0392156862745,
                    1233.0980392156862
                ],
                [
                    1325.764705882353,
                    1229.1764705882354
                ],
                [
                    1288.5098039215686,
                    1242.9019607843138
                ]
            ],
            "group_id": null,
            "shape_type": "polygon",
            "flags": {}
        }
    ],
    "imagePath": "../../Canon1DsMkIII_PNG/Canon1DsMkIII_0177.PNG",
    "imageData": null,
    "imageHeight": 1876,
    "imageWidth": 2820
}