{
    "version": "4.5.6",
    "flags": {},
    "shapes": [
        {
            "label": "umbrella",
            "points": [
                [
                    2235.5686274509803,
                    523.2941176470588
                ],
                [
                    2272.823529411765,
                    493.88235294117646
                ],
                [
                    2345.372549019608,
                    474.27450980392155
                ],
                [
                    2376.7450980392155,
                    466.4313725490196
                ],
                [
                    2435.5686274509803,
                    476.2352941176471
                ],
                [
                    2500.2745098039213,
                    509.56862745098033
                ],
                [
                    2523.8039215686276,
                    537.0196078431372
                ],
                [
                    2510.078431372549,
                    554.6666666666666
                ],
                [
                    2412.0392156862745,
                    570.3529411764706
                ],
                [
                    2374.78431372549,
                    566.4313725490196
                ]
            ],
            "group_id": null,
            "shape_type": "polygon",
            "flags": {}
        }
    ],
    "imagePath": "../../Canon1DsMkIII_PNG/Canon1DsMkIII_0223.PNG",
    "imageData": null,
    "imageHeight": 1876,
    "imageWidth": 2820
}