{
    "version": "4.5.6",
    "flags": {},
    "shapes": [
        {
            "label": "chair",
            "points": [
                [
                    1793.2903225806451,
                    937.8387096774194
                ],
                [
                    1786.8387096774193,
                    963.6451612903227
                ],
                [
                    1802.967741935484,
                    984.6129032258063
                ],
                [
                    1814.258064516129,
                    1021.7096774193549
                ],
                [
                    1811.032258064516,
                    1158.8064516129032
                ],
                [
                    1859.4193548387098,
                    1178.1612903225807
                ],
                [
                    1870.7096774193549,
                    1097.516129032258
                ],
                [
                    1896.516129032258,
                    1095.9032258064517
                ],
                [
                    1902.967741935484,
                    1053.967741935484
                ],
                [
                    2088.451612903226,
                    1074.9354838709678
                ],
                [
                    2086.8387096774195,
                    1133.0
                ],
                [
                    2115.8709677419356,
                    1139.4516129032259
                ],
                [
                    2111.032258064516,
                    1210.4193548387098
                ],
                [
                    2180.3870967741937,
                    1231.3870967741937
                ],
                [
                    2191.6774193548385,
                    1049.1290322580646
                ],
                [
                    2241.6774193548385,
                    1055.5806451612902
                ],
                [
                    2256.1935483870966,
                    936.2258064516129
                ]
            ],
            "group_id": null,
            "shape_type": "polygon",
            "flags": {}
        }
    ],
    "imagePath": "../../Canon1DsMkIII_PNG/Canon1DsMkIII_0024.PNG",
    "imageData": null,
    "imageHeight": 1876,
    "imageWidth": 2820
}