{
    "version": "4.5.6",
    "flags": {},
    "shapes": [
        {
            "label": "person",
            "points": [
                [
                    1472.1904761904761,
                    1052.1746031746031
                ],
                [
                    1454.7301587301588,
                    1102.968253968254
                ],
                [
                    1462.6666666666667,
                    1155.3492063492063
                ],
                [
                    1415.047619047619,
                    1182.3333333333333
                ],
                [
                    1402.3492063492063,
                    1220.4285714285713
                ],
                [
                    1394.4126984126983,
                    1336.3015873015872
                ],
                [
                    1410.2857142857142,
                    1368.047619047619
                ],
                [
                    1440.4444444444443,
                    1358.5238095238094
                ],
                [
                    1422.984126984127,
                    1417.2539682539682
                ],
                [
                    1430.920634920635,
                    1456.936507936508
                ],
                [
                    1510.2857142857142,
                    1374.3968253968253
                ],
                [
                    1619.8095238095239,
                    1368.047619047619
                ],
                [
                    1667.4285714285713,
                    1361.6984126984128
                ],
                [
                    1664.2539682539682,
                    1301.3809523809523
                ],
                [
                    1646.7936507936508,
                    1249.0
                ],
                [
                    1645.2063492063492,
                    1212.4920634920634
                ],
                [
                    1629.3333333333333,
                    1175.984126984127
                ],
                [
                    1575.3650793650793,
                    1155.3492063492063
                ],
                [
                    1561.079365079365,
                    1149.0
                ],
                [
                    1580.126984126984,
                    1115.6666666666667
                ],
                [
                    1578.5396825396824,
                    1074.3968253968253
                ],
                [
                    1557.904761904762,
                    1044.2380952380952
                ],
                [
                    1522.984126984127,
                    1033.126984126984
                ]
            ],
            "group_id": null,
            "shape_type": "polygon",
            "flags": {}
        },
        {
            "label": "person",
            "points": [
                [
                    1273.7777777777778,
                    1047.4126984126983
                ],
                [
                    1256.3174603174602,
                    1069.6349206349207
                ],
                [
                    1262.6666666666667,
                    1118.8412698412699
                ],
                [
                    1207.111111111111,
                    1164.873015873016
                ],
                [
                    1194.4126984126983,
                    1198.2063492063492
                ],
                [
                    1211.873015873016,
                    1252.1746031746031
                ],
                [
                    1208.6984126984128,
                    1423.6031746031747
                ],
                [
                    1210.2857142857142,
                    1525.1904761904761
                ],
                [
                    1235.6825396825398,
                    1579.1587301587301
                ],
                [
                    1229.3333333333333,
                    1634.7142857142858
                ],
                [
                    1232.5079365079364,
                    1747.4126984126983
                ],
                [
                    1245.2063492063492,
                    1844.2380952380952
                ],
                [
                    1248.3809523809523,
                    1872.8095238095239
                ],
                [
                    1332.5079365079364,
                    1868.047619047619
                ],
                [
                    1292.8253968253969,
                    1812.4920634920634
                ],
                [
                    1311.873015873016,
                    1758.5238095238094
                ],
                [
                    1335.6825396825398,
                    1682.3333333333333
                ],
                [
                    1346.7936507936508,
                    1553.7619047619048
                ],
                [
                    1376.952380952381,
                    1512.4920634920634
                ],
                [
                    1384.888888888889,
                    1453.7619047619048
                ],
                [
                    1392.8253968253969,
                    1510.904761904762
                ],
                [
                    1416.6349206349207,
                    1477.5714285714287
                ],
                [
                    1415.047619047619,
                    1399.7936507936508
                ],
                [
                    1400.7619047619048,
                    1347.4126984126983
                ],
                [
                    1400.7619047619048,
                    1225.1904761904761
                ],
                [
                    1416.6349206349207,
                    1185.5079365079364
                ],
                [
                    1361.079365079365,
                    1155.3492063492063
                ],
                [
                    1378.5396825396824,
                    1115.6666666666667
                ],
                [
                    1373.7777777777778,
                    1049.0
                ],
                [
                    1346.7936507936508,
                    1023.6031746031747
                ],
                [
                    1303.936507936508,
                    1017.2539682539682
                ]
            ],
            "group_id": null,
            "shape_type": "polygon",
            "flags": {}
        },
        {
            "label": "handbag",
            "points": [
                [
                    1191.2380952380952,
                    1220.4285714285713
                ],
                [
                    1143.6190476190477,
                    1374.3968253968253
                ],
                [
                    1213.4603174603174,
                    1429.952380952381
                ],
                [
                    1248.3809523809523,
                    1372.8095238095239
                ],
                [
                    1254.7301587301588,
                    1290.2698412698412
                ],
                [
                    1216.6349206349207,
                    1247.4126984126983
                ]
            ],
            "group_id": null,
            "shape_type": "polygon",
            "flags": {}
        },
        {
            "label": "person",
            "points": [
                [
                    1883.3015873015872,
                    987.0952380952381
                ],
                [
                    1756.3174603174602,
                    1087.095238095238
                ],
                [
                    1789.6507936507937,
                    1123.6031746031747
                ],
                [
                    1819.8095238095239,
                    1180.7460317460318
                ],
                [
                    1824.5714285714287,
                    1247.4126984126983
                ],
                [
                    1807.111111111111,
                    1406.142857142857
                ],
                [
                    1791.2380952380952,
                    1553.7619047619048
                ],
                [
                    1824.5714285714287,
                    1556.936507936508
                ],
                [
                    1845.2063492063492,
                    1629.952380952381
                ],
                [
                    1884.888888888889,
                    1707.7301587301588
                ],
                [
                    1875.3650793650793,
                    1771.2222222222222
                ],
                [
                    1861.079365079365,
                    1829.952380952381
                ],
                [
                    1937.2698412698412,
                    1826.7777777777778
                ],
                [
                    1942.031746031746,
                    1742.6507936507937
                ],
                [
                    1922.984126984127,
                    1712.4920634920634
                ],
                [
                    1940.4444444444443,
                    1658.5238095238094
                ],
                [
                    1945.2063492063492,
                    1583.920634920635
                ],
                [
                    1951.5555555555554,
                    1560.111111111111
                ],
                [
                    1980.126984126984,
                    1536.3015873015872
                ],
                [
                    1959.4920634920634,
                    1363.2857142857142
                ],
                [
                    1967.4285714285713,
                    1252.1746031746031
                ],
                [
                    1997.5873015873017,
                    1150.5873015873017
                ],
                [
                    1949.968253968254,
                    1115.6666666666667
                ],
                [
                    1951.5555555555554,
                    1060.111111111111
                ],
                [
                    1951.5555555555554,
                    996.6190476190477
                ]
            ],
            "group_id": null,
            "shape_type": "polygon",
            "flags": {}
        },
        {
            "label": "person",
            "points": [
                [
                    2038.857142857143,
                    974.3968253968253
                ],
                [
                    2043.6190476190477,
                    1042.6507936507937
                ],
                [
                    2069.015873015873,
                    1064.873015873016
                ],
                [
                    2072.190476190476,
                    1104.5555555555557
                ],
                [
                    1996.0,
                    1150.5873015873017
                ],
                [
                    1980.126984126984,
                    1228.3650793650793
                ],
                [
                    1980.126984126984,
                    1298.2063492063492
                ],
                [
                    1994.4126984126983,
                    1406.142857142857
                ],
                [
                    2010.2857142857142,
                    1455.3492063492063
                ],
                [
                    2038.857142857143,
                    1474.3968253968253
                ],
                [
                    2053.1428571428573,
                    1561.6984126984128
                ],
                [
                    2069.015873015873,
                    1598.2063492063492
                ],
                [
                    2075.3650793650795,
                    1669.6349206349207
                ],
                [
                    2113.4603174603176,
                    1737.888888888889
                ],
                [
                    2111.873015873016,
                    1790.2698412698412
                ],
                [
                    2069.015873015873,
                    1817.2539682539682
                ],
                [
                    2105.5238095238096,
                    1845.8253968253969
                ],
                [
                    2172.190476190476,
                    1836.3015873015872
                ],
                [
                    2170.6031746031745,
                    1807.7301587301588
                ],
                [
                    2197.5873015873017,
                    1809.3174603174602
                ],
                [
                    2191.2380952380954,
                    1768.047619047619
                ],
                [
                    2172.190476190476,
                    1737.888888888889
                ],
                [
                    2196.0,
                    1652.1746031746031
                ],
                [
                    2199.1746031746034,
                    1564.873015873016
                ],
                [
                    2205.5238095238096,
                    1509.3174603174602
                ],
                [
                    2219.809523809524,
                    1545.8253968253969
                ],
                [
                    2248.3809523809523,
                    1517.2539682539682
                ],
                [
                    2245.2063492063494,
                    1445.8253968253969
                ],
                [
                    2245.2063492063494,
                    1302.968253968254
                ],
                [
                    2226.15873015873,
                    1258.5238095238094
                ],
                [
                    2248.3809523809523,
                    1156.936507936508
                ],
                [
                    2208.6984126984125,
                    1106.142857142857
                ],
                [
                    2151.5555555555557,
                    1093.4444444444443
                ],
                [
                    2124.5714285714284,
                    1074.3968253968253
                ],
                [
                    2140.4444444444443,
                    1031.5396825396826
                ],
                [
                    2135.6825396825398,
                    968.047619047619
                ],
                [
                    2094.4126984126983,
                    942.6507936507936
                ],
                [
                    2062.6666666666665,
                    949.0
                ]
            ],
            "group_id": null,
            "shape_type": "polygon",
            "flags": {}
        },
        {
            "label": "person",
            "points": [
                [
                    2307.1111111111113,
                    1126.7777777777778
                ],
                [
                    2249.968253968254,
                    1147.4126984126983
                ],
                [
                    2229.3333333333335,
                    1264.873015873016
                ],
                [
                    2251.5555555555557,
                    1277.5714285714287
                ],
                [
                    2243.6190476190477,
                    1304.5555555555557
                ],
                [
                    2240.4444444444443,
                    1442.6507936507937
                ],
                [
                    2213.4603174603176,
                    1509.3174603174602
                ],
                [
                    2227.746031746032,
                    1550.5873015873017
                ],
                [
                    2251.5555555555557,
                    1515.6666666666667
                ],
                [
                    2265.84126984127,
                    1606.142857142857
                ],
                [
                    2278.5396825396824,
                    1664.873015873016
                ],
                [
                    2281.714285714286,
                    1790.2698412698412
                ],
                [
                    2249.968253968254,
                    1780.7460317460318
                ],
                [
                    2246.7936507936506,
                    1818.8412698412699
                ],
                [
                    2332.5079365079364,
                    1842.6507936507937
                ],
                [
                    2321.3968253968255,
                    1774.3968253968253
                ],
                [
                    2327.746031746032,
                    1709.3174603174602
                ],
                [
                    2329.3333333333335,
                    1649.0
                ],
                [
                    2346.7936507936506,
                    1549.0
                ],
                [
                    2357.904761904762,
                    1615.6666666666667
                ],
                [
                    2389.6507936507937,
                    1639.4761904761904
                ],
                [
                    2419.809523809524,
                    1723.6031746031747
                ],
                [
                    2424.5714285714284,
                    1791.857142857143
                ],
                [
                    2416.6349206349205,
                    1869.6349206349207
                ],
                [
                    2481.714285714286,
                    1864.873015873016
                ],
                [
                    2465.84126984127,
                    1807.7301587301588
                ],
                [
                    2461.0793650793653,
                    1737.888888888889
                ],
                [
                    2461.0793650793653,
                    1660.111111111111
                ],
                [
                    2438.8571428571427,
                    1620.4285714285713
                ],
                [
                    2446.7936507936506,
                    1502.968253968254
                ],
                [
                    2481.714285714286,
                    1485.5079365079364
                ],
                [
                    2486.4761904761904,
                    1433.126984126984
                ],
                [
                    2489.6507936507937,
                    1337.888888888889
                ],
                [
                    2489.6507936507937,
                    1280.7460317460318
                ],
                [
                    2469.015873015873,
                    1209.3174603174602
                ],
                [
                    2449.968253968254,
                    1152.1746031746031
                ],
                [
                    2391.2380952380954,
                    1128.3650793650793
                ],
                [
                    2383.3015873015875,
                    1096.6190476190477
                ],
                [
                    2399.1746031746034,
                    1061.6984126984128
                ],
                [
                    2396.0,
                    1006.1428571428571
                ],
                [
                    2372.190476190476,
                    982.3333333333333
                ],
                [
                    2327.746031746032,
                    988.6825396825398
                ],
                [
                    2297.5873015873017,
                    1002.968253968254
                ],
                [
                    2292.8253968253966,
                    1031.5396825396826
                ],
                [
                    2305.5238095238096,
                    1066.4603174603174
                ]
            ],
            "group_id": null,
            "shape_type": "polygon",
            "flags": {}
        },
        {
            "label": "person",
            "points": [
                [
                    2413.4603174603176,
                    983.9206349206349
                ],
                [
                    2421.3968253968255,
                    1042.6507936507937
                ],
                [
                    2453.1428571428573,
                    1074.3968253968253
                ],
                [
                    2388.063492063492,
                    1101.3809523809523
                ],
                [
                    2396.0,
                    1129.952380952381
                ],
                [
                    2456.3174603174602,
                    1163.2857142857142
                ],
                [
                    2473.777777777778,
                    1218.8412698412699
                ],
                [
                    2492.8253968253966,
                    1288.6825396825398
                ],
                [
                    2489.6507936507937,
                    1342.6507936507937
                ],
                [
                    2497.5873015873017,
                    1425.1904761904761
                ],
                [
                    2483.3015873015875,
                    1485.5079365079364
                ],
                [
                    2449.968253968254,
                    1515.6666666666667
                ],
                [
                    2440.4444444444443,
                    1599.7936507936508
                ],
                [
                    2472.190476190476,
                    1671.2222222222222
                ],
                [
                    2469.015873015873,
                    1742.6507936507937
                ],
                [
                    2467.4285714285716,
                    1787.095238095238
                ],
                [
                    2492.8253968253966,
                    1755.3492063492063
                ],
                [
                    2518.222222222222,
                    1775.984126984127
                ],
                [
                    2494.4126984126983,
                    1839.4761904761904
                ],
                [
                    2584.8888888888887,
                    1825.1904761904761
                ],
                [
                    2570.6031746031745,
                    1742.6507936507937
                ],
                [
                    2534.095238095238,
                    1622.015873015873
                ],
                [
                    2532.5079365079364,
                    1579.1587301587301
                ],
                [
                    2545.2063492063494,
                    1502.968253968254
                ],
                [
                    2565.84126984127,
                    1417.2539682539682
                ],
                [
                    2572.190476190476,
                    1347.4126984126983
                ],
                [
                    2573.777777777778,
                    1234.7142857142858
                ],
                [
                    2588.063492063492,
                    1201.3809523809523
                ],
                [
                    2596.0,
                    1125.1904761904761
                ],
                [
                    2581.714285714286,
                    1104.5555555555557
                ],
                [
                    2516.6349206349205,
                    1079.1587301587301
                ],
                [
                    2516.6349206349205,
                    1053.7619047619048
                ],
                [
                    2518.222222222222,
                    1004.5555555555557
                ],
                [
                    2502.3492063492063,
                    960.1111111111111
                ],
                [
                    2456.3174603174602,
                    953.7619047619047
                ],
                [
                    2424.5714285714284,
                    971.2222222222222
                ]
            ],
            "group_id": null,
            "shape_type": "polygon",
            "flags": {}
        },
        {
            "label": "person",
            "points": [
                [
                    314.14141414141415,
                    1031.3131313131314
                ],
                [
                    310.1010101010101,
                    1065.6565656565656
                ],
                [
                    319.19191919191917,
                    1070.7070707070707
                ],
                [
                    287.8787878787879,
                    1084.8484848484848
                ],
                [
                    281.8181818181818,
                    1131.3131313131314
                ],
                [
                    279.7979797979798,
                    1154.5454545454545
                ],
                [
                    295.95959595959596,
                    1159.5959595959596
                ],
                [
                    296.969696969697,
                    1216.1616161616162
                ],
                [
                    361.6161616161616,
                    1221.2121212121212
                ],
                [
                    370.7070707070707,
                    1185.858585858586
                ],
                [
                    381.8181818181818,
                    1150.5050505050506
                ],
                [
                    384.8484848484849,
                    1113.1313131313132
                ],
                [
                    379.7979797979798,
                    1079.79797979798
                ],
                [
                    349.4949494949495,
                    1068.6868686868686
                ],
                [
                    355.55555555555554,
                    1033.3333333333333
                ],
                [
                    338.3838383838384,
                    1020.2020202020202
                ]
            ],
            "group_id": null,
            "shape_type": "polygon",
            "flags": {}
        },
        {
            "label": "person",
            "points": [
                [
                    444.44444444444446,
                    1031.3131313131314
                ],
                [
                    462.62626262626264,
                    1061.6161616161617
                ],
                [
                    420.2020202020202,
                    1083.8383838383838
                ],
                [
                    395.95959595959596,
                    1100.0
                ],
                [
                    373.73737373737373,
                    1183.8383838383838
                ],
                [
                    364.64646464646466,
                    1213.1313131313132
                ],
                [
                    518.1818181818181,
                    1217.171717171717
                ],
                [
                    519.1919191919192,
                    1183.8383838383838
                ],
                [
                    519.1919191919192,
                    1127.2727272727273
                ],
                [
                    494.949494949495,
                    1095.959595959596
                ],
                [
                    497.979797979798,
                    1083.8383838383838
                ],
                [
                    525.2525252525253,
                    1082.828282828283
                ],
                [
                    542.4242424242424,
                    1065.6565656565656
                ],
                [
                    541.4141414141415,
                    1034.3434343434344
                ],
                [
                    544.4444444444445,
                    1010.1010101010102
                ],
                [
                    533.3333333333334,
                    992.929292929293
                ],
                [
                    502.020202020202,
                    978.7878787878788
                ],
                [
                    471.7171717171717,
                    986.8686868686868
                ]
            ],
            "group_id": null,
            "shape_type": "polygon",
            "flags": {}
        },
        {
            "label": "person",
            "points": [
                [
                    601.010101010101,
                    1073.7373737373737
                ],
                [
                    602.0202020202021,
                    1113.1313131313132
                ],
                [
                    594.9494949494949,
                    1135.3535353535353
                ],
                [
                    568.6868686868687,
                    1151.5151515151515
                ],
                [
                    543.4343434343434,
                    1166.6666666666667
                ],
                [
                    533.3333333333334,
                    1216.1616161616162
                ],
                [
                    702.0202020202021,
                    1219.1919191919192
                ],
                [
                    684.8484848484849,
                    1175.7575757575758
                ],
                [
                    655.5555555555555,
                    1154.5454545454545
                ],
                [
                    660.6060606060606,
                    1128.2828282828284
                ],
                [
                    667.6767676767677,
                    1091.919191919192
                ],
                [
                    666.6666666666666,
                    1048.4848484848485
                ],
                [
                    628.2828282828283,
                    1045.4545454545455
                ],
                [
                    604.040404040404,
                    1060.6060606060605
                ]
            ],
            "group_id": null,
            "shape_type": "polygon",
            "flags": {}
        },
        {
            "label": "person",
            "points": [
                [
                    1097.979797979798,
                    1006.0606060606061
                ],
                [
                    1096.969696969697,
                    1043.4343434343434
                ],
                [
                    1102.020202020202,
                    1045.4545454545455
                ],
                [
                    1082.828282828283,
                    1064.6464646464647
                ],
                [
                    1058.5858585858587,
                    1074.7474747474748
                ],
                [
                    1053.5353535353536,
                    1116.1616161616162
                ],
                [
                    1059.5959595959596,
                    1164.6464646464647
                ],
                [
                    1067.6767676767677,
                    1206.060606060606
                ],
                [
                    1070.7070707070707,
                    1291.919191919192
                ],
                [
                    1077.7777777777778,
                    1395.959595959596
                ],
                [
                    1088.888888888889,
                    1427.2727272727273
                ],
                [
                    1113.1313131313132,
                    1428.2828282828284
                ],
                [
                    1110.1010101010102,
                    1324.2424242424242
                ],
                [
                    1118.1818181818182,
                    1261.6161616161617
                ],
                [
                    1136.3636363636363,
                    1290.909090909091
                ],
                [
                    1132.3232323232323,
                    1333.3333333333333
                ],
                [
                    1112.1212121212122,
                    1386.8686868686868
                ],
                [
                    1155.5555555555557,
                    1420.2020202020203
                ],
                [
                    1171.7171717171718,
                    1426.2626262626263
                ],
                [
                    1152.5252525252524,
                    1390.909090909091
                ],
                [
                    1147.4747474747476,
                    1371.7171717171718
                ],
                [
                    1170.7070707070707,
                    1283.8383838383838
                ],
                [
                    1168.6868686868686,
                    1257.5757575757575
                ],
                [
                    1179.79797979798,
                    1247.4747474747476
                ],
                [
                    1180.8080808080808,
                    1225.2525252525252
                ],
                [
                    1173.7373737373737,
                    1181.8181818181818
                ],
                [
                    1165.6565656565656,
                    1130.3030303030303
                ],
                [
                    1162.6262626262626,
                    1097.979797979798
                ],
                [
                    1154.5454545454545,
                    1078.7878787878788
                ],
                [
                    1131.3131313131314,
                    1065.6565656565656
                ],
                [
                    1140.4040404040404,
                    1053.5353535353536
                ],
                [
                    1157.5757575757575,
                    1049.4949494949494
                ],
                [
                    1152.5252525252524,
                    1024.2424242424242
                ],
                [
                    1147.4747474747476,
                    1001.010101010101
                ],
                [
                    1129.2929292929293,
                    992.929292929293
                ]
            ],
            "group_id": null,
            "shape_type": "polygon",
            "flags": {}
        },
        {
            "label": "person",
            "points": [
                [
                    1608.080808080808,
                    1056.5656565656566
                ],
                [
                    1606.060606060606,
                    1080.8080808080808
                ],
                [
                    1607.0707070707072,
                    1093.939393939394
                ],
                [
                    1578.7878787878788,
                    1115.1515151515152
                ],
                [
                    1567.6767676767677,
                    1146.4646464646464
                ],
                [
                    1577.7777777777778,
                    1158.5858585858587
                ],
                [
                    1631.3131313131314,
                    1174.7474747474748
                ],
                [
                    1645.4545454545455,
                    1212.1212121212122
                ],
                [
                    1644.4444444444446,
                    1253.5353535353536
                ],
                [
                    1669.6969696969697,
                    1302.020202020202
                ],
                [
                    1666.6666666666667,
                    1252.5252525252524
                ],
                [
                    1668.6868686868686,
                    1212.1212121212122
                ],
                [
                    1677.7777777777778,
                    1197.979797979798
                ],
                [
                    1688.888888888889,
                    1166.6666666666667
                ],
                [
                    1674.7474747474748,
                    1125.2525252525252
                ],
                [
                    1663.6363636363637,
                    1107.0707070707072
                ],
                [
                    1645.4545454545455,
                    1103.030303030303
                ],
                [
                    1646.4646464646464,
                    1082.828282828283
                ],
                [
                    1651.5151515151515,
                    1057.5757575757575
                ],
                [
                    1637.3737373737374,
                    1047.4747474747476
                ],
                [
                    1619.1919191919192,
                    1046.4646464646464
                ]
            ],
            "group_id": null,
            "shape_type": "polygon",
            "flags": {}
        },
        {
            "label": "person",
            "points": [
                [
                    1792.9292929292928,
                    1021.2121212121212
                ],
                [
                    1782.828282828283,
                    1047.4747474747476
                ],
                [
                    1773.7373737373737,
                    1075.7575757575758
                ],
                [
                    1754.5454545454545,
                    1118.1818181818182
                ],
                [
                    1744.4444444444446,
                    1168.6868686868686
                ],
                [
                    1757.5757575757575,
                    1213.1313131313132
                ],
                [
                    1760.6060606060605,
                    1264.6464646464647
                ],
                [
                    1764.6464646464647,
                    1342.4242424242425
                ],
                [
                    1769.6969696969697,
                    1362.6262626262626
                ],
                [
                    1784.8484848484848,
                    1389.8989898989898
                ],
                [
                    1788.888888888889,
                    1437.3737373737374
                ],
                [
                    1800.0,
                    1437.3737373737374
                ],
                [
                    1807.0707070707072,
                    1400.0
                ],
                [
                    1824.2424242424242,
                    1245.4545454545455
                ],
                [
                    1819.1919191919192,
                    1175.7575757575758
                ],
                [
                    1789.8989898989898,
                    1130.3030303030303
                ],
                [
                    1767.6767676767677,
                    1098.989898989899
                ],
                [
                    1792.9292929292928,
                    1061.6161616161617
                ],
                [
                    1820.2020202020203,
                    1035.3535353535353
                ],
                [
                    1818.1818181818182,
                    1022.2222222222223
                ]
            ],
            "group_id": null,
            "shape_type": "polygon",
            "flags": {}
        },
        {
            "label": "person",
            "points": [
                [
                    815.1515151515151,
                    1046.4646464646464
                ],
                [
                    800.0,
                    1074.7474747474748
                ],
                [
                    792.929292929293,
                    1094.949494949495
                ],
                [
                    775.7575757575758,
                    1106.060606060606
                ],
                [
                    773.7373737373738,
                    1145.4545454545455
                ],
                [
                    777.7777777777778,
                    1166.6666666666667
                ],
                [
                    786.8686868686868,
                    1198.989898989899
                ],
                [
                    783.8383838383838,
                    1216.1616161616162
                ],
                [
                    852.5252525252525,
                    1213.1313131313132
                ],
                [
                    855.5555555555555,
                    1169.6969696969697
                ],
                [
                    855.5555555555555,
                    1141.4141414141413
                ],
                [
                    873.7373737373738,
                    1139.3939393939395
                ],
                [
                    884.8484848484849,
                    1118.1818181818182
                ],
                [
                    872.7272727272727,
                    1100.0
                ],
                [
                    858.5858585858585,
                    1095.959595959596
                ],
                [
                    844.4444444444445,
                    1084.8484848484848
                ],
                [
                    851.5151515151515,
                    1061.6161616161617
                ],
                [
                    841.4141414141415,
                    1038.3838383838383
                ]
            ],
            "group_id": null,
            "shape_type": "polygon",
            "flags": {}
        },
        {
            "label": "person",
            "points": [
                [
                    1006.0606060606061,
                    1033.3333333333333
                ],
                [
                    1006.0606060606061,
                    1057.5757575757575
                ],
                [
                    988.8888888888889,
                    1080.8080808080808
                ],
                [
                    990.9090909090909,
                    1132.3232323232323
                ],
                [
                    1001.010101010101,
                    1162.6262626262626
                ],
                [
                    995.959595959596,
                    1227.2727272727273
                ],
                [
                    1003.030303030303,
                    1278.7878787878788
                ],
                [
                    1026.2626262626263,
                    1279.79797979798
                ],
                [
                    1031.3131313131314,
                    1260.6060606060605
                ],
                [
                    1037.3737373737374,
                    1219.1919191919192
                ],
                [
                    1040.4040404040404,
                    1175.7575757575758
                ],
                [
                    1045.4545454545455,
                    1137.3737373737374
                ],
                [
                    1051.5151515151515,
                    1106.060606060606
                ],
                [
                    1054.5454545454545,
                    1079.79797979798
                ],
                [
                    1041.4141414141413,
                    1063.6363636363637
                ],
                [
                    1039.3939393939395,
                    1043.4343434343434
                ],
                [
                    1032.3232323232323,
                    1032.3232323232323
                ]
            ],
            "group_id": null,
            "shape_type": "polygon",
            "flags": {}
        },
        {
            "label": "backpack",
            "points": [
                [
                    705.0505050505051,
                    1079.79797979798
                ],
                [
                    716.1616161616162,
                    1078.7878787878788
                ],
                [
                    727.2727272727273,
                    1108.080808080808
                ],
                [
                    727.2727272727273,
                    1135.3535353535353
                ],
                [
                    707.070707070707,
                    1140.4040404040404
                ],
                [
                    692.929292929293,
                    1118.1818181818182
                ]
            ],
            "group_id": null,
            "shape_type": "polygon",
            "flags": {}
        },
        {
            "label": "person",
            "points": [
                [
                    709.2198581560284,
                    1023.404255319149
                ],
                [
                    724.822695035461,
                    1025.531914893617
                ],
                [
                    741.1347517730497,
                    1052.4822695035461
                ],
                [
                    740.4040404040404,
                    1093.939393939394
                ],
                [
                    734.3434343434343,
                    1132.3232323232323
                ],
                [
                    730.3030303030303,
                    1163.6363636363637
                ],
                [
                    721.2121212121212,
                    1201.010101010101
                ],
                [
                    709.0909090909091,
                    1209.090909090909
                ],
                [
                    695.959595959596,
                    1178.7878787878788
                ],
                [
                    695.959595959596,
                    1137.3737373737374
                ],
                [
                    684.8484848484849,
                    1105.050505050505
                ],
                [
                    680.8080808080808,
                    1085.858585858586
                ],
                [
                    691.4893617021277,
                    1046.808510638298
                ],
                [
                    704.2553191489362,
                    1041.1347517730496
                ]
            ],
            "group_id": null,
            "shape_type": "polygon",
            "flags": {}
        },
        {
            "label": "bus",
            "points": [
                [
                    2159.098039215686,
                    956.6274509803922
                ],
                [
                    2163.0196078431372,
                    1064.4705882352941
                ],
                [
                    2186.549019607843,
                    1023.2941176470588
                ],
                [
                    2263.0196078431372,
                    1005.6470588235294
                ],
                [
                    2292.4313725490197,
                    1005.6470588235294
                ],
                [
                    2323.8039215686276,
                    988.0
                ],
                [
                    2368.901960784314,
                    988.0
                ],
                [
                    2398.3137254901962,
                    1007.6078431372549
                ],
                [
                    2412.0392156862745,
                    986.0392156862745
                ],
                [
                    2415.9607843137255,
                    974.2745098039215
                ],
                [
                    2453.2156862745096,
                    952.7058823529411
                ],
                [
                    2500.2745098039213,
                    962.5098039215686
                ],
                [
                    2519.8823529411766,
                    1003.6862745098039
                ],
                [
                    2512.0392156862745,
                    1025.2549019607843
                ],
                [
                    2547.3333333333335,
                    1033.0980392156862
                ],
                [
                    2559.098039215686,
                    1011.5294117647059
                ],
                [
                    2561.0588235294117,
                    982.1176470588235
                ],
                [
                    2570.8627450980393,
                    964.4705882352941
                ],
                [
                    2557.1372549019607,
                    942.9019607843137
                ],
                [
                    2508.1176470588234,
                    935.0588235294117
                ],
                [
                    2376.7450980392155,
                    925.2549019607843
                ],
                [
                    2298.3137254901962,
                    937.0196078431372
                ],
                [
                    2221.843137254902,
                    948.7843137254902
                ]
            ],
            "group_id": null,
            "shape_type": "polygon",
            "flags": {}
        },
        {
            "label": "bus",
            "points": [
                [
                    1435.5686274509803,
                    962.5098039215686
                ],
                [
                    1429.686274509804,
                    980.156862745098
                ],
                [
                    1421.8431372549019,
                    1003.6862745098039
                ],
                [
                    1437.5294117647059,
                    1025.2549019607843
                ],
                [
                    1445.3725490196077,
                    1042.9019607843138
                ],
                [
                    1466.9411764705883,
                    1050.7450980392157
                ],
                [
                    1521.8431372549019,
                    1031.1372549019607
                ],
                [
                    1545.3725490196077,
                    1037.0196078431372
                ],
                [
                    1551.2549019607843,
                    958.5882352941177
                ],
                [
                    1512.0392156862745,
                    946.8235294117646
                ],
                [
                    1474.7843137254902,
                    952.7058823529411
                ]
            ],
            "group_id": null,
            "shape_type": "polygon",
            "flags": {}
        },
        {
            "label": "bus",
            "points": [
                [
                    1578.7058823529412,
                    991.9215686274509
                ],
                [
                    1576.7450980392157,
                    1056.627450980392
                ],
                [
                    1584.5882352941176,
                    1080.1568627450981
                ],
                [
                    1604.1960784313726,
                    1074.2745098039215
                ],
                [
                    1604.1960784313726,
                    1054.6666666666667
                ],
                [
                    1615.9607843137255,
                    1044.862745098039
                ],
                [
                    1635.5686274509803,
                    1044.862745098039
                ],
                [
                    1655.1764705882354,
                    1058.5882352941176
                ],
                [
                    1674.7843137254902,
                    1054.6666666666667
                ],
                [
                    1684.5882352941176,
                    1042.9019607843138
                ],
                [
                    1686.549019607843,
                    989.9607843137255
                ],
                [
                    1641.450980392157,
                    980.156862745098
                ]
            ],
            "group_id": null,
            "shape_type": "polygon",
            "flags": {}
        },
        {
            "label": "person",
            "points": [
                [
                    911.25,
                    1057.5
                ],
                [
                    906.25,
                    1083.75
                ],
                [
                    905.0,
                    1107.5
                ],
                [
                    906.25,
                    1126.25
                ],
                [
                    912.5,
                    1148.75
                ],
                [
                    911.25,
                    1176.25
                ],
                [
                    908.75,
                    1203.75
                ],
                [
                    936.25,
                    1203.75
                ],
                [
                    933.75,
                    1148.75
                ],
                [
                    946.25,
                    1142.5
                ],
                [
                    945.0,
                    1120.0
                ],
                [
                    945.0,
                    1091.25
                ],
                [
                    935.0,
                    1086.25
                ],
                [
                    935.0,
                    1065.0
                ],
                [
                    923.75,
                    1057.5
                ]
            ],
            "group_id": null,
            "shape_type": "polygon",
            "flags": {}
        },
        {
            "label": "person",
            "points": [
                [
                    966.25,
                    1046.25
                ],
                [
                    957.5,
                    1066.25
                ],
                [
                    956.25,
                    1082.5
                ],
                [
                    952.5,
                    1103.75
                ],
                [
                    955.0,
                    1135.0
                ],
                [
                    956.25,
                    1160.0
                ],
                [
                    966.25,
                    1186.25
                ],
                [
                    970.0,
                    1206.25
                ],
                [
                    981.25,
                    1202.5
                ],
                [
                    986.25,
                    1187.5
                ],
                [
                    990.0,
                    1156.25
                ],
                [
                    988.75,
                    1131.25
                ],
                [
                    988.75,
                    1077.5
                ],
                [
                    987.5,
                    1052.5
                ],
                [
                    981.25,
                    1043.75
                ]
            ],
            "group_id": null,
            "shape_type": "polygon",
            "flags": {}
        },
        {
            "label": "backpack",
            "points": [
                [
                    905.0,
                    1113.75
                ],
                [
                    901.25,
                    1130.0
                ],
                [
                    908.75,
                    1147.5
                ],
                [
                    920.0,
                    1143.75
                ],
                [
                    926.25,
                    1117.5
                ]
            ],
            "group_id": null,
            "shape_type": "polygon",
            "flags": {}
        },
        {
            "label": "backpack",
            "points": [
                [
                    962.5,
                    1103.75
                ],
                [
                    952.5,
                    1118.75
                ],
                [
                    952.5,
                    1142.5
                ],
                [
                    961.25,
                    1150.0
                ],
                [
                    986.25,
                    1147.5
                ],
                [
                    981.25,
                    1123.75
                ],
                [
                    975.0,
                    1106.25
                ]
            ],
            "group_id": null,
            "shape_type": "polygon",
            "flags": {}
        },
        {
            "label": "person",
            "points": [
                [
                    761.25,
                    1051.25
                ],
                [
                    753.75,
                    1066.25
                ],
                [
                    752.5,
                    1077.5
                ],
                [
                    747.5,
                    1087.5
                ],
                [
                    741.25,
                    1138.75
                ],
                [
                    750.0,
                    1163.75
                ],
                [
                    755.0,
                    1182.5
                ],
                [
                    757.5,
                    1212.5
                ],
                [
                    767.5,
                    1208.75
                ],
                [
                    771.25,
                    1175.0
                ],
                [
                    781.25,
                    1198.75
                ],
                [
                    777.5,
                    1165.0
                ],
                [
                    775.0,
                    1145.0
                ],
                [
                    775.0,
                    1106.25
                ],
                [
                    792.5,
                    1093.75
                ],
                [
                    785.0,
                    1086.25
                ],
                [
                    786.25,
                    1071.25
                ],
                [
                    786.25,
                    1052.5
                ],
                [
                    773.75,
                    1047.5
                ]
            ],
            "group_id": null,
            "shape_type": "polygon",
            "flags": {}
        }
    ],
    "imagePath": "../../Canon1DsMkIII_PNG/Canon1DsMkIII_0081.PNG",
    "imageData": null,
    "imageHeight": 1876,
    "imageWidth": 2820
}