{
    "version": "4.5.6",
    "flags": {},
    "shapes": [
        {
            "label": "bench",
            "points": [
                [
                    552.9677419354839,
                    1234.6129032258063
                ],
                [
                    407.80645161290323,
                    1291.0645161290322
                ],
                [
                    406.19354838709677,
                    1365.258064516129
                ],
                [
                    415.8709677419355,
                    1418.483870967742
                ],
                [
                    420.7096774193548,
                    1750.741935483871
                ],
                [
                    514.258064516129,
                    1744.2903225806451
                ],
                [
                    648.1290322580645,
                    1626.5483870967741
                ],
                [
                    649.741935483871,
                    1363.6451612903227
                ],
                [
                    1869.0967741935483,
                    1358.8064516129032
                ],
                [
                    1854.5806451612902,
                    1273.3225806451612
                ],
                [
                    1864.258064516129,
                    1241.0645161290322
                ]
            ],
            "group_id": null,
            "shape_type": "polygon",
            "flags": {}
        },
        {
            "label": "bench",
            "points": [
                [
                    1059.7122302158273,
                    1074.8201438848919
                ],
                [
                    1061.1510791366904,
                    1103.5971223021581
                ],
                [
                    1070.5035971223022,
                    1105.7553956834531
                ],
                [
                    1066.1870503597122,
                    1230.935251798561
                ],
                [
                    1112.230215827338,
                    1235.9712230215825
                ],
                [
                    1130.935251798561,
                    1224.460431654676
                ],
                [
                    1132.3741007194244,
                    1107.913669064748
                ],
                [
                    1616.546762589928,
                    1100.7194244604316
                ],
                [
                    1613.6690647482012,
                    1062.5899280575538
                ],
                [
                    1093.525179856115,
                    1063.3093525179854
                ]
            ],
            "group_id": null,
            "shape_type": "polygon",
            "flags": {}
        }
    ],
    "imagePath": "../../Canon1DsMkIII_PNG/Canon1DsMkIII_0006.PNG",
    "imageData": null,
    "imageHeight": 1876,
    "imageWidth": 2820
}