{
    "version": "4.5.6",
    "flags": {},
    "shapes": [
        {
            "label": "chair",
            "points": [
                [
                    1461.0588235294117,
                    1146.8235294117646
                ],
                [
                    1463.0196078431372,
                    1219.3725490196077
                ],
                [
                    1482.627450980392,
                    1213.4901960784314
                ],
                [
                    1484.5882352941176,
                    1154.6666666666667
                ],
                [
                    1564.9803921568628,
                    1154.6666666666667
                ],
                [
                    1563.0196078431372,
                    1215.450980392157
                ],
                [
                    1592.4313725490197,
                    1213.4901960784314
                ],
                [
                    1586.549019607843,
                    1144.862745098039
                ]
            ],
            "group_id": null,
            "shape_type": "polygon",
            "flags": {}
        }
    ],
    "imagePath": "../../Canon1DsMkIII_PNG/Canon1DsMkIII_0231.PNG",
    "imageData": null,
    "imageHeight": 1876,
    "imageWidth": 2820
}