{
    "version": "4.5.6",
    "flags": {},
    "shapes": [
        {
            "label": "person",
            "points": [
                [
                    189.20863309352515,
                    1429.4964028776976
                ],
                [
                    192.80575539568343,
                    1443.8848920863309
                ],
                [
                    181.29496402877697,
                    1454.6762589928055
                ],
                [
                    179.85611510791367,
                    1474.8201438848919
                ],
                [
                    198.56115107913666,
                    1475.5395683453237
                ],
                [
                    205.03597122302156,
                    1456.8345323741005
                ],
                [
                    203.59712230215825,
                    1441.007194244604
                ],
                [
                    198.56115107913666,
                    1420.863309352518
                ],
                [
                    191.36690647482013,
                    1417.9856115107912
                ]
            ],
            "group_id": null,
            "shape_type": "polygon",
            "flags": {}
        },
        {
            "label": "person",
            "points": [
                [
                    571.0144927536231,
                    1453.623188405797
                ],
                [
                    567.391304347826,
                    1460.1449275362318
                ],
                [
                    572.463768115942,
                    1478.9855072463768
                ],
                [
                    596.3768115942029,
                    1476.086956521739
                ],
                [
                    592.7536231884058,
                    1455.7971014492753
                ],
                [
                    587.6811594202898,
                    1452.1739130434783
                ],
                [
                    584.7826086956521,
                    1437.6811594202898
                ],
                [
                    576.8115942028985,
                    1441.3043478260868
                ]
            ],
            "group_id": null,
            "shape_type": "polygon",
            "flags": {}
        }
    ],
    "imagePath": "../../Canon1DsMkIII_PNG/Canon1DsMkIII_0112.PNG",
    "imageData": null,
    "imageHeight": 2820,
    "imageWidth": 1876
}