{
    "version": "4.5.6",
    "flags": {},
    "shapes": [
        {
            "label": "chair",
            "points": [
                [
                    372.8235294117647,
                    1388.0
                ],
                [
                    372.8235294117647,
                    1503.686274509804
                ],
                [
                    386.54901960784315,
                    1511.5294117647059
                ],
                [
                    402.2352941176471,
                    1611.5294117647059
                ],
                [
                    449.2941176470588,
                    1617.4117647058824
                ],
                [
                    447.33333333333337,
                    1537.0196078431372
                ],
                [
                    464.98039215686276,
                    1531.1372549019607
                ],
                [
                    466.9411764705882,
                    1505.6470588235293
                ],
                [
                    643.4117647058823,
                    1480.1568627450981
                ],
                [
                    663.0196078431372,
                    1505.6470588235293
                ],
                [
                    674.7843137254902,
                    1501.7254901960785
                ],
                [
                    678.7058823529412,
                    1576.235294117647
                ],
                [
                    684.5882352941177,
                    1582.1176470588234
                ],
                [
                    735.5686274509803,
                    1578.1960784313726
                ],
                [
                    725.7647058823529,
                    1415.450980392157
                ],
                [
                    737.5294117647059,
                    1391.921568627451
                ]
            ],
            "group_id": null,
            "shape_type": "polygon",
            "flags": {}
        }
    ],
    "imagePath": "../../Canon1DsMkIII_PNG/Canon1DsMkIII_0226.PNG",
    "imageData": null,
    "imageHeight": 1876,
    "imageWidth": 2820
}