{
    "version": "4.5.6",
    "flags": {},
    "shapes": [
        {
            "label": "car",
            "points": [
                [
                    837.3831775700935,
                    1205.607476635514
                ],
                [
                    833.0218068535826,
                    1212.1495327102805
                ],
                [
                    838.6292834890966,
                    1221.4953271028037
                ],
                [
                    848.2866043613707,
                    1221.8068535825546
                ],
                [
                    847.6635514018692,
                    1222.7414330218069
                ],
                [
                    867.2897196261682,
                    1222.7414330218069
                ],
                [
                    871.9626168224299,
                    1213.3956386292834
                ],
                [
                    900.3115264797508,
                    1209.968847352025
                ],
                [
                    931.4641744548287,
                    1214.330218068536
                ],
                [
                    938.6292834890966,
                    1223.0529595015576
                ],
                [
                    949.5327102803739,
                    1222.7414330218069
                ],
                [
                    954.5171339563863,
                    1213.0841121495328
                ],
                [
                    948.2866043613707,
                    1179.4392523364486
                ],
                [
                    912.4610591900312,
                    1176.9470404984424
                ],
                [
                    889.0965732087227,
                    1180.9968847352025
                ],
                [
                    861.993769470405,
                    1198.7538940809968
                ],
                [
                    850.7788161993769,
                    1201.8691588785048
                ]
            ],
            "group_id": null,
            "shape_type": "polygon",
            "flags": {}
        }
    ],
    "imagePath": "../../Canon1DsMkIII_PNG/Canon1DsMkIII_0253.PNG",
    "imageData": null,
    "imageHeight": 1876,
    "imageWidth": 2820
}