{
    "version": "4.5.6",
    "flags": {},
    "shapes": [
        {
            "label": "couch",
            "points": [
                [
                    104.19607843137254,
                    229.17647058823528
                ],
                [
                    182.62745098039215,
                    699.7647058823529
                ],
                [
                    268.9019607843137,
                    752.7058823529412
                ],
                [
                    294.3921568627451,
                    895.843137254902
                ],
                [
                    421.84313725490193,
                    1650.7450980392157
                ],
                [
                    604.1960784313725,
                    1821.3333333333333
                ],
                [
                    682.6274509803922,
                    1874.2745098039215
                ],
                [
                    842,
                    1875
                ],
                [
                    2819,
                    1875
                ],
                [
                    2819,
                    152
                ],
                [
                    1529.686274509804,
                    50.745098039215684
                ],
                [
                    990.4705882352941,
                    44.86274509803921
                ],
                [
                    539.4901960784314,
                    62.50980392156863
                ],
                [
                    284.5882352941176,
                    97.80392156862744
                ],
                [
                    163.01960784313724,
                    146.8235294117647
                ],
                [
                    104.19607843137254,
                    203.68627450980392
                ]
            ],
            "group_id": null,
            "shape_type": "polygon",
            "flags": {}
        }
    ],
    "imagePath": "../../Canon1DsMkIII_PNG/Canon1DsMkIII_0209.PNG",
    "imageData": null,
    "imageHeight": 1876,
    "imageWidth": 2820
}