{
    "version": "4.5.6",
    "flags": {},
    "shapes": [
        {
            "label": "person",
            "points": [
                [
                    811.8571428571428,
                    1166.0714285714284
                ],
                [
                    804.7142857142857,
                    1212.4999999999998
                ],
                [
                    751.1428571428571,
                    1269.642857142857
                ],
                [
                    885.0714285714284,
                    1271.4285714285713
                ],
                [
                    895.7857142857142,
                    1244.642857142857
                ],
                [
                    913.6428571428571,
                    1224.9999999999998
                ],
                [
                    904.7142857142856,
                    1173.2142857142856
                ],
                [
                    886.8571428571427,
                    1146.4285714285713
                ],
                [
                    849.3571428571427,
                    1146.4285714285713
                ]
            ],
            "group_id": null,
            "shape_type": "polygon",
            "flags": {}
        },
        {
            "label": "person",
            "points": [
                [
                    2136.8571428571427,
                    991.0714285714284
                ],
                [
                    2119.0,
                    1049.9999999999998
                ],
                [
                    2095.785714285714,
                    1067.8571428571427
                ],
                [
                    2102.928571428571,
                    1157.142857142857
                ],
                [
                    2097.5714285714284,
                    1283.9285714285713
                ],
                [
                    2113.642857142857,
                    1301.7857142857142
                ],
                [
                    2158.285714285714,
                    1307.142857142857
                ],
                [
                    2170.785714285714,
                    1294.642857142857
                ],
                [
                    2185.0714285714284,
                    1353.5714285714284
                ],
                [
                    2186.8571428571427,
                    1485.7142857142856
                ],
                [
                    2243.9999999999995,
                    1491.0714285714284
                ],
                [
                    2215.428571428571,
                    1457.1428571428569
                ],
                [
                    2218.9999999999995,
                    1362.4999999999998
                ],
                [
                    2222.5714285714284,
                    1287.4999999999998
                ],
                [
                    2233.285714285714,
                    1246.4285714285713
                ],
                [
                    2233.285714285714,
                    1166.0714285714284
                ],
                [
                    2220.785714285714,
                    1085.7142857142856
                ],
                [
                    2204.7142857142853,
                    1053.5714285714284
                ],
                [
                    2192.2142857142853,
                    992.8571428571427
                ],
                [
                    2172.5714285714284,
                    982.1428571428571
                ]
            ],
            "group_id": null,
            "shape_type": "polygon",
            "flags": {}
        },
        {
            "label": "person",
            "points": [
                [
                    2717.2142857142853,
                    1016.0714285714284
                ],
                [
                    2718.9999999999995,
                    1073.2142857142856
                ],
                [
                    2711.8571428571427,
                    1085.7142857142856
                ],
                [
                    2690.428571428571,
                    1087.4999999999998
                ],
                [
                    2672.5714285714284,
                    1176.7857142857142
                ],
                [
                    2702.928571428571,
                    1194.642857142857
                ],
                [
                    2695.785714285714,
                    1278.5714285714284
                ],
                [
                    2718.9999999999995,
                    1389.2857142857142
                ],
                [
                    2713.642857142857,
                    1446.4285714285713
                ],
                [
                    2690.428571428571,
                    1464.2857142857142
                ],
                [
                    2736.8571428571427,
                    1480.3571428571427
                ],
                [
                    2729.7142857142853,
                    1435.7142857142856
                ],
                [
                    2736.8571428571427,
                    1491.0714285714284
                ],
                [
                    2772.5714285714284,
                    1503.5714285714284
                ],
                [
                    2763.642857142857,
                    1414.2857142857142
                ],
                [
                    2754.7142857142853,
                    1366.0714285714284
                ],
                [
                    2763.642857142857,
                    1294.642857142857
                ],
                [
                    2804.7142857142853,
                    1289.2857142857142
                ],
                [
                    2813.642857142857,
                    1235.7142857142856
                ],
                [
                    2806.4999999999995,
                    1182.142857142857
                ],
                [
                    2806.4999999999995,
                    1112.4999999999998
                ],
                [
                    2797.5714285714284,
                    1094.642857142857
                ],
                [
                    2793.9999999999995,
                    1041.0714285714284
                ],
                [
                    2765.428571428571,
                    1008.9285714285713
                ]
            ],
            "group_id": null,
            "shape_type": "polygon",
            "flags": {}
        },
        {
            "label": "handbag",
            "points": [
                [
                    2661.8571428571427,
                    1182.142857142857
                ],
                [
                    2627.928571428571,
                    1253.5714285714284
                ],
                [
                    2722.5714285714284,
                    1278.5714285714284
                ],
                [
                    2713.642857142857,
                    1189.2857142857142
                ]
            ],
            "group_id": null,
            "shape_type": "polygon",
            "flags": {}
        },
        {
            "label": "handbag",
            "points": [
                [
                    2061.8571428571427,
                    1308.9285714285713
                ],
                [
                    2054.7142857142853,
                    1424.9999999999998
                ],
                [
                    2161.8571428571427,
                    1424.9999999999998
                ],
                [
                    2160.0714285714284,
                    1307.142857142857
                ]
            ],
            "group_id": null,
            "shape_type": "polygon",
            "flags": {}
        },
        {
            "label": "person",
            "points": [
                [
                    1930.2083333333335,
                    952.0833333333334
                ],
                [
                    1945.8333333333335,
                    975.0
                ],
                [
                    1938.5416666666667,
                    1010.4166666666667
                ],
                [
                    1968.75,
                    1028.125
                ],
                [
                    1961.4583333333335,
                    1042.7083333333335
                ],
                [
                    1932.2916666666667,
                    1065.625
                ],
                [
                    1928.125,
                    1083.3333333333335
                ],
                [
                    1898.9583333333335,
                    1097.9166666666667
                ],
                [
                    1879.1666666666667,
                    1083.3333333333335
                ],
                [
                    1856.25,
                    1048.9583333333335
                ],
                [
                    1823.9583333333335,
                    1080.2083333333335
                ],
                [
                    1838.5416666666667,
                    1100.0
                ],
                [
                    1909.375,
                    1137.5
                ],
                [
                    1894.7916666666667,
                    1144.7916666666667
                ],
                [
                    1892.7083333333335,
                    1222.9166666666667
                ],
                [
                    1887.5,
                    1253.125
                ],
                [
                    1895.8333333333335,
                    1316.6666666666667
                ],
                [
                    1896.875,
                    1363.5416666666667
                ],
                [
                    1893.75,
                    1417.7083333333335
                ],
                [
                    1900.0,
                    1463.5416666666667
                ],
                [
                    1864.5833333333335,
                    1486.4583333333335
                ],
                [
                    1915.625,
                    1491.6666666666667
                ],
                [
                    1932.2916666666667,
                    1476.0416666666667
                ],
                [
                    1932.2916666666667,
                    1392.7083333333335
                ],
                [
                    1933.3333333333335,
                    1370.8333333333335
                ],
                [
                    1941.6666666666667,
                    1403.125
                ],
                [
                    1942.7083333333335,
                    1464.5833333333335
                ],
                [
                    1914.5833333333335,
                    1497.9166666666667
                ],
                [
                    1939.5833333333335,
                    1508.3333333333335
                ],
                [
                    1985.4166666666667,
                    1502.0833333333335
                ],
                [
                    1987.5,
                    1472.9166666666667
                ],
                [
                    1976.0416666666667,
                    1331.25
                ],
                [
                    1980.2083333333335,
                    1275.0
                ],
                [
                    1992.7083333333335,
                    1245.8333333333335
                ],
                [
                    1991.6666666666667,
                    1221.875
                ],
                [
                    1996.875,
                    1161.4583333333335
                ],
                [
                    2021.875,
                    1108.3333333333335
                ],
                [
                    2028.125,
                    1065.625
                ],
                [
                    2017.7083333333335,
                    1028.125
                ],
                [
                    2017.7083333333335,
                    989.5833333333334
                ],
                [
                    1997.9166666666667,
                    947.9166666666667
                ]
            ],
            "group_id": null,
            "shape_type": "polygon",
            "flags": {}
        },
        {
            "label": "backpack",
            "points": [
                [
                    2027.0833333333335,
                    1073.9583333333335
                ],
                [
                    2042.7083333333335,
                    1104.1666666666667
                ],
                [
                    2044.7916666666667,
                    1153.125
                ],
                [
                    2042.7083333333335,
                    1196.875
                ],
                [
                    2001.0416666666667,
                    1221.875
                ],
                [
                    1992.7083333333335,
                    1193.75
                ],
                [
                    1997.9166666666667,
                    1160.4166666666667
                ],
                [
                    2017.7083333333335,
                    1112.5
                ]
            ],
            "group_id": null,
            "shape_type": "polygon",
            "flags": {}
        },
        {
            "label": "person",
            "points": [
                [
                    1839.5833333333335,
                    984.375
                ],
                [
                    1828.125,
                    1026.0416666666667
                ],
                [
                    1804.1666666666667,
                    1056.25
                ],
                [
                    1780.2083333333335,
                    1068.75
                ],
                [
                    1803.125,
                    1111.4583333333335
                ],
                [
                    1831.25,
                    1125.0
                ],
                [
                    1854.1666666666667,
                    1226.0416666666667
                ],
                [
                    1813.5416666666667,
                    1251.0416666666667
                ],
                [
                    1823.9583333333335,
                    1306.25
                ],
                [
                    1841.6666666666667,
                    1387.5
                ],
                [
                    1841.6666666666667,
                    1430.2083333333335
                ],
                [
                    1813.5416666666667,
                    1464.5833333333335
                ],
                [
                    1832.2916666666667,
                    1478.125
                ],
                [
                    1862.5,
                    1462.5
                ],
                [
                    1871.875,
                    1400.0
                ],
                [
                    1884.375,
                    1333.3333333333335
                ],
                [
                    1893.75,
                    1300.0
                ],
                [
                    1887.5,
                    1255.2083333333335
                ],
                [
                    1895.8333333333335,
                    1222.9166666666667
                ],
                [
                    1896.875,
                    1148.9583333333335
                ],
                [
                    1913.5416666666667,
                    1135.4166666666667
                ],
                [
                    1838.5416666666667,
                    1101.0416666666667
                ],
                [
                    1822.9166666666667,
                    1083.3333333333335
                ],
                [
                    1855.2083333333335,
                    1054.1666666666667
                ],
                [
                    1889.5833333333335,
                    1029.1666666666667
                ],
                [
                    1885.4166666666667,
                    991.6666666666667
                ],
                [
                    1877.0833333333335,
                    968.75
                ]
            ],
            "group_id": null,
            "shape_type": "polygon",
            "flags": {}
        },
        {
            "label": "handbag",
            "points": [
                [
                    1804.1666666666667,
                    1122.9166666666667
                ],
                [
                    1800.0,
                    1182.2916666666667
                ],
                [
                    1817.7083333333335,
                    1253.125
                ],
                [
                    1855.2083333333335,
                    1228.125
                ],
                [
                    1832.2916666666667,
                    1126.0416666666667
                ]
            ],
            "group_id": null,
            "shape_type": "polygon",
            "flags": {}
        },
        {
            "label": "person",
            "points": [
                [
                    2365.625,
                    983.3333333333334
                ],
                [
                    2368.75,
                    1009.375
                ],
                [
                    2366.666666666667,
                    1040.625
                ],
                [
                    2335.416666666667,
                    1059.375
                ],
                [
                    2357.291666666667,
                    1071.875
                ],
                [
                    2363.541666666667,
                    1119.7916666666667
                ],
                [
                    2365.625,
                    1180.2083333333335
                ],
                [
                    2352.0833333333335,
                    1206.25
                ],
                [
                    2318.75,
                    1221.875
                ],
                [
                    2360.416666666667,
                    1231.25
                ],
                [
                    2388.541666666667,
                    1222.9166666666667
                ],
                [
                    2389.5833333333335,
                    1193.75
                ],
                [
                    2393.75,
                    1155.2083333333335
                ],
                [
                    2397.916666666667,
                    1109.375
                ],
                [
                    2398.9583333333335,
                    1068.75
                ],
                [
                    2417.7083333333335,
                    1059.375
                ],
                [
                    2414.5833333333335,
                    1027.0833333333335
                ],
                [
                    2405.2083333333335,
                    1001.0416666666667
                ],
                [
                    2398.9583333333335,
                    975.0
                ],
                [
                    2384.375,
                    963.5416666666667
                ]
            ],
            "group_id": null,
            "shape_type": "polygon",
            "flags": {}
        },
        {
            "label": "person",
            "points": [
                [
                    1380.2083333333335,
                    1007.2916666666667
                ],
                [
                    1341.6666666666667,
                    1054.1666666666667
                ],
                [
                    1321.875,
                    1073.9583333333335
                ],
                [
                    1315.625,
                    1120.8333333333335
                ],
                [
                    1337.5,
                    1141.6666666666667
                ],
                [
                    1350.0,
                    1158.3333333333335
                ],
                [
                    1364.5833333333335,
                    1171.875
                ],
                [
                    1422.9166666666667,
                    1173.9583333333335
                ],
                [
                    1420.8333333333335,
                    1128.125
                ],
                [
                    1415.625,
                    1101.0416666666667
                ],
                [
                    1416.6666666666667,
                    1075.0
                ],
                [
                    1438.5416666666667,
                    1067.7083333333335
                ],
                [
                    1460.4166666666667,
                    1039.5833333333335
                ],
                [
                    1472.9166666666667,
                    1014.5833333333334
                ],
                [
                    1461.4583333333335,
                    988.5416666666667
                ],
                [
                    1440.625,
                    976.0416666666667
                ],
                [
                    1412.5,
                    980.2083333333334
                ],
                [
                    1390.625,
                    1001.0416666666667
                ]
            ],
            "group_id": null,
            "shape_type": "polygon",
            "flags": {}
        },
        {
            "label": "person",
            "points": [
                [
                    1489.5833333333335,
                    1042.7083333333335
                ],
                [
                    1491.6666666666667,
                    1065.625
                ],
                [
                    1459.375,
                    1111.4583333333335
                ],
                [
                    1501.0416666666667,
                    1117.7083333333335
                ],
                [
                    1539.5833333333335,
                    1095.8333333333335
                ],
                [
                    1539.5833333333335,
                    1079.1666666666667
                ],
                [
                    1553.125,
                    1066.6666666666667
                ],
                [
                    1557.2916666666667,
                    1046.875
                ],
                [
                    1560.4166666666667,
                    1014.5833333333334
                ],
                [
                    1548.9583333333335,
                    997.9166666666667
                ],
                [
                    1518.75,
                    994.7916666666667
                ],
                [
                    1494.7916666666667,
                    1008.3333333333334
                ]
            ],
            "group_id": null,
            "shape_type": "polygon",
            "flags": {}
        },
        {
            "label": "person",
            "points": [
                [
                    1572.9166666666667,
                    997.9166666666667
                ],
                [
                    1569.7916666666667,
                    1035.4166666666667
                ],
                [
                    1546.875,
                    1068.75
                ],
                [
                    1567.7083333333335,
                    1109.375
                ],
                [
                    1580.2083333333335,
                    1137.5
                ],
                [
                    1602.0833333333335,
                    1130.2083333333335
                ],
                [
                    1631.25,
                    1146.875
                ],
                [
                    1668.75,
                    1133.3333333333335
                ],
                [
                    1646.875,
                    1065.625
                ],
                [
                    1621.875,
                    1037.5
                ],
                [
                    1613.5416666666667,
                    993.75
                ]
            ],
            "group_id": null,
            "shape_type": "polygon",
            "flags": {}
        },
        {
            "label": "umbrella",
            "points": [
                [
                    1245.7446808510638,
                    682.9787234042553
                ],
                [
                    1235.1063829787233,
                    721.2765957446808
                ],
                [
                    1227.659574468085,
                    751.063829787234
                ],
                [
                    1254.255319148936,
                    769.1489361702127
                ],
                [
                    1269.1489361702127,
                    743.6170212765957
                ],
                [
                    1314.8936170212764,
                    760.6382978723403
                ],
                [
                    1432.9787234042553,
                    784.0425531914893
                ],
                [
                    1521.2765957446807,
                    809.5744680851063
                ],
                [
                    1663.8297872340424,
                    808.5106382978723
                ],
                [
                    1668.0851063829787,
                    1114.8936170212764
                ],
                [
                    1685.1063829787233,
                    1120.2127659574467
                ],
                [
                    1693.6170212765956,
                    811.7021276595744
                ],
                [
                    1802.127659574468,
                    795.7446808510638
                ],
                [
                    1863.8297872340424,
                    791.4893617021277
                ],
                [
                    1896.8085106382978,
                    789.3617021276596
                ],
                [
                    1898.9361702127658,
                    831.9148936170212
                ],
                [
                    2024.468085106383,
                    834.0425531914893
                ],
                [
                    2086.1702127659573,
                    821.2765957446808
                ],
                [
                    2081.9148936170213,
                    786.1702127659574
                ],
                [
                    2096.808510638298,
                    815.9574468085106
                ],
                [
                    2138.2978723404253,
                    778.7234042553191
                ],
                [
                    2132.978723404255,
                    713.8297872340426
                ],
                [
                    1963.8297872340424,
                    603.1914893617021
                ],
                [
                    1895.7446808510638,
                    587.2340425531914
                ],
                [
                    1840.4255319148936,
                    563.8297872340426
                ],
                [
                    1710.6382978723402,
                    555.3191489361702
                ],
                [
                    1578.723404255319,
                    554.2553191489361
                ],
                [
                    1520.2127659574467,
                    565.9574468085106
                ],
                [
                    1430.851063829787,
                    585.1063829787233
                ]
            ],
            "group_id": null,
            "shape_type": "polygon",
            "flags": {}
        },
        {
            "label": "person",
            "points": [
                [
                    1090.4255319148936,
                    975.531914893617
                ],
                [
                    1093.6170212765958,
                    993.6170212765957
                ],
                [
                    1079.787234042553,
                    1053.191489361702
                ],
                [
                    1088.2978723404256,
                    1076.5957446808509
                ],
                [
                    1100.0,
                    1074.468085106383
                ],
                [
                    1097.8723404255318,
                    1101.063829787234
                ],
                [
                    1147.8723404255318,
                    1103.191489361702
                ],
                [
                    1155.3191489361702,
                    1075.5319148936169
                ],
                [
                    1162.7659574468084,
                    1078.723404255319
                ],
                [
                    1176.5957446808509,
                    1061.7021276595744
                ],
                [
                    1171.276595744681,
                    1034.0425531914893
                ],
                [
                    1147.8723404255318,
                    992.5531914893617
                ],
                [
                    1129.787234042553,
                    986.1702127659573
                ],
                [
                    1122.340425531915,
                    962.7659574468084
                ]
            ],
            "group_id": null,
            "shape_type": "polygon",
            "flags": {}
        },
        {
            "label": "person",
            "points": [
                [
                    1240.4907975460121,
                    953.9877300613497
                ],
                [
                    1241.7177914110428,
                    966.2576687116564
                ],
                [
                    1224.5398773006134,
                    975.4601226993865
                ],
                [
                    1217.1779141104294,
                    1011.042944785276
                ],
                [
                    1220.245398773006,
                    1039.2638036809815
                ],
                [
                    1225.1533742331287,
                    1049.079754601227
                ],
                [
                    1236.196319018405,
                    1046.6257668711655
                ],
                [
                    1237.4233128834355,
                    1065.0306748466257
                ],
                [
                    1237.4233128834355,
                    1097.5460122699385
                ],
                [
                    1260.122699386503,
                    1098.1595092024538
                ],
                [
                    1257.0552147239264,
                    1063.803680981595
                ],
                [
                    1271.1656441717791,
                    1049.6932515337423
                ],
                [
                    1272.3926380368098,
                    1011.042944785276
                ],
                [
                    1283.4355828220857,
                    1000.6134969325153
                ],
                [
                    1276.687116564417,
                    977.9141104294478
                ],
                [
                    1259.5092024539877,
                    969.3251533742331
                ],
                [
                    1261.3496932515336,
                    952.1472392638036
                ],
                [
                    1254.6012269938649,
                    944.7852760736196
                ]
            ],
            "group_id": null,
            "shape_type": "polygon",
            "flags": {}
        },
        {
            "label": "person",
            "points": [
                [
                    2125.766871165644,
                    896.9325153374233
                ],
                [
                    2117.7914110429447,
                    905.521472392638
                ],
                [
                    2112.883435582822,
                    918.4049079754601
                ],
                [
                    2114.1104294478528,
                    1026.3803680981594
                ],
                [
                    2126.3803680981596,
                    1026.3803680981594
                ],
                [
                    2133.128834355828,
                    996.3190184049079
                ],
                [
                    2149.079754601227,
                    984.6625766871165
                ],
                [
                    2160.122699386503,
                    953.3742331288342
                ],
                [
                    2155.8282208588957,
                    928.2208588957054
                ],
                [
                    2140.4907975460123,
                    913.4969325153373
                ]
            ],
            "group_id": null,
            "shape_type": "polygon",
            "flags": {}
        },
        {
            "label": "person",
            "points": [
                [
                    1350.920245398773,
                    952.7607361963189
                ],
                [
                    1352.1472392638036,
                    970.5521472392637
                ],
                [
                    1335.5828220858896,
                    977.9141104294478
                ],
                [
                    1320.245398773006,
                    1004.2944785276073
                ],
                [
                    1321.4723926380368,
                    1019.6319018404907
                ],
                [
                    1336.196319018405,
                    1009.8159509202453
                ],
                [
                    1332.5153374233128,
                    1055.8282208588955
                ],
                [
                    1358.8957055214723,
                    1034.3558282208587
                ],
                [
                    1361.3496932515336,
                    1001.2269938650306
                ],
                [
                    1380.9815950920245,
                    990.7975460122699
                ],
                [
                    1385.276073619632,
                    982.8220858895705
                ],
                [
                    1376.687116564417,
                    976.0736196319018
                ],
                [
                    1382.8220858895704,
                    962.5766871165644
                ],
                [
                    1376.687116564417,
                    949.6932515337422
                ]
            ],
            "group_id": null,
            "shape_type": "polygon",
            "flags": {}
        },
        {
            "label": "person",
            "points": [
                [
                    1809.20245398773,
                    965.6441717791411
                ],
                [
                    1814.1104294478525,
                    985.2760736196318
                ],
                [
                    1796.9325153374232,
                    1012.883435582822
                ],
                [
                    1779.7546012269938,
                    1071.1656441717791
                ],
                [
                    1803.0674846625766,
                    1055.2147239263802
                ],
                [
                    1828.2208588957053,
                    1023.3128834355828
                ],
                [
                    1841.7177914110428,
                    983.4355828220858
                ],
                [
                    1854.6012269938649,
                    978.5276073619631
                ],
                [
                    1846.6257668711655,
                    956.441717791411
                ],
                [
                    1823.926380368098,
                    947.239263803681
                ]
            ],
            "group_id": null,
            "shape_type": "polygon",
            "flags": {}
        },
        {
            "label": "person",
            "points": [
                [
                    1717.921568627451,
                    1582.1176470588234
                ],
                [
                    1841.450980392157,
                    1582.1176470588234
                ],
                [
                    1812.0392156862745,
                    1360.549019607843
                ],
                [
                    1810.078431372549,
                    1258.5882352941176
                ],
                [
                    1802.235294117647,
                    1115.450980392157
                ],
                [
                    1776.7450980392157,
                    1054.6666666666667
                ],
                [
                    1764.9803921568628,
                    1011.5294117647059
                ],
                [
                    1749.2941176470588,
                    1093.8823529411764
                ],
                [
                    1733.6078431372548,
                    1105.6470588235295
                ],
                [
                    1729.686274509804,
                    1201.7254901960785
                ],
                [
                    1723.8039215686274,
                    1319.3725490196077
                ],
                [
                    1741.450980392157,
                    1319.3725490196077
                ],
                [
                    1741.450980392157,
                    1507.6078431372548
                ],
                [
                    1704.1960784313726,
                    1540.9411764705883
                ]
            ],
            "group_id": null,
            "shape_type": "polygon",
            "flags": {}
        },
        {
            "label": "person",
            "points": [
                [
                    1165.2173913043478,
                    1007.2463768115941
                ],
                [
                    1193.478260869565,
                    1009.4202898550724
                ],
                [
                    1197.8260869565217,
                    986.2318840579709
                ],
                [
                    1192.7536231884058,
                    936.2318840579709
                ],
                [
                    1178.9855072463768,
                    931.8840579710144
                ],
                [
                    1168.8405797101448,
                    957.9710144927535
                ],
                [
                    1159.4202898550723,
                    969.5652173913043
                ]
            ],
            "group_id": null,
            "shape_type": "polygon",
            "flags": {}
        },
        {
            "label": "person",
            "points": [
                [
                    1296.3768115942028,
                    1052.8985507246375
                ],
                [
                    1309.4202898550723,
                    1044.927536231884
                ],
                [
                    1315.2173913043478,
                    991.3043478260869
                ],
                [
                    1330.4347826086955,
                    985.5072463768115
                ],
                [
                    1313.7681159420288,
                    948.5507246376811
                ],
                [
                    1303.623188405797,
                    939.855072463768
                ],
                [
                    1294.2028985507245,
                    942.7536231884058
                ],
                [
                    1281.8840579710143,
                    959.4202898550724
                ],
                [
                    1286.9565217391303,
                    1005.7971014492753
                ],
                [
                    1293.478260869565,
                    1029.7101449275362
                ]
            ],
            "group_id": null,
            "shape_type": "polygon",
            "flags": {}
        },
        {
            "label": "person",
            "points": [
                [
                    1386.231884057971,
                    981.8840579710144
                ],
                [
                    1399.2753623188405,
                    960.1449275362318
                ],
                [
                    1412.31884057971,
                    949.9999999999999
                ],
                [
                    1421.014492753623,
                    921.0144927536231
                ],
                [
                    1436.231884057971,
                    926.8115942028985
                ],
                [
                    1438.4057971014493,
                    946.3768115942028
                ],
                [
                    1462.31884057971,
                    984.0579710144926
                ],
                [
                    1423.1884057971013,
                    973.9130434782608
                ],
                [
                    1407.9710144927535,
                    982.6086956521739
                ],
                [
                    1395.6521739130433,
                    992.7536231884058
                ]
            ],
            "group_id": null,
            "shape_type": "polygon",
            "flags": {}
        },
        {
            "label": "person",
            "points": [
                [
                    1536.2318840579708,
                    990.5797101449275
                ],
                [
                    1548.550724637681,
                    973.9130434782608
                ],
                [
                    1563.0434782608695,
                    968.8405797101449
                ],
                [
                    1560.8695652173913,
                    928.9855072463768
                ],
                [
                    1582.6086956521738,
                    926.086956521739
                ],
                [
                    1592.0289855072463,
                    939.1304347826086
                ],
                [
                    1591.3043478260868,
                    958.695652173913
                ],
                [
                    1605.7971014492753,
                    978.9855072463768
                ],
                [
                    1582.6086956521738,
                    989.1304347826086
                ],
                [
                    1575.3623188405795,
                    1006.5217391304348
                ],
                [
                    1567.391304347826,
                    1035.5072463768115
                ],
                [
                    1558.695652173913,
                    1049.2753623188405
                ],
                [
                    1560.8695652173913,
                    1015.2173913043478
                ]
            ],
            "group_id": null,
            "shape_type": "polygon",
            "flags": {}
        },
        {
            "label": "person",
            "points": [
                [
                    1762.31884057971,
                    1013.0434782608695
                ],
                [
                    1768.1159420289853,
                    982.6086956521739
                ],
                [
                    1784.782608695652,
                    964.4927536231884
                ],
                [
                    1793.478260869565,
                    956.5217391304348
                ],
                [
                    1804.3478260869563,
                    960.8695652173913
                ],
                [
                    1807.9710144927535,
                    974.6376811594203
                ],
                [
                    1807.9710144927535,
                    989.1304347826086
                ],
                [
                    1786.9565217391303,
                    1015.9420289855071
                ]
            ],
            "group_id": null,
            "shape_type": "polygon",
            "flags": {}
        },
        {
            "label": "person",
            "points": [
                [
                    1514.4927536231883,
                    999.2753623188405
                ],
                [
                    1506.5217391304348,
                    966.6666666666666
                ],
                [
                    1519.5652173913043,
                    949.9999999999999
                ],
                [
                    1522.463768115942,
                    928.9855072463768
                ],
                [
                    1542.0289855072463,
                    931.159420289855
                ],
                [
                    1539.1304347826085,
                    947.8260869565216
                ],
                [
                    1556.5217391304348,
                    971.7391304347825
                ],
                [
                    1540.5797101449275,
                    980.4347826086955
                ],
                [
                    1535.5072463768115,
                    997.1014492753623
                ]
            ],
            "group_id": null,
            "shape_type": "polygon",
            "flags": {}
        },
        {
            "label": "person",
            "points": [
                [
                    2045.6521739130433,
                    967.391304347826
                ],
                [
                    2048.550724637681,
                    928.9855072463768
                ],
                [
                    2063.768115942029,
                    931.8840579710144
                ],
                [
                    2076.086956521739,
                    955.0724637681159
                ],
                [
                    2086.231884057971,
                    971.7391304347825
                ],
                [
                    2076.8115942028985,
                    1031.8840579710145
                ],
                [
                    2065.2173913043475,
                    1035.5072463768115
                ],
                [
                    2055.797101449275,
                    980.4347826086955
                ]
            ],
            "group_id": null,
            "shape_type": "polygon",
            "flags": {}
        },
        {
            "label": "traffic light",
            "points": [
                [
                    2110.1449275362315,
                    890.5797101449275
                ],
                [
                    2120.2898550724635,
                    886.9565217391304
                ],
                [
                    2119.565217391304,
                    865.2173913043478
                ],
                [
                    2105.797101449275,
                    862.3188405797101
                ]
            ],
            "group_id": null,
            "shape_type": "polygon",
            "flags": {}
        }
    ],
    "imagePath": "../../Canon1DsMkIII_PNG/Canon1DsMkIII_0080.PNG",
    "imageData": null,
    "imageHeight": 1876,
    "imageWidth": 2820
}