{
    "version": "4.5.6",
    "flags": {},
    "shapes": [
        {
            "label": "boat",
            "points": [
                [
                    681.404958677686,
                    1369.4214876033059
                ],
                [
                    752.0661157024794,
                    1359.0909090909092
                ],
                [
                    768.1818181818182,
                    1336.7768595041323
                ],
                [
                    768.595041322314,
                    1329.3388429752067
                ],
                [
                    750.8264462809917,
                    1331.8181818181818
                ],
                [
                    709.0909090909091,
                    1339.2561983471076
                ],
                [
                    683.8842975206612,
                    1340.4958677685952
                ],
                [
                    666.9421487603306,
                    1344.6280991735537
                ],
                [
                    665.702479338843,
                    1352.892561983471
                ],
                [
                    666.9421487603306,
                    1358.2644628099174
                ]
            ],
            "group_id": null,
            "shape_type": "polygon",
            "flags": {}
        },
        {
            "label": "boat",
            "points": [
                [
                    259.09803921568624,
                    1527.2156862745098
                ],
                [
                    274.78431372549016,
                    1544.862745098039
                ],
                [
                    308.11764705882354,
                    1552.7058823529412
                ],
                [
                    423.80392156862746,
                    1521.3333333333333
                ],
                [
                    468.9019607843137,
                    1507.6078431372548
                ],
                [
                    441.4509803921569,
                    1497.8039215686274
                ],
                [
                    423.80392156862746,
                    1497.8039215686274
                ],
                [
                    423.80392156862746,
                    1466.4313725490197
                ],
                [
                    361.05882352941177,
                    1458.5882352941176
                ],
                [
                    349.29411764705884,
                    1474.2745098039215
                ],
                [
                    286.54901960784315,
                    1501.7254901960785
                ]
            ],
            "group_id": null,
            "shape_type": "polygon",
            "flags": {}
        }
    ],
    "imagePath": "../../Canon1DsMkIII_PNG/Canon1DsMkIII_0244.PNG",
    "imageData": null,
    "imageHeight": 1876,
    "imageWidth": 2820
}