{
    "version": "4.5.6",
    "flags": {},
    "shapes": [
        {
            "label": "umbrella",
            "points": [
                [
                    210.078431372549,
                    748.7843137254902
                ],
                [
                    215.96078431372547,
                    791.9215686274509
                ],
                [
                    429.68627450980387,
                    1203.686274509804
                ],
                [
                    414.0,
                    1225.2549019607843
                ],
                [
                    429.68627450980387,
                    1301.7254901960785
                ],
                [
                    425.7647058823529,
                    1419.3725490196077
                ],
                [
                    439.4901960784314,
                    1468.392156862745
                ],
                [
                    419.88235294117646,
                    1505.6470588235293
                ],
                [
                    461.0588235294117,
                    1519.3725490196077
                ],
                [
                    472.82352941176475,
                    1568.392156862745
                ],
                [
                    502.2352941176471,
                    1599.764705882353
                ],
                [
                    517.9215686274509,
                    1589.9607843137255
                ],
                [
                    568.9019607843137,
                    1642.9019607843136
                ],
                [
                    598.313725490196,
                    1633.0980392156862
                ],
                [
                    623.8039215686274,
                    1623.2941176470588
                ],
                [
                    637.5294117647059,
                    1601.7254901960785
                ],
                [
                    663.0196078431372,
                    1672.313725490196
                ],
                [
                    778.7058823529412,
                    1695.8431372549019
                ],
                [
                    764.9803921568628,
                    1627.2156862745098
                ],
                [
                    731.6470588235294,
                    1554.6666666666667
                ],
                [
                    723.8039215686274,
                    1486.0392156862745
                ],
                [
                    708.1176470588235,
                    1456.627450980392
                ],
                [
                    708.1176470588235,
                    1437.0196078431372
                ],
                [
                    745.3725490196078,
                    1374.2745098039215
                ],
                [
                    757.1372549019608,
                    1342.9019607843138
                ],
                [
                    721.843137254902,
                    1344.862745098039
                ],
                [
                    688.5098039215686,
                    1360.549019607843
                ],
                [
                    678.7058823529412,
                    1370.3529411764705
                ],
                [
                    674.7843137254902,
                    1307.6078431372548
                ],
                [
                    655.1764705882352,
                    1293.8823529411764
                ],
                [
                    635.5686274509803,
                    1217.4117647058824
                ],
                [
                    619.8823529411765,
                    1201.7254901960785
                ],
                [
                    621.843137254902,
                    1174.2745098039215
                ],
                [
                    610.0784313725491,
                    1135.0588235294117
                ],
                [
                    586.5490196078431,
                    1119.3725490196077
                ],
                [
                    559.0980392156863,
                    1146.8235294117646
                ],
                [
                    555.1764705882352,
                    1127.2156862745098
                ],
                [
                    533.6078431372549,
                    1111.5294117647059
                ],
                [
                    523.8039215686274,
                    1129.1764705882354
                ],
                [
                    527.7254901960785,
                    1189.9607843137255
                ],
                [
                    508.11764705882354,
                    1156.627450980392
                ],
                [
                    496.3529411764706,
                    1146.8235294117646
                ],
                [
                    488.5098039215686,
                    1127.2156862745098
                ],
                [
                    474.78431372549016,
                    1131.1372549019607
                ],
                [
                    319.88235294117646,
                    733.0980392156863
                ],
                [
                    290.4705882352941,
                    711.5294117647059
                ],
                [
                    255.1764705882353,
                    711.5294117647059
                ],
                [
                    223.80392156862746,
                    729.1764705882352
                ]
            ],
            "group_id": null,
            "shape_type": "polygon",
            "flags": {}
        },
        {
            "label": "umbrella",
            "points": [
                [
                    286.54901960784315,
                    431.1372549019608
                ],
                [
                    310.078431372549,
                    429.1764705882353
                ],
                [
                    339.4901960784314,
                    407.6078431372549
                ],
                [
                    304.19607843137254,
                    344.8627450980392
                ],
                [
                    300.27450980392155,
                    291.921568627451
                ],
                [
                    317.921568627451,
                    240.94117647058823
                ],
                [
                    366.94117647058823,
                    233.09803921568627
                ],
                [
                    439.4901960784314,
                    278.19607843137254
                ],
                [
                    512.0392156862745,
                    537.0196078431372
                ],
                [
                    555.1764705882352,
                    707.6078431372549
                ],
                [
                    543.4117647058823,
                    711.5294117647059
                ],
                [
                    533.6078431372549,
                    680.156862745098
                ],
                [
                    521.843137254902,
                    697.8039215686274
                ],
                [
                    523.8039215686274,
                    735.0588235294117
                ],
                [
                    517.9215686274509,
                    827.2156862745098
                ],
                [
                    525.7647058823529,
                    972.313725490196
                ],
                [
                    525.7647058823529,
                    1056.627450980392
                ],
                [
                    515.9607843137255,
                    1078.1960784313726
                ],
                [
                    529.6862745098039,
                    1093.8823529411764
                ],
                [
                    535.5686274509803,
                    1109.5686274509803
                ],
                [
                    551.2549019607843,
                    1125.2549019607843
                ],
                [
                    563.0196078431372,
                    1144.862745098039
                ],
                [
                    580.6666666666666,
                    1119.3725490196077
                ],
                [
                    612.0392156862745,
                    1137.0196078431372
                ],
                [
                    623.8039215686274,
                    1174.2745098039215
                ],
                [
                    617.9215686274509,
                    1205.6470588235293
                ],
                [
                    639.4901960784314,
                    1221.3333333333333
                ],
                [
                    651.2549019607843,
                    1299.764705882353
                ],
                [
                    674.7843137254902,
                    1311.5294117647059
                ],
                [
                    676.7450980392157,
                    1368.392156862745
                ],
                [
                    692.4313725490196,
                    1358.5882352941176
                ],
                [
                    725.7647058823529,
                    1344.862745098039
                ],
                [
                    763.0196078431372,
                    1342.9019607843138
                ],
                [
                    747.3333333333334,
                    1374.2745098039215
                ],
                [
                    704.1960784313725,
                    1438.9803921568628
                ],
                [
                    710.0784313725491,
                    1464.4705882352941
                ],
                [
                    729.6862745098039,
                    1491.921568627451
                ],
                [
                    729.6862745098039,
                    1552.7058823529412
                ],
                [
                    766.9411764705882,
                    1627.2156862745098
                ],
                [
                    778.7058823529412,
                    1699.764705882353
                ],
                [
                    804.1960784313725,
                    1689.9607843137255
                ],
                [
                    823.8039215686274,
                    1611.5294117647059
                ],
                [
                    817.9215686274509,
                    1505.6470588235293
                ],
                [
                    814.0,
                    1413.4901960784314
                ],
                [
                    800.2745098039215,
                    1333.0980392156862
                ],
                [
                    786.5490196078431,
                    1266.4313725490197
                ],
                [
                    788.5098039215686,
                    1237.0196078431372
                ],
                [
                    739.4901960784314,
                    1133.0980392156862
                ],
                [
                    755.1764705882352,
                    1119.3725490196077
                ],
                [
                    763.0196078431372,
                    1103.686274509804
                ],
                [
                    747.3333333333334,
                    1099.764705882353
                ],
                [
                    745.3725490196078,
                    1086.0392156862745
                ],
                [
                    772.8235294117646,
                    1015.4509803921569
                ],
                [
                    739.4901960784314,
                    1005.6470588235294
                ],
                [
                    733.6078431372549,
                    986.0392156862745
                ],
                [
                    717.9215686274509,
                    974.2745098039215
                ],
                [
                    710.0784313725491,
                    952.7058823529411
                ],
                [
                    692.4313725490196,
                    905.6470588235294
                ],
                [
                    686.5490196078431,
                    878.1960784313725
                ],
                [
                    680.6666666666666,
                    864.4705882352941
                ],
                [
                    674.7843137254902,
                    835.0588235294117
                ],
                [
                    674.7843137254902,
                    811.5294117647059
                ],
                [
                    657.1372549019608,
                    758.5882352941177
                ],
                [
                    647.3333333333334,
                    697.8039215686274
                ],
                [
                    635.5686274509803,
                    691.9215686274509
                ],
                [
                    627.7254901960785,
                    672.313725490196
                ],
                [
                    623.8039215686274,
                    684.0784313725491
                ],
                [
                    612.0392156862745,
                    682.1176470588235
                ],
                [
                    561.0588235294117,
                    468.3921568627451
                ],
                [
                    519.8823529411765,
                    299.7647058823529
                ],
                [
                    476.7450980392157,
                    233.09803921568627
                ],
                [
                    410.078431372549,
                    182.11764705882354
                ],
                [
                    317.921568627451,
                    170.35294117647058
                ],
                [
                    259.09803921568624,
                    221.33333333333334
                ],
                [
                    233.60784313725492,
                    288.0
                ],
                [
                    237.52941176470586,
                    348.78431372549016
                ]
            ],
            "group_id": null,
            "shape_type": "polygon",
            "flags": {}
        },
        {
            "label": "umbrella",
            "points": [
                [
                    825.7647058823529,
                    668.3921568627451
                ],
                [
                    851.2549019607843,
                    1009.5686274509803
                ],
                [
                    841.4509803921568,
                    980.156862745098
                ],
                [
                    827.7254901960785,
                    991.9215686274509
                ],
                [
                    825.7647058823529,
                    1011.5294117647059
                ],
                [
                    806.156862745098,
                    1029.1764705882354
                ],
                [
                    821.843137254902,
                    1040.9411764705883
                ],
                [
                    808.1176470588235,
                    1056.627450980392
                ],
                [
                    815.9607843137255,
                    1193.8823529411764
                ],
                [
                    790.4705882352941,
                    1235.0588235294117
                ],
                [
                    784.5882352941177,
                    1266.4313725490197
                ],
                [
                    806.156862745098,
                    1340.9411764705883
                ],
                [
                    814.0,
                    1413.4901960784314
                ],
                [
                    821.843137254902,
                    1507.6078431372548
                ],
                [
                    823.8039215686274,
                    1615.450980392157
                ],
                [
                    808.1176470588235,
                    1689.9607843137255
                ],
                [
                    949.2941176470588,
                    1672.313725490196
                ],
                [
                    1027.7254901960785,
                    1621.3333333333333
                ],
                [
                    1023.8039215686274,
                    1593.8823529411764
                ],
                [
                    1029.686274509804,
                    1570.3529411764705
                ],
                [
                    1008.1176470588234,
                    1507.6078431372548
                ],
                [
                    1000.2745098039215,
                    1409.5686274509803
                ],
                [
                    986.5490196078431,
                    1384.078431372549
                ],
                [
                    994.392156862745,
                    1305.6470588235293
                ],
                [
                    984.5882352941176,
                    1233.0980392156862
                ],
                [
                    976.7450980392157,
                    1180.1568627450981
                ],
                [
                    972.8235294117646,
                    1158.5882352941176
                ],
                [
                    961.0588235294117,
                    1015.4509803921569
                ],
                [
                    949.2941176470588,
                    1033.0980392156862
                ],
                [
                    935.5686274509803,
                    1005.6470588235294
                ],
                [
                    923.8039215686274,
                    984.078431372549
                ],
                [
                    919.8823529411765,
                    982.1176470588235
                ],
                [
                    904.1960784313725,
                    740.9411764705882
                ],
                [
                    919.8823529411765,
                    786.0392156862745
                ],
                [
                    947.3333333333333,
                    880.156862745098
                ],
                [
                    951.2549019607843,
                    927.2156862745098
                ],
                [
                    939.4901960784314,
                    964.4705882352941
                ],
                [
                    947.3333333333333,
                    991.9215686274509
                ],
                [
                    964.9803921568628,
                    1011.5294117647059
                ],
                [
                    1000.2745098039215,
                    1005.6470588235294
                ],
                [
                    1012.0392156862745,
                    993.8823529411765
                ],
                [
                    1027.7254901960785,
                    946.8235294117646
                ],
                [
                    1027.7254901960785,
                    878.1960784313725
                ],
                [
                    1004.1960784313726,
                    770.3529411764706
                ],
                [
                    953.2156862745098,
                    644.8627450980392
                ],
                [
                    906.156862745098,
                    595.843137254902
                ],
                [
                    861.0588235294117,
                    593.8823529411765
                ],
                [
                    831.6470588235294,
                    617.4117647058823
                ]
            ],
            "group_id": null,
            "shape_type": "polygon",
            "flags": {}
        },
        {
            "label": "umbrella",
            "points": [
                [
                    1225.764705882353,
                    529.1764705882352
                ],
                [
                    1196.3529411764705,
                    695.843137254902
                ],
                [
                    1208.1176470588234,
                    738.9803921568628
                ],
                [
                    1196.3529411764705,
                    760.5490196078431
                ],
                [
                    1139.4901960784314,
                    1125.2549019607843
                ],
                [
                    1121.8431372549019,
                    1140.9411764705883
                ],
                [
                    1121.8431372549019,
                    1038.9803921568628
                ],
                [
                    1123.8039215686274,
                    1007.6078431372549
                ],
                [
                    1123.8039215686274,
                    980.156862745098
                ],
                [
                    1114.0,
                    980.156862745098
                ],
                [
                    1102.235294117647,
                    1031.1372549019607
                ],
                [
                    1082.627450980392,
                    1042.9019607843138
                ],
                [
                    1088.5098039215686,
                    1003.6862745098039
                ],
                [
                    1076.7450980392157,
                    999.7647058823529
                ],
                [
                    1076.7450980392157,
                    1027.2156862745098
                ],
                [
                    1064.9803921568628,
                    1058.5882352941176
                ],
                [
                    1025.764705882353,
                    1225.2549019607843
                ],
                [
                    1059.0980392156862,
                    1350.7450980392157
                ],
                [
                    1061.0588235294117,
                    1407.6078431372548
                ],
                [
                    1029.686274509804,
                    1407.6078431372548
                ],
                [
                    1002.2352941176471,
                    1348.7843137254902
                ],
                [
                    988.5098039215686,
                    1364.4705882352941
                ],
                [
                    992.4313725490197,
                    1388.0
                ],
                [
                    1000.2745098039215,
                    1411.5294117647059
                ],
                [
                    1008.1176470588234,
                    1503.686274509804
                ],
                [
                    1027.7254901960785,
                    1570.3529411764705
                ],
                [
                    1025.764705882353,
                    1621.3333333333333
                ],
                [
                    1088.5098039215686,
                    1566.4313725490197
                ],
                [
                    1110.078431372549,
                    1554.6666666666667
                ],
                [
                    1119.8823529411764,
                    1531.1372549019607
                ],
                [
                    1153.2156862745098,
                    1470.3529411764705
                ],
                [
                    1188.5098039215686,
                    1384.078431372549
                ],
                [
                    1227.7254901960785,
                    1242.9019607843138
                ],
                [
                    1194.392156862745,
                    1176.235294117647
                ],
                [
                    1212.0392156862745,
                    1074.2745098039215
                ],
                [
                    1210.078431372549,
                    1064.4705882352941
                ],
                [
                    1219.8823529411764,
                    1023.2941176470588
                ],
                [
                    1204.1960784313726,
                    1017.4117647058824
                ],
                [
                    1261.0588235294117,
                    774.2745098039215
                ],
                [
                    1247.3333333333333,
                    762.5098039215686
                ],
                [
                    1251.2549019607843,
                    750.7450980392157
                ],
                [
                    1274.7843137254902,
                    733.0980392156863
                ],
                [
                    1310.078431372549,
                    550.7450980392157
                ],
                [
                    1294.392156862745,
                    529.1764705882352
                ],
                [
                    1266.9411764705883,
                    521.3333333333334
                ],
                [
                    1247.3333333333333,
                    521.3333333333334
                ]
            ],
            "group_id": null,
            "shape_type": "polygon",
            "flags": {}
        },
        {
            "label": "dining table",
            "points": [
                [
                    1280.6666666666667,
                    1088.0
                ],
                [
                    1043,
                    1875
                ],
                [
                    2819,
                    1875
                ],
                [
                    2819,
                    1199
                ]
            ],
            "group_id": null,
            "shape_type": "polygon",
            "flags": {}
        }
    ],
    "imagePath": "../../Canon1DsMkIII_PNG/Canon1DsMkIII_0178.PNG",
    "imageData": null,
    "imageHeight": 1876,
    "imageWidth": 2820
}