{
    "version": "4.5.6",
    "flags": {},
    "shapes": [
        {
            "label": "person",
            "points": [
                [
                    200.27450980392155,
                    1052.7058823529412
                ],
                [
                    170.86274509803923,
                    1072.313725490196
                ],
                [
                    163.01960784313724,
                    1135.0588235294117
                ],
                [
                    139.49019607843138,
                    1158.5882352941176
                ],
                [
                    135.5686274509804,
                    1250.7450980392157
                ],
                [
                    141.45098039215685,
                    1264.4705882352941
                ],
                [
                    159.09803921568627,
                    1250.7450980392157
                ],
                [
                    149.2941176470588,
                    1307.6078431372548
                ],
                [
                    166.94117647058823,
                    1388.0
                ],
                [
                    176.7450980392157,
                    1419.3725490196077
                ],
                [
                    184.58823529411762,
                    1444.862745098039
                ],
                [
                    202.23529411764707,
                    1574.2745098039215
                ],
                [
                    188.50980392156862,
                    1586.0392156862745
                ],
                [
                    168.90196078431373,
                    1589.9607843137255
                ],
                [
                    170.86274509803923,
                    1603.686274509804
                ],
                [
                    231.6470588235294,
                    1609.5686274509803
                ],
                [
                    241.45098039215685,
                    1586.0392156862745
                ],
                [
                    239.49019607843138,
                    1415.450980392157
                ],
                [
                    255.1764705882353,
                    1386.0392156862745
                ],
                [
                    257.1372549019608,
                    1348.7843137254902
                ],
                [
                    278.70588235294116,
                    1346.8235294117646
                ],
                [
                    278.70588235294116,
                    1248.7843137254902
                ],
                [
                    294.3921568627451,
                    1233.0980392156862
                ],
                [
                    282.62745098039215,
                    1160.549019607843
                ],
                [
                    253.21568627450978,
                    1115.450980392157
                ],
                [
                    241.45098039215685,
                    1066.4313725490197
                ]
            ],
            "group_id": null,
            "shape_type": "polygon",
            "flags": {}
        },
        {
            "label": "person",
            "points": [
                [
                    361.05882352941177,
                    1021.3333333333333
                ],
                [
                    355.1764705882353,
                    1064.4705882352941
                ],
                [
                    325.7647058823529,
                    1084.078431372549
                ],
                [
                    300.27450980392155,
                    1144.862745098039
                ],
                [
                    300.27450980392155,
                    1166.4313725490197
                ],
                [
                    290.4705882352941,
                    1231.1372549019607
                ],
                [
                    294.3921568627451,
                    1258.5882352941176
                ],
                [
                    312.03921568627453,
                    1260.549019607843
                ],
                [
                    325.7647058823529,
                    1162.5098039215686
                ],
                [
                    321.84313725490193,
                    1244.862745098039
                ],
                [
                    319.88235294117646,
                    1311.5294117647059
                ],
                [
                    321.84313725490193,
                    1346.8235294117646
                ],
                [
                    363.01960784313724,
                    1354.6666666666667
                ],
                [
                    376.7450980392157,
                    1297.8039215686274
                ],
                [
                    386.54901960784315,
                    1346.8235294117646
                ],
                [
                    421.84313725490193,
                    1350.7450980392157
                ],
                [
                    437.52941176470586,
                    1272.313725490196
                ],
                [
                    423.80392156862746,
                    1166.4313725490197
                ],
                [
                    431.6470588235294,
                    1188.0
                ],
                [
                    439.4901960784314,
                    1280.1568627450981
                ],
                [
                    457.1372549019608,
                    1284.078431372549
                ],
                [
                    468.9019607843137,
                    1268.392156862745
                ],
                [
                    459.0980392156863,
                    1233.0980392156862
                ],
                [
                    457.1372549019608,
                    1164.4705882352941
                ],
                [
                    457.1372549019608,
                    1138.9803921568628
                ],
                [
                    439.4901960784314,
                    1091.921568627451
                ],
                [
                    408.11764705882354,
                    1058.5882352941176
                ],
                [
                    415.96078431372547,
                    1046.8235294117646
                ],
                [
                    404.19607843137254,
                    1031.1372549019607
                ],
                [
                    394.3921568627451,
                    1005.6470588235294
                ]
            ],
            "group_id": null,
            "shape_type": "polygon",
            "flags": {}
        },
        {
            "label": "person",
            "points": [
                [
                    2080.6666666666665,
                    497.80392156862746
                ],
                [
                    2078.705882352941,
                    513.4901960784314
                ],
                [
                    2076.510067114094,
                    522.1476510067114
                ],
                [
                    2067.1140939597317,
                    529.5302013422819
                ],
                [
                    2063.087248322148,
                    551.006711409396
                ],
                [
                    2073.1543624161072,
                    553.0201342281879
                ],
                [
                    2075.8389261744965,
                    567.7852348993289
                ],
                [
                    2104.026845637584,
                    565.771812080537
                ],
                [
                    2108.0536912751677,
                    539.5973154362416
                ],
                [
                    2102.013422818792,
                    524.1610738255033
                ],
                [
                    2100.0,
                    509.3959731543624
                ],
                [
                    2095.3020134228186,
                    495.3020134228188
                ]
            ],
            "group_id": null,
            "shape_type": "polygon",
            "flags": {}
        },
        {
            "label": "handbag",
            "points": [
                [
                    2106.040268456376,
                    540.2684563758389
                ],
                [
                    2103.3557046979868,
                    551.006711409396
                ],
                [
                    2105.3691275167785,
                    565.771812080537
                ],
                [
                    2120.8053691275168,
                    566.4429530201343
                ],
                [
                    2117.44966442953,
                    549.6644295302013
                ]
            ],
            "group_id": null,
            "shape_type": "polygon",
            "flags": {}
        },
        {
            "label": "person",
            "points": [
                [
                    2132.8859060402683,
                    515.4362416107383
                ],
                [
                    2128.8590604026845,
                    526.1744966442953
                ],
                [
                    2131.5436241610737,
                    537.5838926174497
                ],
                [
                    2128.1879194630874,
                    553.0201342281879
                ],
                [
                    2130.201342281879,
                    583.8926174496644
                ],
                [
                    2150.3355704697988,
                    581.8791946308725
                ],
                [
                    2147.6510067114095,
                    571.1409395973154
                ],
                [
                    2151.006711409396,
                    562.4161073825503
                ],
                [
                    2161.0738255033557,
                    557.7181208053692
                ],
                [
                    2148.993288590604,
                    534.8993288590605
                ],
                [
                    2152.3489932885905,
                    516.7785234899329
                ],
                [
                    2141.6107382550335,
                    512.0805369127517
                ]
            ],
            "group_id": null,
            "shape_type": "polygon",
            "flags": {}
        }
    ],
    "imagePath": "../../Canon1DsMkIII_PNG/Canon1DsMkIII_0101.PNG",
    "imageData": null,
    "imageHeight": 1876,
    "imageWidth": 2820
}