{
    "version": "4.5.6",
    "flags": {},
    "shapes": [
        {
            "label": "car",
            "points": [
                [
                    1068.9019607843138,
                    940.9411764705882
                ],
                [
                    988.5098039215686,
                    1082.1176470588234
                ],
                [
                    982.627450980392,
                    1062.5098039215686
                ],
                [
                    925.7647058823529,
                    1062.5098039215686
                ],
                [
                    923.8039215686274,
                    1086.0392156862745
                ],
                [
                    929.6862745098039,
                    1105.6470588235295
                ],
                [
                    966.9411764705883,
                    1109.5686274509803
                ],
                [
                    970.8627450980391,
                    1125.2549019607843
                ],
                [
                    941.4509803921569,
                    1152.7058823529412
                ],
                [
                    884.5882352941177,
                    1221.3333333333333
                ],
                [
                    855.1764705882352,
                    1268.392156862745
                ],
                [
                    851.2549019607843,
                    1327.2156862745098
                ],
                [
                    831.6470588235294,
                    1354.6666666666667
                ],
                [
                    841.4509803921568,
                    1401.7254901960785
                ],
                [
                    868.9019607843137,
                    1452.7058823529412
                ],
                [
                    876.7450980392157,
                    1472.313725490196
                ],
                [
                    890.4705882352941,
                    1519.3725490196077
                ],
                [
                    931.6470588235294,
                    1537.0196078431372
                ],
                [
                    974.7843137254902,
                    1519.3725490196077
                ],
                [
                    994.392156862745,
                    1476.235294117647
                ],
                [
                    1015.9607843137255,
                    1480.1568627450981
                ],
                [
                    1029.686274509804,
                    1488.0
                ],
                [
                    1335.5686274509803,
                    1486.0392156862745
                ],
                [
                    1384.5882352941176,
                    1488.0
                ],
                [
                    1392.4313725490197,
                    1472.313725490196
                ],
                [
                    1484.5882352941176,
                    1476.235294117647
                ],
                [
                    1498.313725490196,
                    1519.3725490196077
                ],
                [
                    1527.7254901960785,
                    1538.9803921568628
                ],
                [
                    1574.7843137254902,
                    1523.2941176470588
                ],
                [
                    1582.627450980392,
                    1486.0392156862745
                ],
                [
                    1586.549019607843,
                    1417.4117647058824
                ],
                [
                    1598.313725490196,
                    1411.5294117647059
                ],
                [
                    1604.1960784313726,
                    1342.9019607843138
                ],
                [
                    1621.8431372549019,
                    1356.627450980392
                ],
                [
                    1643.4117647058824,
                    1333.0980392156862
                ],
                [
                    1649.2941176470588,
                    1238.9803921568628
                ],
                [
                    1661.0588235294117,
                    1180.1568627450981
                ],
                [
                    1670.862745098039,
                    1133.0980392156862
                ],
                [
                    1655.1764705882354,
                    1119.3725490196077
                ],
                [
                    1639.4901960784314,
                    1021.3333333333333
                ],
                [
                    1615.9607843137255,
                    1007.6078431372549
                ],
                [
                    1561.0588235294117,
                    903.6862745098039
                ],
                [
                    1525.764705882353,
                    886.0392156862745
                ],
                [
                    1353.2156862745098,
                    878.1960784313725
                ],
                [
                    1337.5294117647059,
                    856.6274509803922
                ],
                [
                    1261.0588235294117,
                    860.5490196078431
                ],
                [
                    1239.4901960784314,
                    889.9607843137255
                ],
                [
                    1145.3725490196077,
                    901.7254901960785
                ],
                [
                    1094.392156862745,
                    921.3333333333334
                ]
            ],
            "group_id": null,
            "shape_type": "polygon",
            "flags": {}
        },
        {
            "label": "car",
            "points": [
                [
                    619.8823529411765,
                    952.7058823529411
                ],
                [
                    572.8235294117646,
                    988.0
                ],
                [
                    553.2156862745098,
                    1009.5686274509803
                ],
                [
                    553.2156862745098,
                    1044.862745098039
                ],
                [
                    559.0980392156863,
                    1082.1176470588234
                ],
                [
                    559.0980392156863,
                    1111.5294117647059
                ],
                [
                    574.7843137254902,
                    1137.0196078431372
                ],
                [
                    621.843137254902,
                    1133.0980392156862
                ],
                [
                    629.6862745098039,
                    1123.2941176470588
                ],
                [
                    872.8235294117646,
                    1113.4901960784314
                ],
                [
                    880.6666666666666,
                    1137.0196078431372
                ],
                [
                    921.843137254902,
                    1131.1372549019607
                ],
                [
                    929.6862745098039,
                    1123.2941176470588
                ],
                [
                    937.5294117647059,
                    1056.627450980392
                ],
                [
                    990.4705882352941,
                    1062.5098039215686
                ],
                [
                    1066.9411764705883,
                    937.0196078431372
                ],
                [
                    1066.9411764705883,
                    927.2156862745098
                ],
                [
                    1039.4901960784314,
                    921.3333333333334
                ],
                [
                    1019.8823529411764,
                    911.5294117647059
                ],
                [
                    998.313725490196,
                    874.2745098039215
                ],
                [
                    945.3725490196077,
                    854.6666666666666
                ],
                [
                    864.9803921568628,
                    854.6666666666666
                ],
                [
                    755.1764705882352,
                    860.5490196078431
                ],
                [
                    708.1176470588235,
                    868.3921568627451
                ],
                [
                    670.8627450980392,
                    899.7647058823529
                ],
                [
                    653.2156862745098,
                    919.3725490196078
                ],
                [
                    614.0,
                    923.2941176470588
                ]
            ],
            "group_id": null,
            "shape_type": "polygon",
            "flags": {}
        },
        {
            "label": "car",
            "points": [
                [
                    2050.4761904761904,
                    864.7619047619047
                ],
                [
                    2056.190476190476,
                    918.0952380952381
                ],
                [
                    2106.6666666666665,
                    923.8095238095237
                ],
                [
                    2113.333333333333,
                    895.2380952380952
                ],
                [
                    2200.9523809523807,
                    894.2857142857142
                ],
                [
                    2208.5714285714284,
                    917.1428571428571
                ],
                [
                    2448.5714285714284,
                    910.4761904761905
                ],
                [
                    2464.7619047619046,
                    910.4761904761905
                ],
                [
                    2497.142857142857,
                    872.3809523809523
                ],
                [
                    2509.5238095238096,
                    812.3809523809523
                ],
                [
                    2509.5238095238096,
                    793.3333333333333
                ],
                [
                    2464.7619047619046,
                    777.1428571428571
                ],
                [
                    2456.190476190476,
                    773.3333333333333
                ],
                [
                    2452.3809523809523,
                    765.7142857142857
                ],
                [
                    2434.285714285714,
                    767.6190476190476
                ],
                [
                    2412.3809523809523,
                    767.6190476190476
                ],
                [
                    2319.047619047619,
                    773.3333333333333
                ],
                [
                    2291.4285714285716,
                    779.047619047619
                ],
                [
                    2222.8571428571427,
                    819.047619047619
                ],
                [
                    2214.285714285714,
                    823.8095238095237
                ],
                [
                    2077.142857142857,
                    845.7142857142857
                ]
            ],
            "group_id": null,
            "shape_type": "polygon",
            "flags": {}
        },
        {
            "label": "car",
            "points": [
                [
                    1439.047619047619,
                    794.2857142857142
                ],
                [
                    1405.7142857142856,
                    842.8571428571428
                ],
                [
                    1405.7142857142856,
                    830.4761904761905
                ],
                [
                    1390.4761904761904,
                    831.4285714285714
                ],
                [
                    1385.7142857142856,
                    839.047619047619
                ],
                [
                    1394.2857142857142,
                    842.8571428571428
                ],
                [
                    1397.142857142857,
                    849.5238095238095
                ],
                [
                    1394.2857142857142,
                    860.952380952381
                ],
                [
                    1387.6190476190475,
                    880.952380952381
                ],
                [
                    1527.6190476190475,
                    888.5714285714286
                ],
                [
                    1560.0,
                    904.7619047619047
                ],
                [
                    1572.3809523809523,
                    929.5238095238095
                ],
                [
                    1592.3809523809523,
                    923.8095238095237
                ],
                [
                    1597.142857142857,
                    896.1904761904761
                ],
                [
                    1598.095238095238,
                    863.8095238095237
                ],
                [
                    1594.2857142857142,
                    840.0
                ],
                [
                    1584.7619047619046,
                    820.952380952381
                ],
                [
                    1589.5238095238094,
                    806.6666666666666
                ],
                [
                    1575.2380952380952,
                    804.7619047619047
                ],
                [
                    1571.4285714285713,
                    810.4761904761905
                ],
                [
                    1558.095238095238,
                    793.3333333333333
                ],
                [
                    1521.904761904762,
                    789.5238095238095
                ],
                [
                    1491.4285714285713,
                    788.5714285714286
                ],
                [
                    1460.0,
                    791.4285714285714
                ]
            ],
            "group_id": null,
            "shape_type": "polygon",
            "flags": {}
        },
        {
            "label": "car",
            "points": [
                [
                    651.4285714285714,
                    793.3333333333333
                ],
                [
                    637.1428571428571,
                    845.7142857142857
                ],
                [
                    816.1904761904761,
                    837.1428571428571
                ],
                [
                    941.9047619047618,
                    826.6666666666666
                ],
                [
                    915.2380952380952,
                    780.0
                ],
                [
                    895.2380952380952,
                    775.2380952380952
                ],
                [
                    826.6666666666666,
                    774.2857142857142
                ],
                [
                    768.5714285714286,
                    774.2857142857142
                ],
                [
                    713.3333333333333,
                    779.047619047619
                ],
                [
                    672.3809523809524,
                    783.8095238095237
                ]
            ],
            "group_id": null,
            "shape_type": "polygon",
            "flags": {}
        },
        {
            "label": "car",
            "points": [
                [
                    942.8571428571428,
                    830.4761904761905
                ],
                [
                    939.047619047619,
                    851.4285714285714
                ],
                [
                    974.2857142857142,
                    864.7619047619047
                ],
                [
                    998.0952380952381,
                    873.3333333333333
                ],
                [
                    1020.952380952381,
                    915.2380952380952
                ],
                [
                    1040.0,
                    922.8571428571428
                ],
                [
                    1115.2380952380952,
                    908.5714285714286
                ],
                [
                    1163.8095238095239,
                    894.2857142857142
                ],
                [
                    1160.952380952381,
                    872.3809523809523
                ],
                [
                    1148.5714285714284,
                    859.047619047619
                ],
                [
                    1125.7142857142858,
                    853.3333333333333
                ],
                [
                    1124.7619047619048,
                    843.8095238095237
                ],
                [
                    1140.0,
                    842.8571428571428
                ],
                [
                    1135.2380952380952,
                    835.2380952380952
                ],
                [
                    1118.095238095238,
                    835.2380952380952
                ],
                [
                    1106.6666666666665,
                    823.8095238095237
                ],
                [
                    1080.952380952381,
                    806.6666666666666
                ],
                [
                    1047.6190476190475,
                    805.7142857142857
                ],
                [
                    1004.7619047619047,
                    810.4761904761905
                ],
                [
                    977.1428571428571,
                    815.2380952380952
                ],
                [
                    953.3333333333333,
                    820.952380952381
                ]
            ],
            "group_id": null,
            "shape_type": "polygon",
            "flags": {}
        },
        {
            "label": "car",
            "points": [
                [
                    1101.904761904762,
                    821.9047619047619
                ],
                [
                    1106.6666666666665,
                    807.6190476190476
                ],
                [
                    1131.4285714285713,
                    801.9047619047619
                ],
                [
                    1162.857142857143,
                    797.1428571428571
                ],
                [
                    1214.2857142857142,
                    796.1904761904761
                ],
                [
                    1221.904761904762,
                    799.047619047619
                ],
                [
                    1233.3333333333333,
                    820.0
                ],
                [
                    1251.4285714285713,
                    829.5238095238095
                ],
                [
                    1252.3809523809523,
                    861.9047619047618
                ],
                [
                    1243.8095238095239,
                    877.1428571428571
                ],
                [
                    1161.904761904762,
                    895.2380952380952
                ],
                [
                    1163.8095238095239,
                    870.4761904761905
                ],
                [
                    1148.5714285714284,
                    857.1428571428571
                ],
                [
                    1124.7619047619048,
                    853.3333333333333
                ],
                [
                    1124.7619047619048,
                    842.8571428571428
                ],
                [
                    1141.904761904762,
                    843.8095238095237
                ],
                [
                    1134.2857142857142,
                    834.2857142857142
                ],
                [
                    1119.047619047619,
                    836.1904761904761
                ]
            ],
            "group_id": null,
            "shape_type": "polygon",
            "flags": {}
        },
        {
            "label": "person",
            "points": [
                [
                    1098.7951807228915,
                    770.4819277108433
                ],
                [
                    1095.7831325301204,
                    776.5060240963854
                ],
                [
                    1098.7951807228915,
                    786.144578313253
                ],
                [
                    1092.168674698795,
                    790.9638554216867
                ],
                [
                    1087.9518072289156,
                    804.8192771084337
                ],
                [
                    1087.3493975903614,
                    809.0361445783132
                ],
                [
                    1092.7710843373493,
                    813.2530120481927
                ],
                [
                    1095.7831325301204,
                    801.2048192771084
                ],
                [
                    1097.590361445783,
                    809.0361445783132
                ],
                [
                    1095.7831325301204,
                    816.2650602409637
                ],
                [
                    1102.4096385542168,
                    822.8915662650602
                ],
                [
                    1106.0240963855422,
                    808.433734939759
                ],
                [
                    1121.6867469879517,
                    804.8192771084337
                ],
                [
                    1119.2771084337348,
                    792.1686746987951
                ],
                [
                    1110.2409638554216,
                    786.144578313253
                ],
                [
                    1110.8433734939758,
                    777.1084337349397
                ],
                [
                    1107.2289156626505,
                    772.8915662650602
                ]
            ],
            "group_id": null,
            "shape_type": "polygon",
            "flags": {}
        },
        {
            "label": "person",
            "points": [
                [
                    607.7319587628866,
                    802.5773195876288
                ],
                [
                    605.6701030927835,
                    810.8247422680413
                ],
                [
                    610.3092783505155,
                    817.0103092783505
                ],
                [
                    603.6082474226804,
                    822.1649484536083
                ],
                [
                    602.5773195876288,
                    848.9690721649484
                ],
                [
                    635.5670103092783,
                    848.4536082474227
                ],
                [
                    641.7525773195877,
                    831.9587628865979
                ],
                [
                    636.5979381443299,
                    821.6494845360825
                ],
                [
                    627.8350515463918,
                    817.5257731958764
                ],
                [
                    625.2577319587629,
                    810.3092783505155
                ],
                [
                    620.6185567010309,
                    803.0927835051547
                ]
            ],
            "group_id": null,
            "shape_type": "polygon",
            "flags": {}
        },
        {
            "label": "bus",
            "points": [
                [
                    1463.9175257731958,
                    701.5463917525774
                ],
                [
                    1465.4639175257732,
                    723.1958762886599
                ],
                [
                    1468.5567010309278,
                    726.2886597938144
                ],
                [
                    1470.1030927835052,
                    746.3917525773196
                ],
                [
                    1467.0103092783506,
                    748.9690721649484
                ],
                [
                    1469.0721649484537,
                    768.5567010309279
                ],
                [
                    1491.7525773195878,
                    768.0412371134021
                ],
                [
                    1496.3917525773197,
                    774.2268041237114
                ],
                [
                    1561.340206185567,
                    774.2268041237114
                ],
                [
                    1578.3505154639176,
                    793.8144329896908
                ],
                [
                    1582.9896907216496,
                    804.1237113402062
                ],
                [
                    1590.721649484536,
                    808.7628865979382
                ],
                [
                    1589.6907216494847,
                    813.9175257731958
                ],
                [
                    1592.2680412371135,
                    815.979381443299
                ],
                [
                    1635.0515463917527,
                    807.7319587628866
                ],
                [
                    1626.8041237113403,
                    727.8350515463918
                ],
                [
                    1632.4742268041236,
                    725.7731958762887
                ],
                [
                    1635.0515463917527,
                    737.6288659793814
                ],
                [
                    1642.7835051546392,
                    739.6907216494845
                ],
                [
                    1643.8144329896907,
                    733.5051546391753
                ],
                [
                    1641.7525773195878,
                    718.0412371134021
                ],
                [
                    1627.8350515463917,
                    717.5257731958764
                ],
                [
                    1625.7731958762888,
                    701.0309278350516
                ],
                [
                    1572.680412371134,
                    692.7835051546392
                ],
                [
                    1562.8865979381444,
                    692.7835051546392
                ],
                [
                    1560.3092783505156,
                    685.0515463917526
                ],
                [
                    1502.0618556701031,
                    689.6907216494845
                ],
                [
                    1501.5463917525774,
                    695.360824742268
                ],
                [
                    1478.3505154639176,
                    698.4536082474227
                ],
                [
                    1470.1030927835052,
                    699.4845360824743
                ]
            ],
            "group_id": null,
            "shape_type": "polygon",
            "flags": {}
        },
        {
            "label": "truck",
            "points": [
                [
                    1694.3298969072166,
                    706.1855670103093
                ],
                [
                    1694.8453608247423,
                    739.6907216494845
                ],
                [
                    1691.2371134020618,
                    758.2474226804123
                ],
                [
                    1692.7835051546392,
                    791.2371134020618
                ],
                [
                    1695.360824742268,
                    807.7319587628866
                ],
                [
                    1696.3917525773197,
                    815.4639175257732
                ],
                [
                    1721.1340206185569,
                    814.9484536082474
                ],
                [
                    1722.1649484536083,
                    809.7938144329897
                ],
                [
                    1758.2474226804125,
                    807.7319587628866
                ],
                [
                    1758.7628865979382,
                    814.4329896907217
                ],
                [
                    1775.2577319587629,
                    811.8556701030928
                ],
                [
                    1774.7422680412371,
                    803.6082474226804
                ],
                [
                    1777.319587628866,
                    799.4845360824743
                ],
                [
                    1777.319587628866,
                    783.5051546391753
                ],
                [
                    1780.9278350515465,
                    775.2577319587629
                ],
                [
                    1778.8659793814434,
                    704.639175257732
                ]
            ],
            "group_id": null,
            "shape_type": "polygon",
            "flags": {}
        },
        {
            "label": "traffic light",
            "points": [
                [
                    1714.0,
                    638.0
                ],
                [
                    1711.5,
                    643.0
                ],
                [
                    1715.0,
                    647.5
                ],
                [
                    1721.0,
                    645.0
                ],
                [
                    1722.0,
                    639.5
                ],
                [
                    1719.0,
                    637.0
                ]
            ],
            "group_id": null,
            "shape_type": "polygon",
            "flags": {}
        },
        {
            "label": "car",
            "points": [
                [
                    1630.5,
                    760.0
                ],
                [
                    1634.5,
                    807.5
                ],
                [
                    1645.0,
                    806.5
                ],
                [
                    1656.0,
                    802.5
                ],
                [
                    1656.5,
                    790.5
                ],
                [
                    1651.0,
                    780.5
                ],
                [
                    1657.0,
                    777.0
                ],
                [
                    1653.5,
                    772.0
                ],
                [
                    1649.5,
                    775.0
                ],
                [
                    1644.0,
                    763.5
                ],
                [
                    1636.0,
                    760.0
                ]
            ],
            "group_id": null,
            "shape_type": "polygon",
            "flags": {}
        },
        {
            "label": "car",
            "points": [
                [
                    1643.5,
                    761.5
                ],
                [
                    1657.5,
                    762.0
                ],
                [
                    1667.5,
                    773.0
                ],
                [
                    1672.0,
                    777.0
                ],
                [
                    1671.5,
                    794.0
                ],
                [
                    1671.0,
                    802.5
                ],
                [
                    1663.5,
                    802.5
                ],
                [
                    1657.0,
                    801.5
                ],
                [
                    1657.0,
                    789.0
                ],
                [
                    1651.5,
                    781.0
                ],
                [
                    1656.5,
                    777.0
                ],
                [
                    1654.5,
                    771.0
                ],
                [
                    1650.0,
                    773.5
                ]
            ],
            "group_id": null,
            "shape_type": "polygon",
            "flags": {}
        },
        {
            "label": "car",
            "points": [
                [
                    1796.0,
                    749.0
                ],
                [
                    1790.5,
                    758.5
                ],
                [
                    1785.5,
                    758.0
                ],
                [
                    1783.0,
                    761.5
                ],
                [
                    1787.5,
                    764.5
                ],
                [
                    1783.5,
                    770.5
                ],
                [
                    1786.0,
                    792.5
                ],
                [
                    1791.5,
                    792.5
                ],
                [
                    1799.5,
                    792.0
                ],
                [
                    1798.5,
                    788.0
                ],
                [
                    1832.0,
                    787.0
                ],
                [
                    1834.5,
                    793.5
                ],
                [
                    1847.0,
                    789.5
                ],
                [
                    1848.5,
                    764.0
                ],
                [
                    1845.0,
                    760.0
                ],
                [
                    1838.5,
                    746.0
                ],
                [
                    1802.0,
                    746.0
                ]
            ],
            "group_id": null,
            "shape_type": "polygon",
            "flags": {}
        },
        {
            "label": "person",
            "points": [
                [
                    1878.5,
                    749.0
                ],
                [
                    1877.0,
                    753.5
                ],
                [
                    1878.5,
                    758.0
                ],
                [
                    1874.0,
                    764.0
                ],
                [
                    1866.5,
                    769.5
                ],
                [
                    1866.5,
                    780.5
                ],
                [
                    1860.5,
                    799.0
                ],
                [
                    1865.5,
                    802.5
                ],
                [
                    1872.0,
                    801.0
                ],
                [
                    1873.5,
                    810.5
                ],
                [
                    1874.0,
                    828.5
                ],
                [
                    1874.5,
                    851.0
                ],
                [
                    1873.5,
                    860.0
                ],
                [
                    1882.5,
                    859.0
                ],
                [
                    1881.0,
                    845.5
                ],
                [
                    1881.0,
                    820.0
                ],
                [
                    1892.0,
                    819.5
                ],
                [
                    1897.0,
                    834.0
                ],
                [
                    1896.5,
                    846.5
                ],
                [
                    1897.5,
                    854.5
                ],
                [
                    1905.0,
                    852.0
                ],
                [
                    1901.0,
                    838.0
                ],
                [
                    1903.0,
                    820.0
                ],
                [
                    1904.5,
                    809.0
                ],
                [
                    1903.0,
                    804.5
                ],
                [
                    1911.5,
                    800.5
                ],
                [
                    1907.5,
                    781.0
                ],
                [
                    1903.5,
                    765.5
                ],
                [
                    1896.0,
                    758.0
                ],
                [
                    1891.5,
                    756.5
                ],
                [
                    1890.0,
                    748.0
                ],
                [
                    1883.5,
                    746.5
                ]
            ],
            "group_id": null,
            "shape_type": "polygon",
            "flags": {}
        },
        {
            "label": "bicycle",
            "points": [
                [
                    1876.0,
                    798.0
                ],
                [
                    1886.5,
                    801.0
                ],
                [
                    1898.0,
                    796.5
                ],
                [
                    1899.5,
                    801.0
                ],
                [
                    1889.0,
                    804.0
                ],
                [
                    1889.0,
                    809.5
                ],
                [
                    1889.5,
                    817.5
                ],
                [
                    1889.5,
                    827.5
                ],
                [
                    1893.0,
                    832.0
                ],
                [
                    1891.0,
                    850.5
                ],
                [
                    1892.0,
                    859.5
                ],
                [
                    1891.5,
                    875.5
                ],
                [
                    1889.5,
                    879.0
                ],
                [
                    1886.5,
                    876.5
                ],
                [
                    1884.0,
                    846.5
                ],
                [
                    1883.0,
                    839.5
                ],
                [
                    1882.0,
                    832.0
                ],
                [
                    1885.0,
                    828.0
                ],
                [
                    1884.0,
                    805.0
                ],
                [
                    1877.5,
                    803.0
                ]
            ],
            "group_id": null,
            "shape_type": "polygon",
            "flags": {}
        },
        {
            "label": "person",
            "points": [
                [
                    1984.0,
                    728.5
                ],
                [
                    1980.0,
                    735.5
                ],
                [
                    1979.5,
                    740.5
                ],
                [
                    1977.0,
                    746.0
                ],
                [
                    1977.0,
                    752.5
                ],
                [
                    1977.0,
                    760.5
                ],
                [
                    1982.0,
                    760.5
                ],
                [
                    1984.0,
                    773.0
                ],
                [
                    1983.5,
                    789.5
                ],
                [
                    1984.5,
                    795.0
                ],
                [
                    1989.5,
                    795.0
                ],
                [
                    1992.5,
                    806.5
                ],
                [
                    1991.5,
                    817.0
                ],
                [
                    1985.5,
                    822.0
                ],
                [
                    1987.5,
                    827.5
                ],
                [
                    2000.0,
                    821.0
                ],
                [
                    1998.5,
                    794.5
                ],
                [
                    2005.5,
                    787.0
                ],
                [
                    2004.5,
                    746.5
                ],
                [
                    1997.0,
                    745.0
                ],
                [
                    1993.0,
                    734.0
                ],
                [
                    1990.0,
                    729.0
                ]
            ],
            "group_id": null,
            "shape_type": "polygon",
            "flags": {}
        },
        {
            "label": "backpack",
            "points": [
                [
                    2000.5,
                    748.5
                ],
                [
                    1998.5,
                    757.0
                ],
                [
                    1999.5,
                    774.0
                ],
                [
                    2004.0,
                    783.5
                ],
                [
                    2011.0,
                    785.0
                ],
                [
                    2016.5,
                    779.5
                ],
                [
                    2012.0,
                    765.0
                ],
                [
                    2009.0,
                    753.0
                ]
            ],
            "group_id": null,
            "shape_type": "polygon",
            "flags": {}
        },
        {
            "label": "person",
            "points": [
                [
                    2054.0,
                    724.5
                ],
                [
                    2052.5,
                    732.5
                ],
                [
                    2058.0,
                    738.5
                ],
                [
                    2058.0,
                    747.5
                ],
                [
                    2056.5,
                    752.0
                ],
                [
                    2061.5,
                    762.0
                ],
                [
                    2063.5,
                    775.5
                ],
                [
                    2063.5,
                    789.0
                ],
                [
                    2064.5,
                    799.5
                ],
                [
                    2064.0,
                    805.0
                ],
                [
                    2072.5,
                    805.0
                ],
                [
                    2073.5,
                    790.0
                ],
                [
                    2073.5,
                    767.0
                ],
                [
                    2074.0,
                    760.5
                ],
                [
                    2073.5,
                    746.5
                ],
                [
                    2068.5,
                    733.0
                ],
                [
                    2064.0,
                    724.5
                ]
            ],
            "group_id": null,
            "shape_type": "polygon",
            "flags": {}
        },
        {
            "label": "person",
            "points": [
                [
                    2089.0,
                    727.5
                ],
                [
                    2087.5,
                    733.0
                ],
                [
                    2086.5,
                    739.0
                ],
                [
                    2083.5,
                    742.0
                ],
                [
                    2085.5,
                    755.0
                ],
                [
                    2087.0,
                    765.5
                ],
                [
                    2087.5,
                    776.5
                ],
                [
                    2089.5,
                    793.0
                ],
                [
                    2089.5,
                    802.5
                ],
                [
                    2093.5,
                    804.0
                ],
                [
                    2095.5,
                    800.5
                ],
                [
                    2099.0,
                    803.0
                ],
                [
                    2103.0,
                    797.0
                ],
                [
                    2104.0,
                    774.0
                ],
                [
                    2104.5,
                    762.5
                ],
                [
                    2104.5,
                    750.0
                ],
                [
                    2108.0,
                    744.0
                ],
                [
                    2103.0,
                    733.5
                ],
                [
                    2098.0,
                    729.0
                ],
                [
                    2096.5,
                    723.0
                ],
                [
                    2091.0,
                    721.5
                ]
            ],
            "group_id": null,
            "shape_type": "polygon",
            "flags": {}
        },
        {
            "label": "person",
            "points": [
                [
                    2159.0,
                    736.0
                ],
                [
                    2153.5,
                    737.0
                ],
                [
                    2150.0,
                    745.5
                ],
                [
                    2148.0,
                    762.5
                ],
                [
                    2147.5,
                    777.5
                ],
                [
                    2153.0,
                    785.0
                ],
                [
                    2156.5,
                    795.0
                ],
                [
                    2155.5,
                    802.0
                ],
                [
                    2153.0,
                    809.5
                ],
                [
                    2164.5,
                    812.0
                ],
                [
                    2172.5,
                    809.5
                ],
                [
                    2172.0,
                    801.5
                ],
                [
                    2175.0,
                    783.0
                ],
                [
                    2178.0,
                    775.0
                ],
                [
                    2185.0,
                    776.5
                ],
                [
                    2182.0,
                    766.5
                ],
                [
                    2181.0,
                    755.5
                ],
                [
                    2173.5,
                    742.0
                ],
                [
                    2171.0,
                    738.5
                ],
                [
                    2169.5,
                    731.0
                ],
                [
                    2163.0,
                    729.5
                ]
            ],
            "group_id": null,
            "shape_type": "polygon",
            "flags": {}
        },
        {
            "label": "person",
            "points": [
                [
                    2214.5,
                    752.0
                ],
                [
                    2212.5,
                    762.0
                ],
                [
                    2209.5,
                    768.0
                ],
                [
                    2206.5,
                    784.0
                ],
                [
                    2207.5,
                    791.0
                ],
                [
                    2214.0,
                    795.5
                ],
                [
                    2223.0,
                    795.0
                ],
                [
                    2232.5,
                    795.0
                ],
                [
                    2237.5,
                    791.0
                ],
                [
                    2239.0,
                    780.0
                ],
                [
                    2231.5,
                    773.0
                ],
                [
                    2230.5,
                    759.0
                ],
                [
                    2226.5,
                    750.5
                ],
                [
                    2220.0,
                    749.5
                ]
            ],
            "group_id": null,
            "shape_type": "polygon",
            "flags": {}
        },
        {
            "label": "person",
            "points": [
                [
                    2127.0,
                    725.5
                ],
                [
                    2123.5,
                    733.5
                ],
                [
                    2114.0,
                    741.5
                ],
                [
                    2108.5,
                    747.0
                ],
                [
                    2113.5,
                    753.5
                ],
                [
                    2118.5,
                    759.0
                ],
                [
                    2118.5,
                    772.0
                ],
                [
                    2119.5,
                    780.5
                ],
                [
                    2116.5,
                    789.5
                ],
                [
                    2127.5,
                    789.5
                ],
                [
                    2128.5,
                    768.5
                ],
                [
                    2131.0,
                    766.5
                ],
                [
                    2132.5,
                    775.5
                ],
                [
                    2133.0,
                    789.5
                ],
                [
                    2139.5,
                    788.0
                ],
                [
                    2142.5,
                    767.5
                ],
                [
                    2141.5,
                    747.5
                ],
                [
                    2137.0,
                    737.0
                ],
                [
                    2136.0,
                    730.0
                ],
                [
                    2132.0,
                    725.0
                ]
            ],
            "group_id": null,
            "shape_type": "polygon",
            "flags": {}
        },
        {
            "label": "bus",
            "points": [
                [
                    1161.0,
                    599.0
                ],
                [
                    1156.0,
                    608.0
                ],
                [
                    1168.5,
                    796.0
                ],
                [
                    1214.5,
                    795.5
                ],
                [
                    1223.0,
                    799.5
                ],
                [
                    1232.5,
                    821.5
                ],
                [
                    1252.0,
                    829.0
                ],
                [
                    1253.0,
                    861.0
                ],
                [
                    1338.0,
                    856.0
                ],
                [
                    1349.0,
                    873.0
                ],
                [
                    1394.5,
                    862.0
                ],
                [
                    1397.0,
                    850.5
                ],
                [
                    1394.0,
                    842.5
                ],
                [
                    1386.5,
                    840.5
                ],
                [
                    1390.5,
                    831.5
                ],
                [
                    1407.0,
                    830.0
                ],
                [
                    1405.5,
                    844.5
                ],
                [
                    1438.0,
                    794.0
                ],
                [
                    1462.5,
                    790.0
                ],
                [
                    1461.0,
                    750.5
                ],
                [
                    1467.5,
                    746.0
                ],
                [
                    1467.5,
                    728.5
                ],
                [
                    1458.0,
                    719.5
                ],
                [
                    1452.0,
                    682.5
                ],
                [
                    1442.0,
                    614.5
                ],
                [
                    1436.0,
                    607.5
                ],
                [
                    1314.0,
                    583.5
                ],
                [
                    1236.0,
                    579.0
                ],
                [
                    1199.0,
                    587.5
                ],
                [
                    1173.0,
                    595.0
                ]
            ],
            "group_id": null,
            "shape_type": "polygon",
            "flags": {}
        },
        {
            "label": "person",
            "points": [
                [
                    1137.5,
                    776.5
                ],
                [
                    1132.0,
                    781.5
                ],
                [
                    1132.0,
                    789.0
                ],
                [
                    1130.0,
                    791.5
                ],
                [
                    1131.5,
                    800.0
                ],
                [
                    1152.0,
                    797.0
                ],
                [
                    1146.0,
                    788.5
                ],
                [
                    1145.5,
                    781.0
                ]
            ],
            "group_id": null,
            "shape_type": "polygon",
            "flags": {}
        },
        {
            "label": "car",
            "points": [
                [
                    1894.0,
                    748.0
                ],
                [
                    1903.0,
                    747.5
                ],
                [
                    1903.0,
                    744.0
                ],
                [
                    1914.5,
                    743.5
                ],
                [
                    1915.5,
                    748.5
                ],
                [
                    1928.0,
                    748.0
                ],
                [
                    1932.0,
                    758.0
                ],
                [
                    1935.0,
                    762.5
                ],
                [
                    1941.5,
                    762.0
                ],
                [
                    1943.0,
                    774.5
                ],
                [
                    1939.5,
                    783.0
                ],
                [
                    1941.5,
                    794.0
                ],
                [
                    1927.5,
                    794.5
                ],
                [
                    1924.5,
                    789.5
                ],
                [
                    1908.0,
                    790.5
                ],
                [
                    1907.5,
                    781.5
                ],
                [
                    1904.0,
                    765.0
                ],
                [
                    1897.5,
                    756.0
                ],
                [
                    1891.5,
                    756.0
                ]
            ],
            "group_id": null,
            "shape_type": "polygon",
            "flags": {}
        },
        {
            "label": "car",
            "points": [
                [
                    1836.0,
                    744.5
                ],
                [
                    1840.0,
                    736.5
                ],
                [
                    1863.5,
                    737.5
                ],
                [
                    1872.5,
                    745.0
                ],
                [
                    1874.0,
                    752.5
                ],
                [
                    1873.5,
                    761.0
                ],
                [
                    1869.0,
                    765.0
                ],
                [
                    1865.0,
                    764.0
                ],
                [
                    1861.5,
                    768.0
                ],
                [
                    1857.5,
                    766.0
                ],
                [
                    1849.5,
                    765.5
                ],
                [
                    1844.5,
                    759.5
                ]
            ],
            "group_id": null,
            "shape_type": "polygon",
            "flags": {}
        },
        {
            "label": "car",
            "points": [
                [
                    1654.0,
                    749.0
                ],
                [
                    1651.0,
                    762.0
                ],
                [
                    1658.5,
                    763.0
                ],
                [
                    1667.5,
                    773.0
                ],
                [
                    1672.0,
                    777.0
                ],
                [
                    1673.5,
                    791.5
                ],
                [
                    1691.5,
                    789.5
                ],
                [
                    1692.0,
                    759.0
                ],
                [
                    1692.0,
                    758.5
                ],
                [
                    1694.5,
                    744.0
                ],
                [
                    1679.0,
                    743.0
                ],
                [
                    1664.5,
                    746.0
                ]
            ],
            "group_id": null,
            "shape_type": "polygon",
            "flags": {}
        },
        {
            "label": "car",
            "points": [
                [
                    1964.0,
                    717.0
                ],
                [
                    1960.5,
                    735.0
                ],
                [
                    1960.0,
                    749.0
                ],
                [
                    1954.5,
                    755.5
                ],
                [
                    1956.0,
                    769.5
                ],
                [
                    1956.0,
                    781.5
                ],
                [
                    1958.5,
                    785.0
                ],
                [
                    1973.5,
                    784.5
                ],
                [
                    1974.5,
                    780.0
                ],
                [
                    1982.0,
                    780.0
                ],
                [
                    1983.5,
                    774.0
                ],
                [
                    1982.0,
                    760.0
                ],
                [
                    1978.0,
                    760.0
                ],
                [
                    1977.0,
                    750.5
                ],
                [
                    1977.5,
                    740.0
                ],
                [
                    1982.5,
                    727.5
                ],
                [
                    1989.0,
                    729.0
                ],
                [
                    1993.0,
                    735.0
                ],
                [
                    1995.5,
                    745.0
                ],
                [
                    2005.0,
                    747.0
                ],
                [
                    2009.0,
                    765.0
                ],
                [
                    2016.0,
                    773.5
                ],
                [
                    2020.0,
                    780.0
                ],
                [
                    2020.0,
                    752.5
                ],
                [
                    2021.5,
                    745.5
                ],
                [
                    2019.5,
                    733.5
                ],
                [
                    2017.0,
                    719.0
                ],
                [
                    2015.0,
                    715.0
                ],
                [
                    1990.5,
                    712.5
                ],
                [
                    1975.0,
                    713.5
                ]
            ],
            "group_id": null,
            "shape_type": "polygon",
            "flags": {}
        },
        {
            "label": "bus",
            "points": [
                [
                    1909.5,
                    683.5
                ],
                [
                    1910.0,
                    739.0
                ],
                [
                    1916.5,
                    731.5
                ],
                [
                    1944.0,
                    732.0
                ],
                [
                    1946.0,
                    722.5
                ],
                [
                    1950.0,
                    722.5
                ],
                [
                    1950.0,
                    680.5
                ],
                [
                    1929.0,
                    680.0
                ],
                [
                    1917.5,
                    679.5
                ]
            ],
            "group_id": null,
            "shape_type": "polygon",
            "flags": {}
        },
        {
            "label": "car",
            "points": [
                [
                    1810.0,
                    726.5
                ],
                [
                    1804.5,
                    733.5
                ],
                [
                    1812.0,
                    735.5
                ],
                [
                    1819.0,
                    742.5
                ],
                [
                    1824.0,
                    746.0
                ],
                [
                    1835.0,
                    745.5
                ],
                [
                    1837.0,
                    736.0
                ],
                [
                    1833.5,
                    726.0
                ],
                [
                    1822.0,
                    726.0
                ]
            ],
            "group_id": null,
            "shape_type": "polygon",
            "flags": {}
        },
        {
            "label": "bench",
            "points": [
                [
                    2175.193798449612,
                    787.5968992248062
                ],
                [
                    2176.7441860465115,
                    793.4108527131783
                ],
                [
                    2176.7441860465115,
                    808.1395348837209
                ],
                [
                    2208.5271317829456,
                    824.4186046511628
                ],
                [
                    2250.3875968992247,
                    803.1007751937984
                ],
                [
                    2232.5581395348836,
                    794.5736434108527
                ],
                [
                    2213.5658914728683,
                    795.3488372093024
                ],
                [
                    2206.9767441860463,
                    791.4728682170543
                ],
                [
                    2194.9612403100773,
                    781.3953488372093
                ],
                [
                    2175.193798449612,
                    781.782945736434
                ]
            ],
            "group_id": null,
            "shape_type": "polygon",
            "flags": {}
        },
        {
            "label": "car",
            "points": [
                [
                    1904.5296167247386,
                    742.8571428571428
                ],
                [
                    1911.1498257839721,
                    740.0696864111497
                ],
                [
                    1933.7979094076654,
                    741.8118466898954
                ],
                [
                    1940.0696864111499,
                    750.8710801393728
                ],
                [
                    1945.993031358885,
                    752.2648083623693
                ],
                [
                    1944.9477351916375,
                    756.794425087108
                ],
                [
                    1941.4634146341464,
                    758.1881533101046
                ],
                [
                    1941.4634146341464,
                    761.3240418118467
                ],
                [
                    1933.4494773519164,
                    762.3693379790941
                ],
                [
                    1931.3588850174215,
                    757.8397212543554
                ],
                [
                    1929.6167247386759,
                    748.780487804878
                ],
                [
                    1915.3310104529617,
                    749.1289198606272
                ],
                [
                    1914.2857142857142,
                    744.9477351916375
                ]
            ],
            "group_id": null,
            "shape_type": "polygon",
            "flags": {}
        },
        {
            "label": "car",
            "points": [
                [
                    1945.2961672473866,
                    722.9965156794425
                ],
                [
                    1942.857142857143,
                    733.4494773519164
                ],
                [
                    1939.0243902439024,
                    736.5853658536585
                ],
                [
                    1939.7212543554006,
                    741.4634146341463
                ],
                [
                    1942.857142857143,
                    751.9163763066202
                ],
                [
                    1945.993031358885,
                    752.6132404181185
                ],
                [
                    1946.341463414634,
                    756.794425087108
                ],
                [
                    1951.219512195122,
                    757.4912891986063
                ],
                [
                    1954.355400696864,
                    755.0522648083623
                ],
                [
                    1960.9756097560976,
                    748.4320557491288
                ],
                [
                    1960.2787456445992,
                    734.4947735191637
                ],
                [
                    1962.369337979094,
                    722.2996515679442
                ]
            ],
            "group_id": null,
            "shape_type": "polygon",
            "flags": {}
        },
        {
            "label": "car",
            "points": [
                [
                    1899.3569131832799,
                    726.3665594855306
                ],
                [
                    1896.4630225080386,
                    736.0128617363345
                ],
                [
                    1894.2122186495178,
                    741.4790996784566
                ],
                [
                    1902.572347266881,
                    742.1221864951768
                ],
                [
                    1905.4662379421222,
                    735.3697749196142
                ],
                [
                    1908.3601286173634,
                    729.5819935691319
                ],
                [
                    1908.3601286173634,
                    726.6881028938907
                ]
            ],
            "group_id": null,
            "shape_type": "polygon",
            "flags": {}
        },
        {
            "label": "traffic light",
            "points": [
                [
                    1858.1993569131835,
                    683.2797427652733
                ],
                [
                    1858.1993569131835,
                    700.0
                ],
                [
                    1863.6655948553055,
                    699.6784565916399
                ],
                [
                    1864.951768488746,
                    699.6784565916399
                ],
                [
                    1865.2733118971062,
                    683.6012861736334
                ]
            ],
            "group_id": null,
            "shape_type": "polygon",
            "flags": {}
        }
    ],
    "imagePath": "../../Canon1DsMkIII_PNG/Canon1DsMkIII_0127.PNG",
    "imageData": null,
    "imageHeight": 1876,
    "imageWidth": 2820
}