{
    "version": "4.5.6",
    "flags": {},
    "shapes": [
        {
            "label": "umbrella",
            "points": [
                [
                    0.0,
                    725.0
                ],
                [
                    85.17647058823513,
                    757.5294117647059
                ],
                [
                    141.0588235294117,
                    822.235294117647
                ],
                [
                    199.88235294117635,
                    925.1764705882352
                ],
                [
                    191.0588235294117,
                    969.2941176470588
                ],
                [
                    120.47058823529392,
                    975.1764705882352
                ],
                [
                    0,
                    966
                ]
            ],
            "group_id": null,
            "shape_type": "polygon",
            "flags": {}
        }
    ],
    "imagePath": "../../Canon1DsMkIII_PNG/Canon1DsMkIII_0172.PNG",
    "imageData": null,
    "imageHeight": 2820,
    "imageWidth": 1876
}