{
    "version": "4.5.6",
    "flags": {},
    "shapes": [
        {
            "label": "car",
            "points": [
                [
                    2789.3854748603353,
                    1670.9497206703911
                ],
                [
                    2785.4748603351954,
                    1680.4469273743016
                ],
                [
                    2786.0335195530724,
                    1684.9162011173185
                ],
                [
                    2819.0,
                    1683.0
                ],
                [
                    2818.994413407821,
                    1670.391061452514
                ]
            ],
            "group_id": null,
            "shape_type": "polygon",
            "flags": {}
        },
        {
            "label": "car",
            "points": [
                [
                    2227.9329608938547,
                    1687.1508379888269
                ],
                [
                    2275.9776536312847,
                    1686.5921787709497
                ],
                [
                    2274.3016759776538,
                    1682.68156424581
                ],
                [
                    2267.0391061452515,
                    1682.68156424581
                ],
                [
                    2264.245810055866,
                    1679.8882681564246
                ],
                [
                    2239.664804469274,
                    1679.8882681564246
                ]
            ],
            "group_id": null,
            "shape_type": "polygon",
            "flags": {}
        },
        {
            "label": "person",
            "points": [
                [
                    480.7692307692308,
                    1667.3076923076922
                ],
                [
                    478.8461538461538,
                    1672.7564102564102
                ],
                [
                    478.525641025641,
                    1677.2435897435896
                ],
                [
                    478.525641025641,
                    1688.1410256410256
                ],
                [
                    486.85897435897436,
                    1687.5
                ],
                [
                    486.21794871794873,
                    1681.0897435897434
                ],
                [
                    485.57692307692304,
                    1675.6410256410256
                ],
                [
                    485.2564102564102,
                    1672.7564102564102
                ],
                [
                    485.2564102564102,
                    1668.2692307692307
                ]
            ],
            "group_id": null,
            "shape_type": "polygon",
            "flags": {}
        },
        {
            "label": "person",
            "points": [
                [
                    499.35897435897436,
                    1669.551282051282
                ],
                [
                    499.03846153846155,
                    1673.3974358974358
                ],
                [
                    497.7564102564102,
                    1678.5256410256409
                ],
                [
                    498.39743589743586,
                    1687.179487179487
                ],
                [
                    498.7179487179487,
                    1688.7820512820513
                ],
                [
                    508.0128205128205,
                    1688.4615384615383
                ],
                [
                    506.7307692307692,
                    1683.0128205128206
                ],
                [
                    506.0897435897436,
                    1676.923076923077
                ],
                [
                    505.12820512820514,
                    1673.076923076923
                ],
                [
                    505.12820512820514,
                    1668.5897435897434
                ]
            ],
            "group_id": null,
            "shape_type": "polygon",
            "flags": {}
        },
        {
            "label": "person",
            "points": [
                [
                    603.525641025641,
                    1667.3076923076922
                ],
                [
                    600.6410256410256,
                    1671.1538461538462
                ],
                [
                    600.0,
                    1686.8589743589744
                ],
                [
                    604.1666666666666,
                    1685.8974358974358
                ],
                [
                    605.7692307692307,
                    1682.051282051282
                ],
                [
                    605.4487179487179,
                    1677.2435897435896
                ],
                [
                    607.3717948717948,
                    1671.7948717948718
                ],
                [
                    607.6923076923076,
                    1666.9871794871794
                ]
            ],
            "group_id": null,
            "shape_type": "polygon",
            "flags": {}
        }
    ],
    "imagePath": "../../Canon1DsMkIII_PNG/Canon1DsMkIII_0237.PNG",
    "imageData": null,
    "imageHeight": 1876,
    "imageWidth": 2820
}