{
    "version": "4.5.6",
    "flags": {},
    "shapes": [
        {
            "label": "vase",
            "points": [
                [
                    2682.627450980392,
                    354.6666666666667
                ],
                [
                    2674.78431372549,
                    397.80392156862746
                ],
                [
                    2637.529411764706,
                    446.8235294117647
                ],
                [
                    2637.529411764706,
                    533.0980392156863
                ],
                [
                    2714.0,
                    540.9411764705882
                ],
                [
                    2727.725490196078,
                    572.313725490196
                ],
                [
                    2753.2156862745096,
                    554.6666666666666
                ],
                [
                    2778.705882352941,
                    484.078431372549
                ],
                [
                    2759.098039215686,
                    425.2549019607843
                ],
                [
                    2737.529411764706,
                    386.03921568627453
                ],
                [
                    2731.6470588235293,
                    358.5882352941176
                ]
            ],
            "group_id": null,
            "shape_type": "polygon",
            "flags": {}
        },
        {
            "label": "sandwich",
            "points": [
                [
                    2208.1176470588234,
                    374.27450980392155
                ],
                [
                    2190.470588235294,
                    442.9019607843137
                ],
                [
                    2214.0,
                    456.62745098039215
                ],
                [
                    2276.7450980392155,
                    489.96078431372547
                ],
                [
                    2300.2745098039213,
                    452.70588235294116
                ],
                [
                    2302.235294117647,
                    372.3137254901961
                ],
                [
                    2264.9803921568628,
                    360.54901960784315
                ],
                [
                    2251.254901960784,
                    350.7450980392157
                ],
                [
                    2235.5686274509803,
                    346.8235294117647
                ]
            ],
            "group_id": null,
            "shape_type": "polygon",
            "flags": {}
        },
        {
            "label": "sandwich",
            "points": [
                [
                    2298.3137254901962,
                    448.78431372549016
                ],
                [
                    2274.78431372549,
                    493.88235294117646
                ],
                [
                    2353.2156862745096,
                    531.1372549019608
                ],
                [
                    2370.8627450980393,
                    478.19607843137254
                ],
                [
                    2376.7450980392155,
                    413.4901960784314
                ],
                [
                    2335.5686274509803,
                    397.80392156862746
                ],
                [
                    2306.156862745098,
                    376.2352941176471
                ]
            ],
            "group_id": null,
            "shape_type": "polygon",
            "flags": {}
        },
        {
            "label": "sandwich",
            "points": [
                [
                    2376.7450980392155,
                    425.2549019607843
                ],
                [
                    2366.9411764705883,
                    480.156862745098
                ],
                [
                    2353.2156862745096,
                    531.1372549019608
                ],
                [
                    2437.529411764706,
                    552.7058823529412
                ],
                [
                    2453.2156862745096,
                    511.52941176470586
                ],
                [
                    2445.372549019608,
                    433.09803921568624
                ],
                [
                    2396.3529411764707,
                    427.2156862745098
                ]
            ],
            "group_id": null,
            "shape_type": "polygon",
            "flags": {}
        },
        {
            "label": "bowl",
            "points": [
                [
                    1435.5686274509803,
                    591.9215686274509
                ],
                [
                    1488.5098039215686,
                    676.2352941176471
                ],
                [
                    1543.4117647058824,
                    688.0
                ],
                [
                    1543.4117647058824,
                    727.2156862745098
                ],
                [
                    1617.921568627451,
                    719.3725490196078
                ],
                [
                    1617.921568627451,
                    697.8039215686274
                ],
                [
                    1684.5882352941176,
                    586.0392156862745
                ],
                [
                    1639.4901960784314,
                    576.2352941176471
                ],
                [
                    1551.2549019607843,
                    576.2352941176471
                ],
                [
                    1476.7450980392157,
                    582.1176470588235
                ]
            ],
            "group_id": null,
            "shape_type": "polygon",
            "flags": {}
        },
        {
            "label": "bowl",
            "points": [
                [
                    1274.7843137254902,
                    629.1764705882352
                ],
                [
                    1284.5882352941176,
                    654.6666666666666
                ],
                [
                    1268.9019607843138,
                    709.5686274509803
                ],
                [
                    1282.627450980392,
                    727.2156862745098
                ],
                [
                    1296.3529411764705,
                    742.9019607843137
                ],
                [
                    1378.7058823529412,
                    742.9019607843137
                ],
                [
                    1372.8235294117646,
                    682.1176470588235
                ],
                [
                    1443.4117647058824,
                    676.2352941176471
                ],
                [
                    1461.0588235294117,
                    638.9803921568628
                ],
                [
                    1427.7254901960785,
                    623.2941176470588
                ],
                [
                    1329.686274509804,
                    627.2156862745098
                ]
            ],
            "group_id": null,
            "shape_type": "polygon",
            "flags": {}
        },
        {
            "label": "bowl",
            "points": [
                [
                    1094.392156862745,
                    623.2941176470588
                ],
                [
                    1090.4705882352941,
                    686.0392156862745
                ],
                [
                    1112.0392156862745,
                    740.9411764705882
                ],
                [
                    1121.8431372549019,
                    770.3529411764706
                ],
                [
                    1255.1764705882354,
                    766.4313725490196
                ],
                [
                    1249.2941176470588,
                    740.9411764705882
                ],
                [
                    1272.8235294117646,
                    709.5686274509803
                ],
                [
                    1284.5882352941176,
                    652.7058823529412
                ],
                [
                    1270.862745098039,
                    621.3333333333334
                ],
                [
                    1253.2156862745098,
                    586.0392156862745
                ],
                [
                    1225.764705882353,
                    576.2352941176471
                ],
                [
                    1221.8431372549019,
                    562.5098039215686
                ],
                [
                    1215.9607843137255,
                    556.6274509803922
                ],
                [
                    1153.2156862745098,
                    556.6274509803922
                ],
                [
                    1143.4117647058824,
                    572.313725490196
                ],
                [
                    1106.1568627450981,
                    595.843137254902
                ]
            ],
            "group_id": null,
            "shape_type": "polygon",
            "flags": {}
        },
        {
            "label": "bowl",
            "points": [
                [
                    1566.9411764705883,
                    448.78431372549016
                ],
                [
                    1563.0196078431372,
                    486.0392156862745
                ],
                [
                    1564.9803921568628,
                    540.9411764705882
                ],
                [
                    1566.9411764705883,
                    566.4313725490196
                ],
                [
                    1564.9803921568628,
                    572.313725490196
                ],
                [
                    1637.5294117647059,
                    574.2745098039215
                ],
                [
                    1684.5882352941176,
                    580.156862745098
                ],
                [
                    1647.3333333333333,
                    646.8235294117646
                ],
                [
                    1684.5882352941176,
                    680.156862745098
                ],
                [
                    1763.0196078431372,
                    684.0784313725491
                ],
                [
                    1749.2941176470588,
                    588.0
                ],
                [
                    1831.6470588235293,
                    576.2352941176471
                ],
                [
                    1812.0392156862745,
                    511.52941176470586
                ],
                [
                    1755.1764705882354,
                    442.9019607843137
                ],
                [
                    1696.3529411764705,
                    405.6470588235294
                ],
                [
                    1637.5294117647059,
                    388.0
                ],
                [
                    1588.5098039215686,
                    403.6862745098039
                ]
            ],
            "group_id": null,
            "shape_type": "polygon",
            "flags": {}
        },
        {
            "label": "bowl",
            "points": [
                [
                    1884.5882352941176,
                    442.9019607843137
                ],
                [
                    1874.7843137254902,
                    497.80392156862746
                ],
                [
                    1912.0392156862745,
                    568.3921568627451
                ],
                [
                    1972.8235294117649,
                    599.7647058823529
                ],
                [
                    2080.6666666666665,
                    629.1764705882352
                ],
                [
                    2110.078431372549,
                    631.1372549019608
                ],
                [
                    2086.549019607843,
                    566.4313725490196
                ],
                [
                    2198.3137254901962,
                    564.4705882352941
                ],
                [
                    2214.0,
                    586.0392156862745
                ],
                [
                    2239.4901960784314,
                    548.7843137254902
                ],
                [
                    2239.4901960784314,
                    497.80392156862746
                ],
                [
                    2198.3137254901962,
                    460.54901960784315
                ],
                [
                    2151.254901960784,
                    437.01960784313724
                ],
                [
                    2076.7450980392155,
                    419.37254901960785
                ],
                [
                    2006.156862745098,
                    421.3333333333333
                ],
                [
                    1941.450980392157,
                    419.37254901960785
                ]
            ],
            "group_id": null,
            "shape_type": "polygon",
            "flags": {}
        },
        {
            "label": "cup",
            "points": [
                [
                    637.5294117647059,
                    488.0
                ],
                [
                    668.9019607843137,
                    825.2549019607843
                ],
                [
                    690.4705882352941,
                    844.8627450980392
                ],
                [
                    810.078431372549,
                    833.0980392156863
                ],
                [
                    827.7254901960785,
                    488.0
                ],
                [
                    806.156862745098,
                    462.5098039215686
                ],
                [
                    735.5686274509803,
                    454.6666666666667
                ],
                [
                    680.6666666666666,
                    462.5098039215686
                ]
            ],
            "group_id": null,
            "shape_type": "polygon",
            "flags": {}
        },
        {
            "label": "cup",
            "points": [
                [
                    817.9215686274509,
                    476.2352941176471
                ],
                [
                    849.2941176470588,
                    474.27450980392155
                ],
                [
                    904.1960784313725,
                    470.35294117647055
                ],
                [
                    941.4509803921569,
                    474.27450980392155
                ],
                [
                    955.1764705882354,
                    476.2352941176471
                ],
                [
                    953.2156862745098,
                    695.843137254902
                ],
                [
                    888.5098039215686,
                    707.6078431372549
                ],
                [
                    919.8823529411765,
                    811.5294117647059
                ],
                [
                    917.9215686274509,
                    821.3333333333334
                ],
                [
                    849.2941176470588,
                    827.2156862745098
                ],
                [
                    810.078431372549,
                    807.6078431372549
                ],
                [
                    825.7647058823529,
                    495.84313725490193
                ]
            ],
            "group_id": null,
            "shape_type": "polygon",
            "flags": {}
        },
        {
            "label": "cup",
            "points": [
                [
                    941.4509803921569,
                    474.27450980392155
                ],
                [
                    961.0588235294117,
                    462.5098039215686
                ],
                [
                    1039.4901960784314,
                    462.5098039215686
                ],
                [
                    1100.2745098039215,
                    466.4313725490196
                ],
                [
                    1088.5098039215686,
                    686.0392156862745
                ],
                [
                    949.2941176470588,
                    697.8039215686274
                ]
            ],
            "group_id": null,
            "shape_type": "polygon",
            "flags": {}
        },
        {
            "label": "cup",
            "points": [
                [
                    643.4117647058823,
                    376.2352941176471
                ],
                [
                    639.4901960784314,
                    484.078431372549
                ],
                [
                    682.6274509803922,
                    464.4705882352941
                ],
                [
                    735.5686274509803,
                    452.70588235294116
                ],
                [
                    790.4705882352941,
                    460.54901960784315
                ],
                [
                    798.313725490196,
                    389.96078431372547
                ],
                [
                    745.3725490196078,
                    382.11764705882354
                ],
                [
                    680.6666666666666,
                    376.2352941176471
                ]
            ],
            "group_id": null,
            "shape_type": "polygon",
            "flags": {}
        },
        {
            "label": "cup",
            "points": [
                [
                    394.3921568627451,
                    411.52941176470586
                ],
                [
                    459.0980392156863,
                    727.2156862745098
                ],
                [
                    519.8823529411765,
                    731.1372549019608
                ],
                [
                    537.5294117647059,
                    705.6470588235294
                ],
                [
                    549.2941176470588,
                    503.68627450980387
                ],
                [
                    539.4901960784314,
                    391.921568627451
                ],
                [
                    476.7450980392157,
                    401.7254901960784
                ]
            ],
            "group_id": null,
            "shape_type": "polygon",
            "flags": {}
        },
        {
            "label": "cup",
            "points": [
                [
                    176.7450980392157,
                    425.2549019607843
                ],
                [
                    255.1764705882353,
                    752.7058823529412
                ],
                [
                    298.3137254901961,
                    754.6666666666666
                ],
                [
                    296.3529411764706,
                    713.4901960784314
                ],
                [
                    319.88235294117646,
                    568.3921568627451
                ],
                [
                    331.6470588235294,
                    397.80392156862746
                ],
                [
                    257.1372549019608,
                    399.7647058823529
                ],
                [
                    196.3529411764706,
                    417.4117647058823
                ]
            ],
            "group_id": null,
            "shape_type": "polygon",
            "flags": {}
        },
        {
            "label": "bottle",
            "points": [
                [
                    545.3725490196078,
                    425.2549019607843
                ],
                [
                    553.2156862745098,
                    495.84313725490193
                ],
                [
                    531.6470588235294,
                    713.4901960784314
                ],
                [
                    521.843137254902,
                    738.9803921568628
                ],
                [
                    655.1764705882352,
                    727.2156862745098
                ],
                [
                    627.7254901960785,
                    615.4509803921569
                ],
                [
                    627.7254901960785,
                    548.7843137254902
                ],
                [
                    621.843137254902,
                    480.156862745098
                ],
                [
                    623.8039215686274,
                    419.37254901960785
                ],
                [
                    580.6666666666666,
                    413.4901960784314
                ]
            ],
            "group_id": null,
            "shape_type": "polygon",
            "flags": {}
        },
        {
            "label": "bottle",
            "points": [
                [
                    327.7254901960784,
                    403.6862745098039
                ],
                [
                    319.88235294117646,
                    558.5882352941177
                ],
                [
                    294.3921568627451,
                    699.7647058823529
                ],
                [
                    308.11764705882354,
                    872.313725490196
                ],
                [
                    429.68627450980387,
                    870.3529411764706
                ],
                [
                    410.078431372549,
                    748.7843137254902
                ],
                [
                    459.0980392156863,
                    735.0588235294117
                ],
                [
                    414.0,
                    562.5098039215686
                ],
                [
                    406.156862745098,
                    527.2156862745098
                ],
                [
                    396.35294117647055,
                    444.8627450980392
                ],
                [
                    392.4313725490196,
                    407.6078431372549
                ],
                [
                    364.98039215686276,
                    395.84313725490193
                ]
            ],
            "group_id": null,
            "shape_type": "polygon",
            "flags": {}
        },
        {
            "label": "bottle",
            "points": [
                [
                    39.49019607843137,
                    329.1764705882353
                ],
                [
                    70.86274509803923,
                    611.5294117647059
                ],
                [
                    127.72549019607843,
                    607.6078431372549
                ],
                [
                    106.15686274509804,
                    437.01960784313724
                ],
                [
                    76.74509803921569,
                    407.6078431372549
                ]
            ],
            "group_id": null,
            "shape_type": "polygon",
            "flags": {}
        },
        {
            "label": "bowl",
            "points": [
                [
                    2259.098039215686,
                    574.2745098039215
                ],
                [
                    2331.6470588235293,
                    588.0
                ],
                [
                    2335.5686274509803,
                    638.9803921568628
                ],
                [
                    2404.1960784313724,
                    642.9019607843137
                ],
                [
                    2445.372549019608,
                    601.7254901960785
                ],
                [
                    2449.2941176470586,
                    568.3921568627451
                ],
                [
                    2368.901960784314,
                    564.4705882352941
                ],
                [
                    2317.921568627451,
                    564.4705882352941
                ]
            ],
            "group_id": null,
            "shape_type": "polygon",
            "flags": {}
        },
        {
            "label": "bowl",
            "points": [
                [
                    2541.450980392157,
                    552.7058823529412
                ],
                [
                    2555.176470588235,
                    597.8039215686274
                ],
                [
                    2629.6862745098038,
                    609.5686274509803
                ],
                [
                    2706.156862745098,
                    593.8823529411765
                ],
                [
                    2723.8039215686276,
                    570.3529411764706
                ],
                [
                    2714.0,
                    546.8235294117648
                ],
                [
                    2649.2941176470586,
                    540.9411764705882
                ],
                [
                    2625.7647058823527,
                    533.0980392156863
                ],
                [
                    2572.823529411765,
                    544.8627450980392
                ]
            ],
            "group_id": null,
            "shape_type": "polygon",
            "flags": {}
        },
        {
            "label": "bowl",
            "points": [
                [
                    2212.0392156862745,
                    593.8823529411765
                ],
                [
                    2225.7647058823527,
                    644.8627450980392
                ],
                [
                    2266.9411764705883,
                    652.7058823529412
                ],
                [
                    2331.6470588235293,
                    640.9411764705882
                ],
                [
                    2331.6470588235293,
                    591.9215686274509
                ],
                [
                    2268.901960784314,
                    582.1176470588235
                ]
            ],
            "group_id": null,
            "shape_type": "polygon",
            "flags": {}
        },
        {
            "label": "bowl",
            "points": [
                [
                    1892.4313725490197,
                    607.6078431372549
                ],
                [
                    1904.1960784313726,
                    686.0392156862745
                ],
                [
                    1947.3333333333333,
                    686.0392156862745
                ],
                [
                    2019.8823529411766,
                    682.1176470588235
                ],
                [
                    2047.3333333333335,
                    668.3921568627451
                ],
                [
                    2064.9803921568628,
                    611.5294117647059
                ],
                [
                    2025.7647058823527,
                    599.7647058823529
                ],
                [
                    1980.6666666666665,
                    599.7647058823529
                ],
                [
                    1923.8039215686274,
                    599.7647058823529
                ]
            ],
            "group_id": null,
            "shape_type": "polygon",
            "flags": {}
        },
        {
            "label": "bowl",
            "points": [
                [
                    1372.8235294117646,
                    686.0392156862745
                ],
                [
                    1376.7450980392157,
                    744.8627450980392
                ],
                [
                    1453.2156862745098,
                    770.3529411764706
                ],
                [
                    1543.4117647058824,
                    754.6666666666666
                ],
                [
                    1537.5294117647059,
                    686.0392156862745
                ],
                [
                    1478.7058823529412,
                    676.2352941176471
                ]
            ],
            "group_id": null,
            "shape_type": "polygon",
            "flags": {}
        },
        {
            "label": "cup",
            "points": [
                [
                    137.52941176470588,
                    1333.0980392156862
                ],
                [
                    141.45098039215685,
                    1374.2745098039215
                ],
                [
                    123.80392156862746,
                    1388.0
                ],
                [
                    114.0,
                    1399.764705882353
                ],
                [
                    117.92156862745097,
                    1482.1176470588234
                ],
                [
                    141.45098039215685,
                    1474.2745098039215
                ],
                [
                    192.4313725490196,
                    1495.8431372549019
                ],
                [
                    268.9019607843137,
                    1489.9607843137255
                ],
                [
                    292.4313725490196,
                    1470.3529411764705
                ],
                [
                    317.921568627451,
                    1393.8823529411764
                ],
                [
                    325.7647058823529,
                    1358.5882352941176
                ],
                [
                    304.19607843137254,
                    1315.450980392157
                ],
                [
                    274.78431372549016,
                    1295.8431372549019
                ],
                [
                    215.96078431372547,
                    1286.0392156862745
                ],
                [
                    164.98039215686273,
                    1299.764705882353
                ]
            ],
            "group_id": null,
            "shape_type": "polygon",
            "flags": {}
        },
        {
            "label": "bowl",
            "points": [
                [
                    925.7647058823529,
                    1515.450980392157
                ],
                [
                    925.7647058823529,
                    1560.549019607843
                ],
                [
                    998.313725490196,
                    1603.686274509804
                ],
                [
                    1096.3529411764705,
                    1578.1960784313726
                ],
                [
                    1098.313725490196,
                    1517.4117647058824
                ],
                [
                    1029.686274509804,
                    1486.0392156862745
                ]
            ],
            "group_id": null,
            "shape_type": "polygon",
            "flags": {}
        },
        {
            "label": "bowl",
            "points": [
                [
                    1174.7843137254902,
                    1421.3333333333333
                ],
                [
                    1174.7843137254902,
                    1440.9411764705883
                ],
                [
                    1272.8235294117646,
                    1419.3725490196077
                ],
                [
                    1306.1568627450981,
                    1505.6470588235293
                ],
                [
                    1361.0588235294117,
                    1499.764705882353
                ],
                [
                    1388.5098039215686,
                    1478.1960784313726
                ],
                [
                    1400.2745098039215,
                    1425.2549019607843
                ],
                [
                    1388.5098039215686,
                    1399.764705882353
                ],
                [
                    1323.8039215686274,
                    1389.9607843137255
                ],
                [
                    1251.2549019607843,
                    1389.9607843137255
                ],
                [
                    1206.1568627450981,
                    1403.686274509804
                ]
            ],
            "group_id": null,
            "shape_type": "polygon",
            "flags": {}
        },
        {
            "label": "bowl",
            "points": [
                [
                    1392.4313725490197,
                    1386.0392156862745
                ],
                [
                    1392.4313725490197,
                    1409.5686274509803
                ],
                [
                    1400.2745098039215,
                    1435.0588235294117
                ],
                [
                    1470.862745098039,
                    1462.5098039215686
                ],
                [
                    1547.3333333333333,
                    1440.9411764705883
                ],
                [
                    1551.2549019607843,
                    1380.1568627450981
                ],
                [
                    1474.7843137254902,
                    1352.7058823529412
                ]
            ],
            "group_id": null,
            "shape_type": "polygon",
            "flags": {}
        },
        {
            "label": "bowl",
            "points": [
                [
                    1637.5294117647059,
                    1301.7254901960785
                ],
                [
                    1647.3333333333333,
                    1309.5686274509803
                ],
                [
                    1733.6078431372548,
                    1288.0
                ],
                [
                    1761.0588235294117,
                    1388.0
                ],
                [
                    1794.392156862745,
                    1389.9607843137255
                ],
                [
                    1829.686274509804,
                    1356.627450980392
                ],
                [
                    1851.2549019607843,
                    1299.764705882353
                ],
                [
                    1812.0392156862745,
                    1280.1568627450981
                ],
                [
                    1749.2941176470588,
                    1274.2745098039215
                ],
                [
                    1694.392156862745,
                    1280.1568627450981
                ],
                [
                    1661.0588235294117,
                    1288.0
                ]
            ],
            "group_id": null,
            "shape_type": "polygon",
            "flags": {}
        },
        {
            "label": "bowl",
            "points": [
                [
                    1921.8431372549019,
                    1256.627450980392
                ],
                [
                    1927.7254901960785,
                    1307.6078431372548
                ],
                [
                    1986.549019607843,
                    1327.2156862745098
                ],
                [
                    2063.0196078431372,
                    1317.4117647058824
                ],
                [
                    2070.8627450980393,
                    1262.5098039215686
                ],
                [
                    2002.2352941176468,
                    1238.9803921568628
                ]
            ],
            "group_id": null,
            "shape_type": "polygon",
            "flags": {}
        },
        {
            "label": "bowl",
            "points": [
                [
                    2555.176470588235,
                    1093.8823529411764
                ],
                [
                    2525.7647058823527,
                    1103.686274509804
                ],
                [
                    2527.725490196078,
                    1146.8235294117646
                ],
                [
                    2588.5098039215686,
                    1158.5882352941176
                ],
                [
                    2645.372549019608,
                    1148.7843137254902
                ],
                [
                    2651.254901960784,
                    1103.686274509804
                ],
                [
                    2586.549019607843,
                    1086.0392156862745
                ]
            ],
            "group_id": null,
            "shape_type": "polygon",
            "flags": {}
        },
        {
            "label": "bowl",
            "points": [
                [
                    2582.627450980392,
                    1074.2745098039215
                ],
                [
                    2586.549019607843,
                    1089.9607843137255
                ],
                [
                    2653.2156862745096,
                    1101.7254901960785
                ],
                [
                    2651.254901960784,
                    1148.7843137254902
                ],
                [
                    2714.0,
                    1148.7843137254902
                ],
                [
                    2741.450980392157,
                    1131.1372549019607
                ],
                [
                    2757.1372549019607,
                    1078.1960784313726
                ],
                [
                    2704.1960784313724,
                    1064.4705882352941
                ],
                [
                    2651.254901960784,
                    1060.549019607843
                ],
                [
                    2606.156862745098,
                    1066.4313725490197
                ]
            ],
            "group_id": null,
            "shape_type": "polygon",
            "flags": {}
        }
    ],
    "imagePath": "../../Canon1DsMkIII_PNG/Canon1DsMkIII_0219.PNG",
    "imageData": null,
    "imageHeight": 1876,
    "imageWidth": 2820
}