{
    "version": "4.5.6",
    "flags": {},
    "shapes": [
        {
            "label": "truck",
            "points": [
                [
                    876.3225806451613,
                    883.0
                ],
                [
                    874.7096774193549,
                    949.1290322580645
                ],
                [
                    874.7096774193549,
                    1047.516129032258
                ],
                [
                    1334.3870967741937,
                    1058.8064516129032
                ],
                [
                    1345.6774193548388,
                    1029.774193548387
                ],
                [
                    1940.8387096774193,
                    1028.1612903225807
                ],
                [
                    1942.4516129032259,
                    1050.741935483871
                ],
                [
                    2002.1290322580646,
                    1050.741935483871
                ],
                [
                    1990.8387096774193,
                    1002.3548387096773
                ],
                [
                    2048.9032258064517,
                    966.8709677419356
                ],
                [
                    2042.4516129032259,
                    902.3548387096774
                ],
                [
                    2008.5806451612902,
                    916.8709677419355
                ],
                [
                    2019.8709677419356,
                    957.1935483870968
                ],
                [
                    1995.6774193548388,
                    981.3870967741937
                ],
                [
                    1977.9354838709678,
                    865.258064516129
                ],
                [
                    1847.2903225806451,
                    853.9677419354839
                ],
                [
                    1844.0645161290322,
                    824.9354838709678
                ],
                [
                    1794.0645161290322,
                    824.9354838709678
                ],
                [
                    1779.5483870967741,
                    828.1612903225806
                ],
                [
                    1674.7096774193549,
                    839.4516129032259
                ],
                [
                    1634.3870967741937,
                    812.0322580645161
                ],
                [
                    1181.1612903225807,
                    753.9677419354839
                ],
                [
                    1223.0967741935483,
                    805.5806451612904
                ],
                [
                    1082.774193548387,
                    800.741935483871
                ],
                [
                    939.2258064516129,
                    894.2903225806451
                ]
            ],
            "group_id": null,
            "shape_type": "polygon",
            "flags": {}
        },
        {
            "label": "truck",
            "points": [
                [
                    2008.5806451612902,
                    1216.8709677419356
                ],
                [
                    2090.8387096774195,
                    1213.6451612903227
                ],
                [
                    2126.3225806451615,
                    1203.967741935484
                ],
                [
                    2126.3225806451615,
                    1099.1290322580646
                ],
                [
                    2102.1290322580644,
                    1012.0322580645161
                ],
                [
                    2071.483870967742,
                    1007.1935483870968
                ],
                [
                    2048.9032258064517,
                    944.2903225806451
                ],
                [
                    1915.032258064516,
                    926.5483870967741
                ],
                [
                    1929.5483870967741,
                    997.516129032258
                ],
                [
                    1994.0645161290322,
                    1037.8387096774193
                ]
            ],
            "group_id": null,
            "shape_type": "polygon",
            "flags": {}
        }
    ],
    "imagePath": "../../Canon1DsMkIII_PNG/Canon1DsMkIII_0066.PNG",
    "imageData": null,
    "imageHeight": 1876,
    "imageWidth": 2820
}