{
    "version": "4.5.6",
    "flags": {},
    "shapes": [
        {
            "label": "bicycle",
            "points": [
                [
                    1039.4901960784314,
                    666.4313725490196
                ],
                [
                    984.5882352941176,
                    717.4117647058823
                ],
                [
                    925.7647058823529,
                    803.6862745098039
                ],
                [
                    900.2745098039215,
                    925.2549019607843
                ],
                [
                    904.1960784313725,
                    1074.2745098039215
                ],
                [
                    988.5098039215686,
                    1293.8823529411764
                ],
                [
                    1057.1372549019607,
                    1376.235294117647
                ],
                [
                    1184.5882352941176,
                    1497.8039215686274
                ],
                [
                    1398.313725490196,
                    1601.7254901960785
                ],
                [
                    1521.8431372549019,
                    1591.921568627451
                ],
                [
                    1653.2156862745098,
                    1507.6078431372548
                ],
                [
                    1739.4901960784314,
                    1344.862745098039
                ],
                [
                    1739.4901960784314,
                    1168.392156862745
                ],
                [
                    1894.392156862745,
                    1629.1764705882354
                ],
                [
                    1870.862745098039,
                    1633.0980392156862
                ],
                [
                    1851.2549019607843,
                    1648.7843137254902
                ],
                [
                    1823.8039215686274,
                    1658.5882352941176
                ],
                [
                    1823.8039215686274,
                    1693.8823529411764
                ],
                [
                    1817.921568627451,
                    1731.1372549019607
                ],
                [
                    1787,
                    1875
                ],
                [
                    1825.764705882353,
                    1874.2745098039215
                ],
                [
                    1870.862745098039,
                    1709.5686274509803
                ],
                [
                    1884.5882352941176,
                    1701.7254901960785
                ],
                [
                    1884.5882352941176,
                    1717.4117647058824
                ],
                [
                    1923.8039215686274,
                    1715.450980392157
                ],
                [
                    1974.78431372549,
                    1797.8039215686274
                ],
                [
                    2045.372549019608,
                    1840.9411764705883
                ],
                [
                    2056,
                    1875
                ],
                [
                    2819,
                    1875
                ],
                [
                    2819,
                    1482
                ],
                [
                    2631.6470588235293,
                    1411.5294117647059
                ],
                [
                    2515.9607843137255,
                    1395.8431372549019
                ],
                [
                    2439.4901960784314,
                    1399.764705882353
                ],
                [
                    2402.235294117647,
                    1327.2156862745098
                ],
                [
                    2366.9411764705883,
                    1335.0588235294117
                ],
                [
                    2374.78431372549,
                    1360.549019607843
                ],
                [
                    2402.235294117647,
                    1399.764705882353
                ],
                [
                    2363.0196078431372,
                    1409.5686274509803
                ],
                [
                    2341.450980392157,
                    1376.235294117647
                ],
                [
                    2347.3333333333335,
                    1350.7450980392157
                ],
                [
                    2339.4901960784314,
                    1327.2156862745098
                ],
                [
                    2341.450980392157,
                    1237.0196078431372
                ],
                [
                    2376.7450980392155,
                    1186.0392156862745
                ],
                [
                    2404.1960784313724,
                    1080.1568627450981
                ],
                [
                    2394.392156862745,
                    1019.3725490196077
                ],
                [
                    2364.9803921568628,
                    993.8823529411765
                ],
                [
                    2396.3529411764707,
                    923.2941176470588
                ],
                [
                    2421.843137254902,
                    938.9803921568628
                ],
                [
                    2514.0,
                    935.0588235294117
                ],
                [
                    2604.1960784313724,
                    874.2745098039215
                ],
                [
                    2717.921568627451,
                    897.8039215686274
                ],
                [
                    2735.5686274509803,
                    880.156862745098
                ],
                [
                    2759.098039215686,
                    811.5294117647059
                ],
                [
                    2751.254901960784,
                    768.3921568627451
                ],
                [
                    2714.0,
                    738.9803921568628
                ],
                [
                    2568.901960784314,
                    705.6470588235294
                ],
                [
                    2453.2156862745096,
                    680.156862745098
                ],
                [
                    2412.0392156862745,
                    658.5882352941177
                ],
                [
                    2374.78431372549,
                    631.1372549019608
                ],
                [
                    2304.1960784313724,
                    619.3725490196078
                ],
                [
                    2276.7450980392155,
                    631.1372549019608
                ],
                [
                    2229.6862745098038,
                    644.8627450980392
                ],
                [
                    2245.372549019608,
                    674.2745098039215
                ],
                [
                    2263.0196078431372,
                    713.4901960784314
                ],
                [
                    2282.627450980392,
                    750.7450980392157
                ],
                [
                    2276.7450980392155,
                    762.5098039215686
                ],
                [
                    2308.1176470588234,
                    766.4313725490196
                ],
                [
                    2325.7647058823527,
                    772.313725490196
                ],
                [
                    2357.1372549019607,
                    846.8235294117646
                ],
                [
                    2353.2156862745096,
                    870.3529411764706
                ],
                [
                    2335.5686274509803,
                    915.4509803921568
                ],
                [
                    2296.3529411764707,
                    982.1176470588235
                ],
                [
                    2259.098039215686,
                    993.8823529411765
                ],
                [
                    2225.7647058823527,
                    1021.3333333333333
                ],
                [
                    2186.549019607843,
                    1011.5294117647059
                ],
                [
                    2151.254901960784,
                    1015.4509803921569
                ],
                [
                    1668.9019607843136,
                    546.8235294117648
                ],
                [
                    1666.9411764705883,
                    527.2156862745098
                ],
                [
                    1692.4313725490197,
                    515.4509803921569
                ],
                [
                    1686.549019607843,
                    489.96078431372547
                ],
                [
                    1686.549019607843,
                    468.3921568627451
                ],
                [
                    1723.8039215686274,
                    366.4313725490196
                ],
                [
                    1710.078431372549,
                    348.78431372549016
                ],
                [
                    1690.4705882352941,
                    352.70588235294116
                ],
                [
                    1627.7254901960785,
                    272.3137254901961
                ],
                [
                    1635.5686274509803,
                    248.78431372549016
                ],
                [
                    1780.6666666666667,
                    205.64705882352942
                ],
                [
                    1815.9607843137255,
                    189.9607843137255
                ],
                [
                    1851.2549019607843,
                    176.23529411764704
                ],
                [
                    1908.1176470588234,
                    174.27450980392157
                ],
                [
                    1927.7254901960785,
                    158.58823529411765
                ],
                [
                    1931.6470588235293,
                    137.01960784313727
                ],
                [
                    1910.078431372549,
                    113.49019607843137
                ],
                [
                    1884.5882352941176,
                    115.45098039215686
                ],
                [
                    1839.4901960784314,
                    131.13725490196077
                ],
                [
                    1802.235294117647,
                    123.29411764705881
                ],
                [
                    1643.4117647058824,
                    146.8235294117647
                ],
                [
                    1490.4705882352941,
                    86.0392156862745
                ],
                [
                    1412.0392156862745,
                    70.35294117647058
                ],
                [
                    1347.3333333333333,
                    66.43137254901961
                ],
                [
                    1204.1960784313726,
                    99.76470588235294
                ],
                [
                    1117.921568627451,
                    142.90196078431373
                ],
                [
                    1096.3529411764705,
                    154.66666666666666
                ],
                [
                    1080.6666666666667,
                    162.50980392156862
                ],
                [
                    1094.392156862745,
                    209.5686274509804
                ],
                [
                    1104.1960784313726,
                    556.6274509803922
                ],
                [
                    1151.2549019607843,
                    601.7254901960785
                ],
                [
                    1192.4313725490197,
                    627.2156862745098
                ],
                [
                    1117.921568627451,
                    637.0196078431372
                ],
                [
                    1068.9019607843138,
                    648.7843137254902
                ]
            ],
            "group_id": null,
            "shape_type": "polygon",
            "flags": {}
        }
    ],
    "imagePath": "../../Canon1DsMkIII_PNG/Canon1DsMkIII_0225.PNG",
    "imageData": null,
    "imageHeight": 1876,
    "imageWidth": 2820
}