{
    "version": "4.5.6",
    "flags": {},
    "shapes": [
        {
            "label": "suitcase",
            "points": [
                [
                    39.49019607843137,
                    1197.8039215686274
                ],
                [
                    12.039215686274503,
                    1235.0588235294117
                ],
                [
                    25.764705882352942,
                    1591.921568627451
                ],
                [
                    57.13725490196077,
                    1646.8235294117646
                ],
                [
                    49.29411764705881,
                    1691.921568627451
                ],
                [
                    84.58823529411765,
                    1699.764705882353
                ],
                [
                    110.078431372549,
                    1656.627450980392
                ],
                [
                    323.80392156862746,
                    1662.5098039215686
                ],
                [
                    343.4117647058823,
                    1691.921568627451
                ],
                [
                    372.8235294117647,
                    1705.6470588235293
                ],
                [
                    398.3137254901961,
                    1691.921568627451
                ],
                [
                    386.54901960784315,
                    1662.5098039215686
                ],
                [
                    400.27450980392155,
                    1633.0980392156862
                ],
                [
                    459.0980392156863,
                    1558.5882352941176
                ],
                [
                    421.84313725490193,
                    1188.0
                ],
                [
                    396.35294117647055,
                    1154.6666666666667
                ],
                [
                    359.09803921568624,
                    1144.862745098039
                ],
                [
                    355.1764705882353,
                    1138.9803921568628
                ],
                [
                    355.1764705882353,
                    1121.3333333333333
                ],
                [
                    337.52941176470586,
                    1101.7254901960785
                ],
                [
                    259.09803921568624,
                    1095.8431372549019
                ],
                [
                    184.58823529411762,
                    1099.764705882353
                ],
                [
                    161.05882352941177,
                    1105.6470588235295
                ],
                [
                    147.33333333333334,
                    1133.0980392156862
                ],
                [
                    96.35294117647058,
                    1156.627450980392
                ]
            ],
            "group_id": null,
            "shape_type": "polygon",
            "flags": {}
        },
        {
            "label": "suitcase",
            "points": [
                [
                    259.09803921568624,
                    1101.7254901960785
                ],
                [
                    286.54901960784315,
                    1066.4313725490197
                ],
                [
                    372.8235294117647,
                    1052.7058823529412
                ],
                [
                    461.0588235294117,
                    1050.7450980392157
                ],
                [
                    519.8823529411765,
                    1070.3529411764705
                ],
                [
                    549.2941176470588,
                    1084.078431372549
                ],
                [
                    563.0196078431372,
                    1093.8823529411764
                ],
                [
                    529.6862745098039,
                    1146.8235294117646
                ],
                [
                    535.5686274509803,
                    1211.5294117647059
                ],
                [
                    582.6274509803922,
                    1225.2549019607843
                ],
                [
                    596.3529411764706,
                    1248.7843137254902
                ],
                [
                    574.7843137254902,
                    1491.921568627451
                ],
                [
                    527.7254901960785,
                    1546.8235294117646
                ],
                [
                    459.0980392156863,
                    1556.627450980392
                ],
                [
                    421.84313725490193,
                    1186.0392156862745
                ],
                [
                    398.3137254901961,
                    1148.7843137254902
                ],
                [
                    353.2156862745098,
                    1144.862745098039
                ],
                [
                    351.2549019607843,
                    1119.3725490196077
                ],
                [
                    343.4117647058823,
                    1103.686274509804
                ]
            ],
            "group_id": null,
            "shape_type": "polygon",
            "flags": {}
        },
        {
            "label": "suitcase",
            "points": [
                [
                    2331.6470588235293,
                    1115.450980392157
                ],
                [
                    2276.7450980392155,
                    1219.3725490196077
                ],
                [
                    2231.6470588235293,
                    1433.0980392156862
                ],
                [
                    2237.529411764706,
                    1584.078431372549
                ],
                [
                    2319.8823529411766,
                    1640.9411764705883
                ],
                [
                    2364.9803921568628,
                    1650.7450980392157
                ],
                [
                    2386.549019607843,
                    1662.5098039215686
                ],
                [
                    2437.529411764706,
                    1666.4313725490197
                ],
                [
                    2519.8823529411766,
                    1666.4313725490197
                ],
                [
                    2529.6862745098038,
                    1648.7843137254902
                ],
                [
                    2602.235294117647,
                    1629.1764705882354
                ],
                [
                    2647.3333333333335,
                    1574.2745098039215
                ],
                [
                    2668.901960784314,
                    1368.392156862745
                ],
                [
                    2637.529411764706,
                    1166.4313725490197
                ],
                [
                    2584.5882352941176,
                    1109.5686274509803
                ],
                [
                    2555.176470588235,
                    1042.9019607843138
                ],
                [
                    2498.3137254901962,
                    1019.3725490196077
                ],
                [
                    2419.8823529411766,
                    1027.2156862745098
                ],
                [
                    2386.549019607843,
                    1048.7843137254902
                ]
            ],
            "group_id": null,
            "shape_type": "polygon",
            "flags": {}
        },
        {
            "label": "suitcase",
            "points": [
                [
                    2290.470588235294,
                    635.0588235294117
                ],
                [
                    2286.549019607843,
                    711.5294117647059
                ],
                [
                    2298.3137254901962,
                    1023.2941176470588
                ],
                [
                    2319.8823529411766,
                    1052.7058823529412
                ],
                [
                    2604.1960784313724,
                    1068.392156862745
                ],
                [
                    2639.4901960784314,
                    1115.450980392157
                ],
                [
                    2672.823529411765,
                    1091.921568627451
                ],
                [
                    2670.8627450980393,
                    1058.5882352941176
                ],
                [
                    2676.7450980392155,
                    1017.4117647058824
                ],
                [
                    2664.9803921568628,
                    644.8627450980392
                ]
            ],
            "group_id": null,
            "shape_type": "polygon",
            "flags": {}
        },
        {
            "label": "suitcase",
            "points": [
                [
                    2021.843137254902,
                    654.6666666666666
                ],
                [
                    1982.627450980392,
                    693.8823529411765
                ],
                [
                    1931.6470588235293,
                    870.3529411764706
                ],
                [
                    1914.0,
                    986.0392156862745
                ],
                [
                    1935.5686274509803,
                    1054.6666666666667
                ],
                [
                    1931.6470588235293,
                    1091.921568627451
                ],
                [
                    1980.6666666666665,
                    1095.8431372549019
                ],
                [
                    2180.6666666666665,
                    1127.2156862745098
                ],
                [
                    2235.5686274509803,
                    1109.5686274509803
                ],
                [
                    2278.705882352941,
                    1015.4509803921569
                ],
                [
                    2294.392156862745,
                    874.2745098039215
                ],
                [
                    2284.5882352941176,
                    729.1764705882352
                ],
                [
                    2241.450980392157,
                    664.4705882352941
                ],
                [
                    2233.607843137255,
                    623.2941176470588
                ],
                [
                    2178.705882352941,
                    582.1176470588235
                ],
                [
                    2108.1176470588234,
                    582.1176470588235
                ],
                [
                    2066.9411764705883,
                    597.8039215686274
                ],
                [
                    2031.6470588235293,
                    633.0980392156863
                ]
            ],
            "group_id": null,
            "shape_type": "polygon",
            "flags": {}
        },
        {
            "label": "suitcase",
            "points": [
                [
                    1696.3529411764705,
                    660.5490196078431
                ],
                [
                    1659.0980392156862,
                    670.3529411764706
                ],
                [
                    1664.9803921568628,
                    688.0
                ],
                [
                    1627.7254901960785,
                    707.6078431372549
                ],
                [
                    1608.1176470588234,
                    727.2156862745098
                ],
                [
                    1590.4705882352941,
                    768.3921568627451
                ],
                [
                    1566.9411764705883,
                    878.1960784313725
                ],
                [
                    1559.0980392156862,
                    972.313725490196
                ],
                [
                    1568.9019607843136,
                    1060.549019607843
                ],
                [
                    1580.6666666666667,
                    1101.7254901960785
                ],
                [
                    1635.5686274509803,
                    1097.8039215686274
                ],
                [
                    1684.5882352941176,
                    1121.3333333333333
                ],
                [
                    1741.450980392157,
                    1133.0980392156862
                ],
                [
                    1806.156862745098,
                    1133.0980392156862
                ],
                [
                    1833.6078431372548,
                    1105.6470588235295
                ],
                [
                    1888.5098039215686,
                    1070.3529411764705
                ],
                [
                    1914.0,
                    948.7843137254902
                ],
                [
                    1898.313725490196,
                    848.7843137254902
                ],
                [
                    1882.627450980392,
                    760.5490196078431
                ],
                [
                    1833.6078431372548,
                    707.6078431372549
                ],
                [
                    1786.549019607843,
                    693.8823529411765
                ],
                [
                    1798.313725490196,
                    680.156862745098
                ],
                [
                    1776.7450980392157,
                    662.5098039215686
                ],
                [
                    1723.8039215686274,
                    656.6274509803922
                ]
            ],
            "group_id": null,
            "shape_type": "polygon",
            "flags": {}
        },
        {
            "label": "suitcase",
            "points": [
                [
                    1227.7254901960785,
                    788.0
                ],
                [
                    1221.8431372549019,
                    846.8235294117646
                ],
                [
                    1198.313725490196,
                    942.9019607843137
                ],
                [
                    1196.3529411764705,
                    1013.4901960784314
                ],
                [
                    1225.764705882353,
                    1068.392156862745
                ],
                [
                    1237.5294117647059,
                    1099.764705882353
                ],
                [
                    1266.9411764705883,
                    1101.7254901960785
                ],
                [
                    1294.392156862745,
                    1109.5686274509803
                ],
                [
                    1321.8431372549019,
                    1133.0980392156862
                ],
                [
                    1370.862745098039,
                    1133.0980392156862
                ],
                [
                    1419.8823529411764,
                    1131.1372549019607
                ],
                [
                    1445.3725490196077,
                    1129.1764705882354
                ],
                [
                    1466.9411764705883,
                    1101.7254901960785
                ],
                [
                    1531.6470588235293,
                    1070.3529411764705
                ],
                [
                    1549.2941176470588,
                    1017.4117647058824
                ],
                [
                    1555.1764705882354,
                    933.0980392156863
                ],
                [
                    1521.8431372549019,
                    852.7058823529412
                ],
                [
                    1515.9607843137255,
                    789.9607843137255
                ],
                [
                    1506.1568627450981,
                    738.9803921568628
                ],
                [
                    1451.2549019607843,
                    693.8823529411765
                ],
                [
                    1406.1568627450981,
                    680.156862745098
                ],
                [
                    1447.3333333333333,
                    686.0392156862745
                ],
                [
                    1449.2941176470588,
                    672.313725490196
                ],
                [
                    1417.921568627451,
                    658.5882352941177
                ],
                [
                    1376.7450980392157,
                    656.6274509803922
                ],
                [
                    1341.450980392157,
                    660.5490196078431
                ],
                [
                    1312.0392156862745,
                    676.2352941176471
                ],
                [
                    1300.2745098039215,
                    688.0
                ],
                [
                    1314.0,
                    695.843137254902
                ],
                [
                    1270.862745098039,
                    711.5294117647059
                ],
                [
                    1237.5294117647059,
                    746.8235294117646
                ]
            ],
            "group_id": null,
            "shape_type": "polygon",
            "flags": {}
        },
        {
            "label": "suitcase",
            "points": [
                [
                    890.4705882352941,
                    748.7843137254902
                ],
                [
                    868.9019607843137,
                    782.1176470588235
                ],
                [
                    866.9411764705882,
                    833.0980392156863
                ],
                [
                    855.1764705882352,
                    880.156862745098
                ],
                [
                    833.6078431372549,
                    958.5882352941177
                ],
                [
                    839.4901960784314,
                    1015.4509803921569
                ],
                [
                    859.0980392156863,
                    1074.2745098039215
                ],
                [
                    921.843137254902,
                    1119.3725490196077
                ],
                [
                    941.4509803921569,
                    1137.0196078431372
                ],
                [
                    964.9803921568628,
                    1148.7843137254902
                ],
                [
                    1000.2745098039215,
                    1144.862745098039
                ],
                [
                    1033.6078431372548,
                    1144.862745098039
                ],
                [
                    1072.8235294117646,
                    1152.7058823529412
                ],
                [
                    1106.1568627450981,
                    1129.1764705882354
                ],
                [
                    1123.8039215686274,
                    1125.2549019607843
                ],
                [
                    1168.9019607843138,
                    1107.6078431372548
                ],
                [
                    1180.6666666666667,
                    1115.450980392157
                ],
                [
                    1196.3529411764705,
                    1072.313725490196
                ],
                [
                    1202.235294117647,
                    1009.5686274509803
                ],
                [
                    1192.4313725490197,
                    927.2156862745098
                ],
                [
                    1176.7450980392157,
                    856.6274509803922
                ],
                [
                    1166.9411764705883,
                    795.843137254902
                ],
                [
                    1149.2941176470588,
                    738.9803921568628
                ],
                [
                    1090.4705882352941,
                    701.7254901960785
                ],
                [
                    1074.7843137254902,
                    689.9607843137255
                ],
                [
                    1104.1960784313726,
                    695.843137254902
                ],
                [
                    1106.1568627450981,
                    678.1960784313725
                ],
                [
                    1066.9411764705883,
                    662.5098039215686
                ],
                [
                    1039.4901960784314,
                    654.6666666666666
                ],
                [
                    988.5098039215686,
                    666.4313725490196
                ],
                [
                    951.2549019607843,
                    678.1960784313725
                ],
                [
                    974.7843137254902,
                    691.9215686274509
                ],
                [
                    963.0196078431372,
                    701.7254901960785
                ],
                [
                    912.0392156862745,
                    723.2941176470588
                ]
            ],
            "group_id": null,
            "shape_type": "polygon",
            "flags": {}
        },
        {
            "label": "suitcase",
            "points": [
                [
                    521.843137254902,
                    723.2941176470588
                ],
                [
                    504.1960784313725,
                    827.2156862745098
                ],
                [
                    488.5098039215686,
                    911.5294117647059
                ],
                [
                    502.2352941176471,
                    1025.2549019607843
                ],
                [
                    533.6078431372549,
                    1078.1960784313726
                ],
                [
                    568.9019607843137,
                    1097.8039215686274
                ],
                [
                    586.5490196078431,
                    1091.921568627451
                ],
                [
                    600.2745098039215,
                    1125.2549019607843
                ],
                [
                    655.1764705882352,
                    1125.2549019607843
                ],
                [
                    696.3529411764706,
                    1131.1372549019607
                ],
                [
                    743.4117647058823,
                    1125.2549019607843
                ],
                [
                    759.0980392156863,
                    1103.686274509804
                ],
                [
                    835.5686274509803,
                    1078.1960784313726
                ],
                [
                    851.2549019607843,
                    1033.0980392156862
                ],
                [
                    837.5294117647059,
                    954.6666666666666
                ],
                [
                    857.1372549019608,
                    874.2745098039215
                ],
                [
                    853.2156862745098,
                    809.5686274509803
                ],
                [
                    821.843137254902,
                    717.4117647058823
                ],
                [
                    784.5882352941177,
                    680.156862745098
                ],
                [
                    723.8039215686274,
                    664.4705882352941
                ],
                [
                    721.843137254902,
                    652.7058823529412
                ],
                [
                    755.1764705882352,
                    656.6274509803922
                ],
                [
                    764.9803921568628,
                    644.8627450980392
                ],
                [
                    733.6078431372549,
                    631.1372549019608
                ],
                [
                    700.2745098039215,
                    625.2549019607843
                ],
                [
                    653.2156862745098,
                    623.2941176470588
                ],
                [
                    615.9607843137255,
                    650.7450980392157
                ],
                [
                    580.6666666666666,
                    670.3529411764706
                ],
                [
                    531.6470588235294,
                    695.843137254902
                ]
            ],
            "group_id": null,
            "shape_type": "polygon",
            "flags": {}
        },
        {
            "label": "suitcase",
            "points": [
                [
                    712.0392156862745,
                    407.6078431372549
                ],
                [
                    700.2745098039215,
                    448.78431372549016
                ],
                [
                    692.4313725490196,
                    488.0
                ],
                [
                    682.6274509803922,
                    558.5882352941177
                ],
                [
                    672.8235294117646,
                    615.4509803921569
                ],
                [
                    672.8235294117646,
                    617.4117647058823
                ],
                [
                    735.5686274509803,
                    631.1372549019608
                ],
                [
                    774.7843137254902,
                    644.8627450980392
                ],
                [
                    749.2941176470588,
                    664.4705882352941
                ],
                [
                    776.7450980392157,
                    680.156862745098
                ],
                [
                    825.7647058823529,
                    715.4509803921568
                ],
                [
                    835.5686274509803,
                    733.0980392156863
                ],
                [
                    910.078431372549,
                    733.0980392156863
                ],
                [
                    970.8627450980391,
                    693.8823529411765
                ],
                [
                    955.1764705882354,
                    678.1960784313725
                ],
                [
                    996.3529411764705,
                    664.4705882352941
                ],
                [
                    1025.764705882353,
                    650.7450980392157
                ],
                [
                    1015.9607843137255,
                    564.4705882352941
                ],
                [
                    986.5490196078431,
                    460.54901960784315
                ],
                [
                    968.9019607843138,
                    380.156862745098
                ],
                [
                    892.4313725490196,
                    340.94117647058823
                ],
                [
                    910.078431372549,
                    335.05882352941177
                ],
                [
                    908.1176470588235,
                    317.4117647058823
                ],
                [
                    857.1372549019608,
                    301.72549019607845
                ],
                [
                    796.3529411764706,
                    307.6078431372549
                ],
                [
                    772.8235294117646,
                    327.2156862745098
                ],
                [
                    788.5098039215686,
                    338.98039215686276
                ],
                [
                    782.6274509803922,
                    348.78431372549016
                ],
                [
                    745.3725490196078,
                    362.5098039215686
                ],
                [
                    725.7647058823529,
                    374.27450980392155
                ]
            ],
            "group_id": null,
            "shape_type": "polygon",
            "flags": {}
        },
        {
            "label": "suitcase",
            "points": [
                [
                    1114.0,
                    354.6666666666667
                ],
                [
                    1070.862745098039,
                    374.27450980392155
                ],
                [
                    1047.3333333333333,
                    425.2549019607843
                ],
                [
                    1033.6078431372548,
                    480.156862745098
                ],
                [
                    1029.686274509804,
                    538.9803921568628
                ],
                [
                    1015.9607843137255,
                    564.4705882352941
                ],
                [
                    1031.6470588235295,
                    650.7450980392157
                ],
                [
                    1074.7843137254902,
                    668.3921568627451
                ],
                [
                    1108.1176470588234,
                    670.3529411764706
                ],
                [
                    1110.078431372549,
                    701.7254901960785
                ],
                [
                    1106.1568627450981,
                    713.4901960784314
                ],
                [
                    1149.2941176470588,
                    737.0196078431372
                ],
                [
                    1200.2745098039215,
                    746.8235294117646
                ],
                [
                    1237.5294117647059,
                    738.9803921568628
                ],
                [
                    1274.7843137254902,
                    715.4509803921568
                ],
                [
                    1317.921568627451,
                    697.8039215686274
                ],
                [
                    1306.1568627450981,
                    684.0784313725491
                ],
                [
                    1317.921568627451,
                    670.3529411764706
                ],
                [
                    1349.2941176470588,
                    654.6666666666666
                ],
                [
                    1359.0980392156862,
                    631.1372549019608
                ],
                [
                    1357.1372549019607,
                    566.4313725490196
                ],
                [
                    1335.5686274509803,
                    491.921568627451
                ],
                [
                    1312.0392156862745,
                    399.7647058823529
                ],
                [
                    1282.627450980392,
                    354.6666666666667
                ],
                [
                    1223.8039215686274,
                    348.78431372549016
                ],
                [
                    1223.8039215686274,
                    338.98039215686276
                ],
                [
                    1251.2549019607843,
                    331.1372549019608
                ],
                [
                    1239.4901960784314,
                    315.45098039215685
                ],
                [
                    1210.078431372549,
                    307.6078431372549
                ],
                [
                    1163.0196078431372,
                    305.6470588235294
                ],
                [
                    1106.1568627450981,
                    325.2549019607843
                ]
            ],
            "group_id": null,
            "shape_type": "polygon",
            "flags": {}
        },
        {
            "label": "suitcase",
            "points": [
                [
                    1437.5294117647059,
                    356.62745098039215
                ],
                [
                    1404.1960784313726,
                    376.2352941176471
                ],
                [
                    1384.5882352941176,
                    444.8627450980392
                ],
                [
                    1372.8235294117646,
                    529.1764705882352
                ],
                [
                    1359.0980392156862,
                    568.3921568627451
                ],
                [
                    1363.0196078431372,
                    637.0196078431372
                ],
                [
                    1380.6666666666667,
                    660.5490196078431
                ],
                [
                    1429.686274509804,
                    662.5098039215686
                ],
                [
                    1461.0588235294117,
                    666.4313725490196
                ],
                [
                    1464.9803921568628,
                    701.7254901960785
                ],
                [
                    1504.1960784313726,
                    737.0196078431372
                ],
                [
                    1519.8823529411764,
                    756.6274509803922
                ],
                [
                    1602.235294117647,
                    746.8235294117646
                ],
                [
                    1614.0,
                    727.2156862745098
                ],
                [
                    1635.5686274509803,
                    703.6862745098039
                ],
                [
                    1663.0196078431372,
                    689.9607843137255
                ],
                [
                    1657.1372549019607,
                    672.313725490196
                ],
                [
                    1704.1960784313726,
                    662.5098039215686
                ],
                [
                    1700.2745098039215,
                    599.7647058823529
                ],
                [
                    1690.4705882352941,
                    538.9803921568628
                ],
                [
                    1672.8235294117646,
                    486.0392156862745
                ],
                [
                    1664.9803921568628,
                    407.6078431372549
                ],
                [
                    1637.5294117647059,
                    360.54901960784315
                ],
                [
                    1580.6666666666667,
                    342.9019607843137
                ],
                [
                    1572.8235294117646,
                    329.1764705882353
                ],
                [
                    1602.235294117647,
                    329.1764705882353
                ],
                [
                    1594.392156862745,
                    309.5686274509804
                ],
                [
                    1559.0980392156862,
                    301.72549019607845
                ],
                [
                    1539.4901960784314,
                    295.84313725490193
                ],
                [
                    1506.1568627450981,
                    301.72549019607845
                ],
                [
                    1463.0196078431372,
                    311.52941176470586
                ],
                [
                    1490.4705882352941,
                    325.2549019607843
                ],
                [
                    1470.862745098039,
                    342.9019607843137
                ]
            ],
            "group_id": null,
            "shape_type": "polygon",
            "flags": {}
        },
        {
            "label": "suitcase",
            "points": [
                [
                    1759.0980392156862,
                    364.4705882352941
                ],
                [
                    1733.6078431372548,
                    395.84313725490193
                ],
                [
                    1729.686274509804,
                    474.27450980392155
                ],
                [
                    1712.0392156862745,
                    540.9411764705882
                ],
                [
                    1700.2745098039215,
                    593.8823529411765
                ],
                [
                    1708.1176470588234,
                    654.6666666666666
                ],
                [
                    1723.8039215686274,
                    656.6274509803922
                ],
                [
                    1780.6666666666667,
                    662.5098039215686
                ],
                [
                    1804.1960784313726,
                    684.0784313725491
                ],
                [
                    1800.2745098039215,
                    701.7254901960785
                ],
                [
                    1835.5686274509803,
                    709.5686274509803
                ],
                [
                    1878.7058823529412,
                    744.8627450980392
                ],
                [
                    1959.0980392156862,
                    738.9803921568628
                ],
                [
                    1984.5882352941176,
                    693.8823529411765
                ],
                [
                    2029.6862745098038,
                    654.6666666666666
                ],
                [
                    2035.5686274509803,
                    633.0980392156863
                ],
                [
                    2045.372549019608,
                    605.6470588235294
                ],
                [
                    2025.7647058823527,
                    474.27450980392155
                ],
                [
                    2015.9607843137255,
                    409.5686274509804
                ],
                [
                    1986.549019607843,
                    354.6666666666667
                ],
                [
                    1931.6470588235293,
                    331.1372549019608
                ],
                [
                    1923.8039215686274,
                    313.4901960784314
                ],
                [
                    1943.4117647058822,
                    315.45098039215685
                ],
                [
                    1941.450980392157,
                    303.6862745098039
                ],
                [
                    1908.1176470588234,
                    295.84313725490193
                ],
                [
                    1884.5882352941176,
                    284.078431372549
                ],
                [
                    1853.2156862745098,
                    289.96078431372547
                ],
                [
                    1808.1176470588234,
                    291.921568627451
                ],
                [
                    1812.0392156862745,
                    309.5686274509804
                ],
                [
                    1837.5294117647059,
                    313.4901960784314
                ],
                [
                    1815.9607843137255,
                    335.05882352941177
                ],
                [
                    1778.7058823529412,
                    350.7450980392157
                ]
            ],
            "group_id": null,
            "shape_type": "polygon",
            "flags": {}
        },
        {
            "label": "suitcase",
            "points": [
                [
                    1947.3333333333333,
                    327.2156862745098
                ],
                [
                    1992.4313725490197,
                    274.27450980392155
                ],
                [
                    2000.2745098039213,
                    237.01960784313724
                ],
                [
                    2021.843137254902,
                    205.64705882352942
                ],
                [
                    2096.3529411764707,
                    188.0
                ],
                [
                    2147.3333333333335,
                    197.80392156862746
                ],
                [
                    2182.627450980392,
                    229.17647058823528
                ],
                [
                    2208.1176470588234,
                    252.70588235294116
                ],
                [
                    2188.5098039215686,
                    248.78431372549016
                ],
                [
                    2215.9607843137255,
                    288.0
                ],
                [
                    2233.607843137255,
                    327.2156862745098
                ],
                [
                    2249.2941176470586,
                    378.19607843137254
                ],
                [
                    2253.2156862745096,
                    438.98039215686276
                ],
                [
                    2253.2156862745096,
                    509.56862745098033
                ],
                [
                    2253.2156862745096,
                    578.1960784313725
                ],
                [
                    2245.372549019608,
                    623.2941176470588
                ],
                [
                    2223.8039215686276,
                    611.5294117647059
                ],
                [
                    2188.5098039215686,
                    584.0784313725491
                ],
                [
                    2112.0392156862745,
                    574.2745098039215
                ],
                [
                    2066.9411764705883,
                    595.843137254902
                ],
                [
                    2041.450980392157,
                    619.3725490196078
                ],
                [
                    2039.4901960784314,
                    591.9215686274509
                ],
                [
                    2027.7254901960782,
                    472.3137254901961
                ],
                [
                    2019.8823529411766,
                    399.7647058823529
                ],
                [
                    1990.4705882352941,
                    354.6666666666667
                ]
            ],
            "group_id": null,
            "shape_type": "polygon",
            "flags": {}
        },
        {
            "label": "suitcase",
            "points": [
                [
                    1592.4313725490197,
                    309.5686274509804
                ],
                [
                    1627.7254901960785,
                    264.4705882352941
                ],
                [
                    1672.8235294117646,
                    227.2156862745098
                ],
                [
                    1721.8431372549019,
                    199.76470588235293
                ],
                [
                    1790.4705882352941,
                    209.5686274509804
                ],
                [
                    1837.5294117647059,
                    240.94117647058823
                ],
                [
                    1857.1372549019607,
                    266.4313725490196
                ],
                [
                    1872.8235294117646,
                    286.03921568627453
                ],
                [
                    1800.2745098039215,
                    288.0
                ],
                [
                    1815.9607843137255,
                    309.5686274509804
                ],
                [
                    1833.6078431372548,
                    325.2549019607843
                ],
                [
                    1808.1176470588234,
                    342.9019607843137
                ],
                [
                    1757.1372549019607,
                    366.4313725490196
                ],
                [
                    1729.686274509804,
                    395.84313725490193
                ],
                [
                    1731.6470588235293,
                    468.3921568627451
                ],
                [
                    1710.078431372549,
                    546.8235294117648
                ],
                [
                    1696.3529411764705,
                    597.8039215686274
                ],
                [
                    1688.5098039215686,
                    533.0980392156863
                ],
                [
                    1670.862745098039,
                    480.156862745098
                ],
                [
                    1666.9411764705883,
                    403.6862745098039
                ],
                [
                    1637.5294117647059,
                    360.54901960784315
                ],
                [
                    1576.7450980392157,
                    346.8235294117647
                ],
                [
                    1570.862745098039,
                    333.09803921568624
                ],
                [
                    1612.0392156862745,
                    331.1372549019608
                ]
            ],
            "group_id": null,
            "shape_type": "polygon",
            "flags": {}
        },
        {
            "label": "suitcase",
            "points": [
                [
                    1306.1568627450981,
                    252.70588235294116
                ],
                [
                    1274.7843137254902,
                    293.88235294117646
                ],
                [
                    1263.0196078431372,
                    327.2156862745098
                ],
                [
                    1263.0196078431372,
                    350.7450980392157
                ],
                [
                    1282.627450980392,
                    348.78431372549016
                ],
                [
                    1314.0,
                    397.80392156862746
                ],
                [
                    1331.6470588235293,
                    488.0
                ],
                [
                    1361.0588235294117,
                    568.3921568627451
                ],
                [
                    1376.7450980392157,
                    525.2549019607843
                ],
                [
                    1386.549019607843,
                    440.94117647058823
                ],
                [
                    1402.235294117647,
                    376.2352941176471
                ],
                [
                    1435.5686274509803,
                    354.6666666666667
                ],
                [
                    1474.7843137254902,
                    342.9019607843137
                ],
                [
                    1488.5098039215686,
                    325.2549019607843
                ],
                [
                    1463.0196078431372,
                    307.6078431372549
                ],
                [
                    1510.078431372549,
                    301.72549019607845
                ],
                [
                    1531.6470588235293,
                    293.88235294117646
                ],
                [
                    1508.1176470588234,
                    260.54901960784315
                ],
                [
                    1498.313725490196,
                    237.01960784313724
                ],
                [
                    1492.4313725490197,
                    219.37254901960785
                ],
                [
                    1470.862745098039,
                    207.6078431372549
                ],
                [
                    1431.6470588235293,
                    191.92156862745097
                ],
                [
                    1380.6666666666667,
                    189.9607843137255
                ],
                [
                    1343.4117647058824,
                    213.49019607843138
                ],
                [
                    1317.921568627451,
                    235.05882352941177
                ]
            ],
            "group_id": null,
            "shape_type": "polygon",
            "flags": {}
        },
        {
            "label": "suitcase",
            "points": [
                [
                    941.4509803921569,
                    299.7647058823529
                ],
                [
                    929.6862745098039,
                    342.9019607843137
                ],
                [
                    931.6470588235294,
                    360.54901960784315
                ],
                [
                    970.8627450980391,
                    380.156862745098
                ],
                [
                    988.5098039215686,
                    462.5098039215686
                ],
                [
                    1015.9607843137255,
                    566.4313725490196
                ],
                [
                    1029.686274509804,
                    538.9803921568628
                ],
                [
                    1031.6470588235295,
                    480.156862745098
                ],
                [
                    1047.3333333333333,
                    425.2549019607843
                ],
                [
                    1068.9019607843138,
                    372.3137254901961
                ],
                [
                    1119.8823529411764,
                    352.70588235294116
                ],
                [
                    1108.1176470588234,
                    321.3333333333333
                ],
                [
                    1164.9803921568628,
                    305.6470588235294
                ],
                [
                    1214.0,
                    307.6078431372549
                ],
                [
                    1184.5882352941176,
                    278.19607843137254
                ],
                [
                    1147.3333333333333,
                    250.7450980392157
                ],
                [
                    1117.921568627451,
                    223.2941176470588
                ],
                [
                    1074.7843137254902,
                    207.6078431372549
                ],
                [
                    1033.6078431372548,
                    215.45098039215685
                ],
                [
                    1008.1176470588234,
                    246.8235294117647
                ],
                [
                    976.7450980392157,
                    270.3529411764706
                ]
            ],
            "group_id": null,
            "shape_type": "polygon",
            "flags": {}
        },
        {
            "label": "suitcase",
            "points": [
                [
                    627.7254901960785,
                    305.6470588235294
                ],
                [
                    600.2745098039215,
                    358.5882352941176
                ],
                [
                    600.2745098039215,
                    486.0392156862745
                ],
                [
                    610.0784313725491,
                    586.0392156862745
                ],
                [
                    623.8039215686274,
                    638.9803921568628
                ],
                [
                    655.1764705882352,
                    619.3725490196078
                ],
                [
                    674.7843137254902,
                    617.4117647058823
                ],
                [
                    686.5490196078431,
                    554.6666666666666
                ],
                [
                    694.3921568627451,
                    488.0
                ],
                [
                    702.2352941176471,
                    450.7450980392157
                ],
                [
                    710.0784313725491,
                    409.5686274509804
                ],
                [
                    725.7647058823529,
                    372.3137254901961
                ],
                [
                    741.4509803921568,
                    362.5098039215686
                ],
                [
                    786.5490196078431,
                    352.70588235294116
                ],
                [
                    792.4313725490196,
                    340.94117647058823
                ],
                [
                    774.7843137254902,
                    325.2549019607843
                ],
                [
                    794.3921568627451,
                    301.72549019607845
                ],
                [
                    861.0588235294117,
                    301.72549019607845
                ],
                [
                    910.078431372549,
                    317.4117647058823
                ],
                [
                    894.3921568627451,
                    280.156862745098
                ],
                [
                    868.9019607843137,
                    237.01960784313724
                ],
                [
                    835.5686274509803,
                    213.49019607843138
                ],
                [
                    778.7058823529412,
                    191.92156862745097
                ],
                [
                    721.843137254902,
                    195.84313725490196
                ],
                [
                    678.7058823529412,
                    223.2941176470588
                ],
                [
                    645.3725490196078,
                    268.3921568627451
                ]
            ],
            "group_id": null,
            "shape_type": "polygon",
            "flags": {}
        },
        {
            "label": "backpack",
            "points": [
                [
                    953.2156862745098,
                    282.11764705882354
                ],
                [
                    957.1372549019607,
                    201.72549019607843
                ],
                [
                    972.8235294117646,
                    138.98039215686273
                ],
                [
                    994.392156862745,
                    115.45098039215686
                ],
                [
                    1125.764705882353,
                    105.6470588235294
                ],
                [
                    1202.235294117647,
                    129.1764705882353
                ],
                [
                    1253.2156862745098,
                    191.92156862745097
                ],
                [
                    1270.862745098039,
                    297.80392156862746
                ],
                [
                    1259.0980392156862,
                    315.45098039215685
                ],
                [
                    1212.0392156862745,
                    235.05882352941177
                ],
                [
                    1157.1372549019607,
                    193.88235294117646
                ],
                [
                    1082.627450980392,
                    189.9607843137255
                ],
                [
                    1039.4901960784314,
                    207.6078431372549
                ],
                [
                    1008.1176470588234,
                    244.86274509803923
                ],
                [
                    976.7450980392157,
                    262.5098039215686
                ]
            ],
            "group_id": null,
            "shape_type": "polygon",
            "flags": {}
        },
        {
            "label": "backpack",
            "points": [
                [
                    1290.4705882352941,
                    256.62745098039215
                ],
                [
                    1296.3529411764705,
                    164.47058823529412
                ],
                [
                    1312.0392156862745,
                    119.37254901960785
                ],
                [
                    1331.6470588235293,
                    99.76470588235294
                ],
                [
                    1431.6470588235293,
                    88.0
                ],
                [
                    1515.9607843137255,
                    93.88235294117646
                ],
                [
                    1549.2941176470588,
                    129.1764705882353
                ],
                [
                    1570.862745098039,
                    184.078431372549
                ],
                [
                    1568.9019607843136,
                    258.5882352941176
                ],
                [
                    1555.1764705882354,
                    256.62745098039215
                ],
                [
                    1500.2745098039215,
                    191.92156862745097
                ],
                [
                    1423.8039215686274,
                    182.11764705882354
                ],
                [
                    1370.862745098039,
                    193.88235294117646
                ],
                [
                    1331.6470588235293,
                    215.45098039215685
                ]
            ],
            "group_id": null,
            "shape_type": "polygon",
            "flags": {}
        },
        {
            "label": "backpack",
            "points": [
                [
                    1608.1176470588234,
                    235.05882352941177
                ],
                [
                    1643.4117647058824,
                    144.86274509803923
                ],
                [
                    1686.549019607843,
                    113.49019607843137
                ],
                [
                    1710.078431372549,
                    91.92156862745098
                ],
                [
                    1751.2549019607843,
                    95.84313725490196
                ],
                [
                    1786.549019607843,
                    97.80392156862744
                ],
                [
                    1810.078431372549,
                    115.45098039215686
                ],
                [
                    1853.2156862745098,
                    156.62745098039215
                ],
                [
                    1880.6666666666667,
                    225.2549019607843
                ],
                [
                    1884.5882352941176,
                    278.19607843137254
                ],
                [
                    1859.0980392156862,
                    266.4313725490196
                ],
                [
                    1835.5686274509803,
                    233.09803921568627
                ],
                [
                    1784.5882352941176,
                    207.6078431372549
                ],
                [
                    1719.8823529411764,
                    197.80392156862746
                ],
                [
                    1668.9019607843136,
                    235.05882352941177
                ],
                [
                    1627.7254901960785,
                    266.4313725490196
                ]
            ],
            "group_id": null,
            "shape_type": "polygon",
            "flags": {}
        },
        {
            "label": "backpack",
            "points": [
                [
                    1917.921568627451,
                    274.27450980392155
                ],
                [
                    1933.6078431372548,
                    215.45098039215685
                ],
                [
                    1986.549019607843,
                    131.13725490196077
                ],
                [
                    2025.7647058823527,
                    99.76470588235294
                ],
                [
                    2068.901960784314,
                    74.27450980392156
                ],
                [
                    2106.156862745098,
                    72.31372549019608
                ],
                [
                    2141.450980392157,
                    86.0392156862745
                ],
                [
                    2192.4313725490197,
                    97.80392156862744
                ],
                [
                    2227.725490196078,
                    135.05882352941177
                ],
                [
                    2249.2941176470586,
                    264.4705882352941
                ],
                [
                    2253.2156862745096,
                    358.5882352941176
                ],
                [
                    2233.607843137255,
                    319.37254901960785
                ],
                [
                    2210.078431372549,
                    276.2352941176471
                ],
                [
                    2180.6666666666665,
                    229.17647058823528
                ],
                [
                    2145.372549019608,
                    197.80392156862746
                ],
                [
                    2096.3529411764707,
                    188.0
                ],
                [
                    2017.921568627451,
                    203.68627450980392
                ],
                [
                    1966.9411764705883,
                    238.98039215686273
                ]
            ],
            "group_id": null,
            "shape_type": "polygon",
            "flags": {}
        },
        {
            "label": "backpack",
            "points": [
                [
                    421.84313725490193,
                    135.05882352941177
                ],
                [
                    390.4705882352941,
                    184.078431372549
                ],
                [
                    382.62745098039215,
                    270.3529411764706
                ],
                [
                    421.84313725490193,
                    248.78431372549016
                ],
                [
                    443.4117647058823,
                    215.45098039215685
                ],
                [
                    559.0980392156863,
                    223.2941176470588
                ],
                [
                    602.2352941176471,
                    289.96078431372547
                ],
                [
                    625.7647058823529,
                    301.72549019607845
                ],
                [
                    674.7843137254902,
                    223.2941176470588
                ],
                [
                    686.5490196078431,
                    180.15686274509804
                ],
                [
                    686.5490196078431,
                    144.86274509803923
                ],
                [
                    655.1764705882352,
                    109.56862745098039
                ],
                [
                    633.6078431372549,
                    93.88235294117646
                ],
                [
                    502.2352941176471,
                    72.31372549019608
                ],
                [
                    463.01960784313724,
                    91.92156862745098
                ]
            ],
            "group_id": null,
            "shape_type": "polygon",
            "flags": {}
        },
        {
            "label": "person",
            "points": [
                [
                    2629.6862745098038,
                    188.0
                ],
                [
                    2627.725490196078,
                    237.01960784313724
                ],
                [
                    2621.843137254902,
                    252.70588235294116
                ],
                [
                    2592.4313725490197,
                    268.3921568627451
                ],
                [
                    2568.901960784314,
                    291.921568627451
                ],
                [
                    2566.9411764705883,
                    311.52941176470586
                ],
                [
                    2608.1176470588234,
                    295.84313725490193
                ],
                [
                    2664.9803921568628,
                    303.6862745098039
                ],
                [
                    2715.9607843137255,
                    315.45098039215685
                ],
                [
                    2741.450980392157,
                    297.80392156862746
                ],
                [
                    2729.6862745098038,
                    278.19607843137254
                ],
                [
                    2700.2745098039213,
                    268.3921568627451
                ],
                [
                    2706.156862745098,
                    246.8235294117647
                ],
                [
                    2712.0392156862745,
                    213.49019607843138
                ],
                [
                    2712.0392156862745,
                    180.15686274509804
                ],
                [
                    2690.470588235294,
                    164.47058823529412
                ],
                [
                    2657.1372549019607,
                    164.47058823529412
                ]
            ],
            "group_id": null,
            "shape_type": "polygon",
            "flags": {}
        },
        {
            "label": "suitcase",
            "points": [
                [
                    315.96078431372547,
                    1058.5882352941176
                ],
                [
                    347.3333333333333,
                    1021.3333333333333
                ],
                [
                    388.5098039215686,
                    1007.6078431372549
                ],
                [
                    394.3921568627451,
                    995.843137254902
                ],
                [
                    425.7647058823529,
                    982.1176470588235
                ],
                [
                    494.3921568627451,
                    980.156862745098
                ],
                [
                    500.27450980392155,
                    1027.2156862745098
                ],
                [
                    521.843137254902,
                    1074.2745098039215
                ],
                [
                    461.0588235294117,
                    1050.7450980392157
                ],
                [
                    370.8627450980392,
                    1052.7058823529412
                ]
            ],
            "group_id": null,
            "shape_type": "polygon",
            "flags": {}
        }
    ],
    "imagePath": "../../Canon1DsMkIII_PNG/Canon1DsMkIII_0214.PNG",
    "imageData": null,
    "imageHeight": 1876,
    "imageWidth": 2820
}