{
    "version": "4.5.6",
    "flags": {},
    "shapes": [
        {
            "label": "person",
            "points": [
                [
                    1172.3225806451612,
                    8.806451612903231
                ],
                [
                    1186.8387096774193,
                    47.516129032258064
                ],
                [
                    1162.6451612903227,
                    81.38709677419354
                ],
                [
                    1161.032258064516,
                    103.96774193548387
                ],
                [
                    1177.1612903225807,
                    208.80645161290323
                ],
                [
                    1106.1935483870968,
                    291.06451612903226
                ],
                [
                    1101.3548387096773,
                    392.6774193548387
                ],
                [
                    1099.741935483871,
                    457.1935483870968
                ],
                [
                    1070.7096774193549,
                    502.35483870967744
                ],
                [
                    1107.8064516129032,
                    553.9677419354839
                ],
                [
                    1144.9032258064517,
                    549.1290322580645
                ],
                [
                    1185.225806451613,
                    597.516129032258
                ],
                [
                    1207.8064516129032,
                    644.2903225806451
                ],
                [
                    1182.0,
                    681.3870967741935
                ],
                [
                    1099.741935483871,
                    697.516129032258
                ],
                [
                    1012.6451612903227,
                    694.2903225806451
                ],
                [
                    852.9677419354839,
                    636.2258064516129
                ],
                [
                    759.4193548387096,
                    531.3870967741935
                ],
                [
                    757.8064516129033,
                    597.516129032258
                ],
                [
                    802.9677419354839,
                    666.8709677419355
                ],
                [
                    851.3548387096774,
                    739.4516129032259
                ],
                [
                    911.0322580645161,
                    774.9354838709678
                ],
                [
                    922.3225806451613,
                    802.3548387096774
                ],
                [
                    267.48387096774195,
                    1173.3225806451612
                ],
                [
                    162.6451612903226,
                    1171.7096774193549
                ],
                [
                    170.70967741935485,
                    1091.0645161290322
                ],
                [
                    132.0,
                    1110.4193548387098
                ],
                [
                    109.41935483870968,
                    1115.258064516129
                ],
                [
                    88.45161290322581,
                    1129.774193548387
                ],
                [
                    72.3225806451613,
                    1129.774193548387
                ],
                [
                    61.03225806451613,
                    1153.967741935484
                ],
                [
                    61.03225806451613,
                    1192.6774193548388
                ],
                [
                    64.25806451612904,
                    1229.774193548387
                ],
                [
                    83.61290322580645,
                    1253.967741935484
                ],
                [
                    99.74193548387098,
                    1274.9354838709678
                ],
                [
                    152.96774193548387,
                    1302.3548387096773
                ],
                [
                    211.03225806451613,
                    1303.967741935484
                ],
                [
                    290.06451612903226,
                    1257.1935483870968
                ],
                [
                    1062.6451612903227,
                    968.483870967742
                ],
                [
                    1167.483870967742,
                    1300.741935483871
                ],
                [
                    1104.5806451612902,
                    1389.4516129032259
                ],
                [
                    972.3225806451613,
                    1424.9354838709678
                ],
                [
                    836.8387096774194,
                    1360.4193548387098
                ],
                [
                    706.1935483870968,
                    1407.1935483870968
                ],
                [
                    646.516129032258,
                    1471.7096774193549
                ],
                [
                    609.4193548387096,
                    1518.483870967742
                ],
                [
                    590.0645161290323,
                    1583.0
                ],
                [
                    586.8387096774194,
                    1702.3548387096773
                ],
                [
                    690.0645161290323,
                    1871.7096774193549
                ],
                [
                    809,
                    1875
                ],
                [
                    891.6774193548387,
                    1865.258064516129
                ],
                [
                    862.6451612903226,
                    1724.9354838709678
                ],
                [
                    896.516129032258,
                    1707.1935483870968
                ],
                [
                    999.741935483871,
                    1708.8064516129032
                ],
                [
                    1175.5483870967741,
                    1707.1935483870968
                ],
                [
                    1246.516129032258,
                    1710.4193548387098
                ],
                [
                    1270.7096774193549,
                    1723.3225806451612
                ],
                [
                    1278.774193548387,
                    1863.6451612903227
                ],
                [
                    1561.032258064516,
                    1873.3225806451612
                ],
                [
                    1538.4516129032259,
                    1681.3870967741937
                ],
                [
                    1835.225806451613,
                    1713.6451612903227
                ],
                [
                    1954.5806451612902,
                    1729.774193548387
                ],
                [
                    2004.5806451612902,
                    1739.4516129032259
                ],
                [
                    2012.6451612903227,
                    1844.2903225806451
                ],
                [
                    2007.8064516129032,
                    1866.8709677419356
                ],
                [
                    2251.3548387096776,
                    1871.7096774193549
                ],
                [
                    2298.1290322580644,
                    1789.4516129032259
                ],
                [
                    2256.1935483870966,
                    1629.774193548387
                ],
                [
                    2143.2903225806454,
                    1610.4193548387098
                ],
                [
                    2151.3548387096776,
                    1453.967741935484
                ],
                [
                    2062.6451612903224,
                    1400.741935483871
                ],
                [
                    1985.225806451613,
                    1397.516129032258
                ],
                [
                    1894.9032258064517,
                    1429.774193548387
                ],
                [
                    1657.8064516129032,
                    1415.258064516129
                ],
                [
                    1623.9354838709678,
                    1392.6774193548388
                ],
                [
                    1601.3548387096773,
                    1395.9032258064517
                ],
                [
                    1572.3225806451612,
                    1371.7096774193549
                ],
                [
                    1557.8064516129032,
                    1302.3548387096773
                ],
                [
                    1536.8387096774193,
                    1284.6129032258063
                ],
                [
                    1509.4193548387098,
                    1199.1290322580646
                ],
                [
                    1585.225806451613,
                    908.8064516129033
                ],
                [
                    1975.5483870967741,
                    776.5483870967741
                ],
                [
                    2282.0,
                    387.83870967741933
                ],
                [
                    2298.1290322580644,
                    320.0967741935484
                ],
                [
                    2275.548387096774,
                    245.9032258064516
                ],
                [
                    2254.5806451612902,
                    213.64516129032256
                ],
                [
                    2251.3548387096776,
                    160.41935483870967
                ],
                [
                    2217.483870967742,
                    155.58064516129033
                ],
                [
                    2199.741935483871,
                    178.16129032258064
                ],
                [
                    2211.032258064516,
                    229.77419354838707
                ],
                [
                    2059.4193548387098,
                    123.32258064516128
                ],
                [
                    2023.9354838709678,
                    112.03225806451613
                ],
                [
                    1991.6774193548388,
                    126.5483870967742
                ],
                [
                    2040.0645161290322,
                    153.96774193548387
                ],
                [
                    2156.1935483870966,
                    241.06451612903226
                ],
                [
                    2185.2258064516127,
                    283.0
                ],
                [
                    2190.064516129032,
                    336.2258064516129
                ],
                [
                    2167.483870967742,
                    347.51612903225805
                ],
                [
                    1948.1290322580646,
                    629.7741935483871
                ],
                [
                    1757.8064516129032,
                    678.1612903225806
                ],
                [
                    1785.225806451613,
                    591.0645161290323
                ],
                [
                    1791.6774193548388,
                    503.9677419354839
                ],
                [
                    1783.6129032258066,
                    463.64516129032256
                ],
                [
                    1751.3548387096773,
                    489.45161290322585
                ],
                [
                    1712.6451612903227,
                    557.1935483870968
                ],
                [
                    1699.741935483871,
                    595.9032258064516
                ],
                [
                    1690.0645161290322,
                    633.0
                ],
                [
                    1599.741935483871,
                    662.0322580645161
                ],
                [
                    1504.5806451612902,
                    668.483870967742
                ],
                [
                    1475.5483870967741,
                    653.9677419354839
                ],
                [
                    1461.032258064516,
                    668.483870967742
                ],
                [
                    1399.741935483871,
                    658.8064516129032
                ],
                [
                    1364.258064516129,
                    649.1290322580645
                ],
                [
                    1357.8064516129032,
                    618.483870967742
                ],
                [
                    1377.1612903225807,
                    557.1935483870968
                ],
                [
                    1396.516129032258,
                    495.9032258064516
                ],
                [
                    1391.6774193548388,
                    329.7741935483871
                ],
                [
                    1357.8064516129032,
                    274.93548387096774
                ],
                [
                    1272.3225806451612,
                    210.4193548387097
                ],
                [
                    1246.516129032258,
                    128.16129032258064
                ],
                [
                    1256.1935483870968,
                    65.25806451612902
                ],
                [
                    1212.6451612903227,
                    42.677419354838705
                ],
                [
                    1209.4193548387098,
                    8.806451612903231
                ]
            ],
            "group_id": null,
            "shape_type": "polygon",
            "flags": {}
        }
    ],
    "imagePath": "../../Canon1DsMkIII_PNG/Canon1DsMkIII_0050.PNG",
    "imageData": null,
    "imageHeight": 1876,
    "imageWidth": 2820
}