{
    "version": "4.5.6",
    "flags": {},
    "shapes": [
        {
            "label": "cup",
            "points": [
                [
                    337.52941176470586,
                    872.313725490196
                ],
                [
                    353.2156862745098,
                    948.7843137254902
                ],
                [
                    370.8627450980392,
                    966.4313725490196
                ],
                [
                    441.4509803921569,
                    960.5490196078431
                ],
                [
                    447.33333333333337,
                    917.4117647058823
                ],
                [
                    439.4901960784314,
                    838.9803921568628
                ],
                [
                    382.62745098039215,
                    837.0196078431372
                ],
                [
                    349.29411764705884,
                    846.8235294117646
                ]
            ],
            "group_id": null,
            "shape_type": "polygon",
            "flags": {}
        },
        {
            "label": "cup",
            "points": [
                [
                    659.0980392156863,
                    425.2549019607843
                ],
                [
                    684.5882352941177,
                    538.9803921568628
                ],
                [
                    731.6470588235294,
                    562.5098039215686
                ],
                [
                    786.5490196078431,
                    552.7058823529412
                ],
                [
                    800.2745098039215,
                    529.1764705882352
                ],
                [
                    837.5294117647059,
                    511.52941176470586
                ],
                [
                    849.2941176470588,
                    464.4705882352941
                ],
                [
                    835.5686274509803,
                    438.98039215686276
                ],
                [
                    804.1960784313725,
                    433.09803921568624
                ],
                [
                    800.2745098039215,
                    407.6078431372549
                ],
                [
                    755.1764705882352,
                    391.921568627451
                ],
                [
                    698.313725490196,
                    395.84313725490193
                ]
            ],
            "group_id": null,
            "shape_type": "polygon",
            "flags": {}
        },
        {
            "label": "cup",
            "points": [
                [
                    194.39215686274508,
                    197.80392156862746
                ],
                [
                    217.921568627451,
                    276.2352941176471
                ],
                [
                    249.29411764705884,
                    288.0
                ],
                [
                    310.078431372549,
                    282.11764705882354
                ],
                [
                    319.88235294117646,
                    256.62745098039215
                ],
                [
                    347.3333333333333,
                    244.86274509803923
                ],
                [
                    361.05882352941177,
                    213.49019607843138
                ],
                [
                    347.3333333333333,
                    180.15686274509804
                ],
                [
                    321.84313725490193,
                    176.23529411764704
                ],
                [
                    312.03921568627453,
                    164.47058823529412
                ],
                [
                    253.21568627450978,
                    162.50980392156862
                ],
                [
                    214.0,
                    174.27450980392157
                ]
            ],
            "group_id": null,
            "shape_type": "polygon",
            "flags": {}
        },
        {
            "label": "cup",
            "points": [
                [
                    1082.627450980392,
                    372.3137254901961
                ],
                [
                    1092.4313725490197,
                    411.52941176470586
                ],
                [
                    1110.078431372549,
                    433.09803921568624
                ],
                [
                    1114.0,
                    474.27450980392155
                ],
                [
                    1141.450980392157,
                    484.078431372549
                ],
                [
                    1188.5098039215686,
                    472.3137254901961
                ],
                [
                    1182.627450980392,
                    446.8235294117647
                ],
                [
                    1190.4705882352941,
                    409.5686274509804
                ],
                [
                    1202.235294117647,
                    368.3921568627451
                ],
                [
                    1188.5098039215686,
                    354.6666666666667
                ],
                [
                    1153.2156862745098,
                    350.7450980392157
                ],
                [
                    1112.0392156862745,
                    356.62745098039215
                ]
            ],
            "group_id": null,
            "shape_type": "polygon",
            "flags": {}
        },
        {
            "label": "cup",
            "points": [
                [
                    1415.9607843137255,
                    576.2352941176471
                ],
                [
                    1423.8039215686274,
                    638.9803921568628
                ],
                [
                    1443.4117647058824,
                    660.5490196078431
                ],
                [
                    1445.3725490196077,
                    709.5686274509803
                ],
                [
                    1463.0196078431372,
                    727.2156862745098
                ],
                [
                    1514.0,
                    729.1764705882352
                ],
                [
                    1531.6470588235293,
                    713.4901960784314
                ],
                [
                    1529.686274509804,
                    646.8235294117646
                ],
                [
                    1547.3333333333333,
                    589.9607843137255
                ],
                [
                    1551.2549019607843,
                    566.4313725490196
                ],
                [
                    1510.078431372549,
                    550.7450980392157
                ],
                [
                    1464.9803921568628,
                    550.7450980392157
                ]
            ],
            "group_id": null,
            "shape_type": "polygon",
            "flags": {}
        },
        {
            "label": "cup",
            "points": [
                [
                    1763.0196078431372,
                    248.78431372549016
                ],
                [
                    1778.7058823529412,
                    313.4901960784314
                ],
                [
                    1780.6666666666667,
                    350.7450980392157
                ],
                [
                    1825.764705882353,
                    354.6666666666667
                ],
                [
                    1863.0196078431372,
                    342.9019607843137
                ],
                [
                    1866.9411764705883,
                    307.6078431372549
                ],
                [
                    1876.7450980392157,
                    238.98039215686273
                ],
                [
                    1847.3333333333333,
                    229.17647058823528
                ],
                [
                    1806.156862745098,
                    227.2156862745098
                ]
            ],
            "group_id": null,
            "shape_type": "polygon",
            "flags": {}
        },
        {
            "label": "cup",
            "points": [
                [
                    1402.235294117647,
                    5.647058823529413
                ],
                [
                    1417.921568627451,
                    86.0392156862745
                ],
                [
                    1461.0588235294117,
                    91.92156862745098
                ],
                [
                    1504.1960784313726,
                    88.0
                ],
                [
                    1515.9607843137255,
                    52.705882352941174
                ],
                [
                    1543.4117647058824,
                    42.90196078431372
                ],
                [
                    1561.0588235294117,
                    3.686274509803921
                ],
                [
                    1404,
                    0
                ]
            ],
            "group_id": null,
            "shape_type": "polygon",
            "flags": {}
        }
    ],
    "imagePath": "../../Canon1DsMkIII_PNG/Canon1DsMkIII_0118.PNG",
    "imageData": null,
    "imageHeight": 1876,
    "imageWidth": 2820
}