{
    "version": "4.5.6",
    "flags": {},
    "shapes": [
        {
            "label": "chair",
            "points": [
                [
                    1840.0645161290322,
                    1460.4193548387098
                ],
                [
                    1849.741935483871,
                    1583.0
                ],
                [
                    1902.967741935484,
                    1592.6774193548388
                ],
                [
                    1914.258064516129,
                    1518.483870967742
                ],
                [
                    1949.741935483871,
                    1487.8387096774193
                ],
                [
                    2099.741935483871,
                    1510.4193548387098
                ],
                [
                    2101.3548387096776,
                    1563.6451612903227
                ],
                [
                    2117.483870967742,
                    1565.258064516129
                ],
                [
                    2115.8709677419356,
                    1626.5483870967741
                ],
                [
                    2175.548387096774,
                    1652.3548387096773
                ],
                [
                    2180.3870967741937,
                    1621.7096774193549
                ],
                [
                    2186.8387096774195,
                    1468.483870967742
                ],
                [
                    2220.7096774193546,
                    1505.5806451612902
                ],
                [
                    2259.4193548387098,
                    1510.4193548387098
                ],
                [
                    2264.2580645161293,
                    1465.258064516129
                ]
            ],
            "group_id": null,
            "shape_type": "polygon",
            "flags": {}
        }
    ],
    "imagePath": "../../Canon1DsMkIII_PNG/Canon1DsMkIII_0030.PNG",
    "imageData": null,
    "imageHeight": 1876,
    "imageWidth": 2820
}