{
    "version": "4.5.6",
    "flags": {},
    "shapes": [
        {
            "label": "person",
            "points": [
                [
                    1433.6078431372548,
                    768.3921568627451
                ],
                [
                    1408.1176470588234,
                    897.8039215686274
                ],
                [
                    1419.8823529411764,
                    927.2156862745098
                ],
                [
                    1404.1960784313726,
                    962.5098039215686
                ],
                [
                    1398.313725490196,
                    1023.2941176470588
                ],
                [
                    1431.6470588235293,
                    1166.4313725490197
                ],
                [
                    1441.450980392157,
                    1237.0196078431372
                ],
                [
                    1425.764705882353,
                    1299.764705882353
                ],
                [
                    1431.6470588235293,
                    1311.5294117647059
                ],
                [
                    1490.4705882352941,
                    1335.0588235294117
                ],
                [
                    1474.7843137254902,
                    1399.764705882353
                ],
                [
                    1453.2156862745098,
                    1433.0980392156862
                ],
                [
                    1455.1764705882354,
                    1538.9803921568628
                ],
                [
                    1449.2941176470588,
                    1595.8431372549019
                ],
                [
                    1429.686274509804,
                    1635.0588235294117
                ],
                [
                    1421.8431372549019,
                    1680.156862745098
                ],
                [
                    1461.0588235294117,
                    1676.235294117647
                ],
                [
                    1515.9607843137255,
                    1640.9411764705883
                ],
                [
                    1535.5686274509803,
                    1625.2549019607843
                ],
                [
                    1510.078431372549,
                    1593.8823529411764
                ],
                [
                    1500.2745098039215,
                    1589.9607843137255
                ],
                [
                    1492.4313725490197,
                    1564.4705882352941
                ],
                [
                    1506.1568627450981,
                    1529.1764705882354
                ],
                [
                    1531.6470588235293,
                    1415.450980392157
                ],
                [
                    1580.6666666666667,
                    1403.686274509804
                ],
                [
                    1615.9607843137255,
                    1388.0
                ],
                [
                    1702.235294117647,
                    1460.549019607843
                ],
                [
                    1694.392156862745,
                    1501.7254901960785
                ],
                [
                    1670.862745098039,
                    1556.627450980392
                ],
                [
                    1663.0196078431372,
                    1629.1764705882354
                ],
                [
                    1629.686274509804,
                    1701.7254901960785
                ],
                [
                    1629.686274509804,
                    1729.1764705882354
                ],
                [
                    1615.9607843137255,
                    1756.627450980392
                ],
                [
                    1629.686274509804,
                    1784.078431372549
                ],
                [
                    1766.9411764705883,
                    1784.078431372549
                ],
                [
                    1770.862745098039,
                    1733.0980392156862
                ],
                [
                    1717.921568627451,
                    1707.6078431372548
                ],
                [
                    1710.078431372549,
                    1689.9607843137255
                ],
                [
                    1708.1176470588234,
                    1676.235294117647
                ],
                [
                    1723.8039215686274,
                    1623.2941176470588
                ],
                [
                    1766.9411764705883,
                    1519.3725490196077
                ],
                [
                    1766.9411764705883,
                    1399.764705882353
                ],
                [
                    1674.7843137254902,
                    1278.1960784313726
                ],
                [
                    1666.9411764705883,
                    1248.7843137254902
                ],
                [
                    1621.8431372549019,
                    1215.450980392157
                ],
                [
                    1615.9607843137255,
                    1193.8823529411764
                ],
                [
                    1680.6666666666667,
                    1172.313725490196
                ],
                [
                    1700.2745098039215,
                    1160.549019607843
                ],
                [
                    1741.450980392157,
                    1146.8235294117646
                ],
                [
                    1766.9411764705883,
                    1135.0588235294117
                ],
                [
                    1778.7058823529412,
                    1113.4901960784314
                ],
                [
                    1761.0588235294117,
                    1097.8039215686274
                ],
                [
                    1731.6470588235293,
                    1095.8431372549019
                ],
                [
                    1708.1176470588234,
                    1101.7254901960785
                ],
                [
                    1690.4705882352941,
                    1117.4117647058824
                ],
                [
                    1663.0196078431372,
                    1123.2941176470588
                ],
                [
                    1635.5686274509803,
                    1119.3725490196077
                ],
                [
                    1617.921568627451,
                    1107.6078431372548
                ],
                [
                    1608.1176470588234,
                    1070.3529411764705
                ],
                [
                    1580.6666666666667,
                    995.843137254902
                ],
                [
                    1557.1372549019607,
                    958.5882352941177
                ],
                [
                    1531.6470588235293,
                    933.0980392156863
                ],
                [
                    1559.0980392156862,
                    933.0980392156863
                ],
                [
                    1582.627450980392,
                    925.2549019607843
                ],
                [
                    1590.4705882352941,
                    903.6862745098039
                ],
                [
                    1596.3529411764705,
                    864.4705882352941
                ],
                [
                    1592.4313725490197,
                    846.8235294117646
                ],
                [
                    1596.3529411764705,
                    807.6078431372549
                ],
                [
                    1588.5098039215686,
                    772.313725490196
                ],
                [
                    1561.0588235294117,
                    746.8235294117646
                ],
                [
                    1531.6470588235293,
                    731.1372549019608
                ],
                [
                    1496.3529411764705,
                    723.2941176470588
                ],
                [
                    1461.0588235294117,
                    738.9803921568628
                ]
            ],
            "group_id": null,
            "shape_type": "polygon",
            "flags": {}
        },
        {
            "label": "person",
            "points": [
                [
                    2404.1960784313724,
                    776.2352941176471
                ],
                [
                    2392.4313725490197,
                    817.4117647058823
                ],
                [
                    2402.235294117647,
                    850.7450980392157
                ],
                [
                    2372.823529411765,
                    927.2156862745098
                ],
                [
                    2425.7647058823527,
                    938.9803921568628
                ],
                [
                    2455.176470588235,
                    991.9215686274509
                ],
                [
                    2453.2156862745096,
                    1111.5294117647059
                ],
                [
                    2457.1372549019607,
                    1172.313725490196
                ],
                [
                    2484.5882352941176,
                    1205.6470588235293
                ],
                [
                    2500.2745098039213,
                    1268.392156862745
                ],
                [
                    2496.3529411764707,
                    1307.6078431372548
                ],
                [
                    2537.529411764706,
                    1311.5294117647059
                ],
                [
                    2574.78431372549,
                    1289.9607843137255
                ],
                [
                    2576.7450980392155,
                    1262.5098039215686
                ],
                [
                    2547.3333333333335,
                    1254.6666666666667
                ],
                [
                    2539.4901960784314,
                    1227.2156862745098
                ],
                [
                    2584.5882352941176,
                    1209.5686274509803
                ],
                [
                    2619.8823529411766,
                    1189.9607843137255
                ],
                [
                    2631.6470588235293,
                    1191.921568627451
                ],
                [
                    2655.176470588235,
                    1264.4705882352941
                ],
                [
                    2690.470588235294,
                    1305.6470588235293
                ],
                [
                    2682.627450980392,
                    1346.8235294117646
                ],
                [
                    2698.3137254901962,
                    1366.4313725490197
                ],
                [
                    2745.372549019608,
                    1356.627450980392
                ],
                [
                    2784.5882352941176,
                    1350.7450980392157
                ],
                [
                    2800.2745098039213,
                    1313.4901960784314
                ],
                [
                    2784.5882352941176,
                    1293.8823529411764
                ],
                [
                    2739.4901960784314,
                    1291.921568627451
                ],
                [
                    2723.8039215686276,
                    1264.4705882352941
                ],
                [
                    2692.4313725490197,
                    1172.313725490196
                ],
                [
                    2664.9803921568628,
                    1121.3333333333333
                ],
                [
                    2641.450980392157,
                    1093.8823529411764
                ],
                [
                    2588.5098039215686,
                    1088.0
                ],
                [
                    2570.8627450980393,
                    1038.9803921568628
                ],
                [
                    2574.78431372549,
                    984.078431372549
                ],
                [
                    2570.8627450980393,
                    933.0980392156863
                ],
                [
                    2559.098039215686,
                    907.6078431372549
                ],
                [
                    2543.4117647058824,
                    897.8039215686274
                ],
                [
                    2549.2941176470586,
                    870.3529411764706
                ],
                [
                    2564.9803921568628,
                    852.7058823529412
                ],
                [
                    2572.823529411765,
                    782.1176470588235
                ],
                [
                    2553.2156862745096,
                    750.7450980392157
                ],
                [
                    2517.921568627451,
                    727.2156862745098
                ],
                [
                    2470.8627450980393,
                    717.4117647058823
                ],
                [
                    2435.5686274509803,
                    733.0980392156863
                ]
            ],
            "group_id": null,
            "shape_type": "polygon",
            "flags": {}
        },
        {
            "label": "person",
            "points": [
                [
                    1902.235294117647,
                    237.01960784313724
                ],
                [
                    1874.7843137254902,
                    280.156862745098
                ],
                [
                    1892.4313725490197,
                    368.3921568627451
                ],
                [
                    1896.3529411764705,
                    401.7254901960784
                ],
                [
                    1874.7843137254902,
                    456.62745098039215
                ],
                [
                    1851.2549019607843,
                    480.156862745098
                ],
                [
                    1855.1764705882354,
                    535.0588235294117
                ],
                [
                    1825.764705882353,
                    611.5294117647059
                ],
                [
                    1839.4901960784314,
                    664.4705882352941
                ],
                [
                    1857.1372549019607,
                    713.4901960784314
                ],
                [
                    1868.9019607843136,
                    731.1372549019608
                ],
                [
                    1857.1372549019607,
                    931.1372549019608
                ],
                [
                    2015.9607843137255,
                    919.3725490196078
                ],
                [
                    2008.1176470588234,
                    854.6666666666666
                ],
                [
                    2015.9607843137255,
                    821.3333333333334
                ],
                [
                    2031.6470588235293,
                    764.4705882352941
                ],
                [
                    2029.6862745098038,
                    695.843137254902
                ],
                [
                    2023.8039215686276,
                    658.5882352941177
                ],
                [
                    2015.9607843137255,
                    617.4117647058823
                ],
                [
                    2019.8823529411766,
                    542.9019607843137
                ],
                [
                    2019.8823529411766,
                    495.84313725490193
                ],
                [
                    2031.6470588235293,
                    397.80392156862746
                ],
                [
                    2017.921568627451,
                    346.8235294117647
                ],
                [
                    1996.3529411764707,
                    329.1764705882353
                ],
                [
                    2002.2352941176468,
                    284.078431372549
                ],
                [
                    1990.4705882352941,
                    238.98039215686273
                ],
                [
                    1966.9411764705883,
                    225.2549019607843
                ],
                [
                    1923.8039215686274,
                    223.2941176470588
                ]
            ],
            "group_id": null,
            "shape_type": "polygon",
            "flags": {}
        },
        {
            "label": "handbag",
            "points": [
                [
                    1837.5294117647059,
                    935.0588235294117
                ],
                [
                    1851.2549019607843,
                    1101.7254901960785
                ],
                [
                    1870.862745098039,
                    1127.2156862745098
                ],
                [
                    1878.7058823529412,
                    1186.0392156862745
                ],
                [
                    1861.0588235294117,
                    1219.3725490196077
                ],
                [
                    1870.862745098039,
                    1235.0588235294117
                ],
                [
                    2055.176470588235,
                    1209.5686274509803
                ],
                [
                    2068.901960784314,
                    1191.921568627451
                ],
                [
                    2057.1372549019607,
                    1021.3333333333333
                ],
                [
                    2063.0196078431372,
                    923.2941176470588
                ],
                [
                    2053.2156862745096,
                    913.4901960784314
                ],
                [
                    1855.1764705882354,
                    925.2549019607843
                ]
            ],
            "group_id": null,
            "shape_type": "polygon",
            "flags": {}
        },
        {
            "label": "backpack",
            "points": [
                [
                    2023.8039215686276,
                    576.2352941176471
                ],
                [
                    2063.0196078431372,
                    597.8039215686274
                ],
                [
                    2102.235294117647,
                    676.2352941176471
                ],
                [
                    2117.921568627451,
                    731.1372549019608
                ],
                [
                    2102.235294117647,
                    778.1960784313725
                ],
                [
                    2043.4117647058824,
                    821.3333333333334
                ],
                [
                    2014.0,
                    827.2156862745098
                ],
                [
                    2031.6470588235293,
                    764.4705882352941
                ],
                [
                    2031.6470588235293,
                    691.9215686274509
                ],
                [
                    2023.8039215686276,
                    658.5882352941177
                ],
                [
                    2012.0392156862745,
                    617.4117647058823
                ]
            ],
            "group_id": null,
            "shape_type": "polygon",
            "flags": {}
        },
        {
            "label": "bench",
            "points": [
                [
                    2102.235294117647,
                    654.6666666666666
                ],
                [
                    2164.9803921568628,
                    656.6274509803922
                ],
                [
                    2164.9803921568628,
                    648.7843137254902
                ],
                [
                    2243.4117647058824,
                    654.6666666666666
                ],
                [
                    2268.901960784314,
                    668.3921568627451
                ],
                [
                    2323.8039215686276,
                    672.313725490196
                ],
                [
                    2321.843137254902,
                    825.2549019607843
                ],
                [
                    2304.1960784313724,
                    821.3333333333334
                ],
                [
                    2302.235294117647,
                    758.5882352941177
                ],
                [
                    2117.921568627451,
                    750.7450980392157
                ],
                [
                    2119.8823529411766,
                    731.1372549019608
                ],
                [
                    2102.235294117647,
                    674.2745098039215
                ]
            ],
            "group_id": null,
            "shape_type": "polygon",
            "flags": {}
        },
        {
            "label": "bench",
            "points": [
                [
                    2321.843137254902,
                    672.313725490196
                ],
                [
                    2315.9607843137255,
                    827.2156862745098
                ],
                [
                    2327.725490196078,
                    823.2941176470588
                ],
                [
                    2333.607843137255,
                    764.4705882352941
                ],
                [
                    2410.078431372549,
                    766.4313725490196
                ],
                [
                    2429.6862745098038,
                    731.1372549019608
                ],
                [
                    2464.9803921568628,
                    713.4901960784314
                ],
                [
                    2519.8823529411766,
                    735.0588235294117
                ],
                [
                    2559.098039215686,
                    756.6274509803922
                ],
                [
                    2574.78431372549,
                    776.2352941176471
                ],
                [
                    2764.9803921568628,
                    799.7647058823529
                ],
                [
                    2766.9411764705883,
                    882.1176470588235
                ],
                [
                    2782.627450980392,
                    880.156862745098
                ],
                [
                    2786.549019607843,
                    717.4117647058823
                ],
                [
                    2806.156862745098,
                    670.3529411764706
                ],
                [
                    2496.3529411764707,
                    658.5882352941177
                ]
            ],
            "group_id": null,
            "shape_type": "polygon",
            "flags": {}
        },
        {
            "label": "person",
            "points": [
                [
                    2592.4313725490197,
                    480.156862745098
                ],
                [
                    2557.1372549019607,
                    501.72549019607845
                ],
                [
                    2549.2941176470586,
                    556.6274509803922
                ],
                [
                    2527.725490196078,
                    609.5686274509803
                ],
                [
                    2508.1176470588234,
                    644.8627450980392
                ],
                [
                    2529.6862745098038,
                    684.0784313725491
                ],
                [
                    2559.098039215686,
                    701.7254901960785
                ],
                [
                    2570.8627450980393,
                    758.5882352941177
                ],
                [
                    2570.8627450980393,
                    784.0784313725491
                ],
                [
                    2564.9803921568628,
                    850.7450980392157
                ],
                [
                    2551.254901960784,
                    872.313725490196
                ],
                [
                    2557.1372549019607,
                    886.0392156862745
                ],
                [
                    2586.549019607843,
                    880.156862745098
                ],
                [
                    2594.392156862745,
                    833.0980392156863
                ],
                [
                    2615.9607843137255,
                    752.7058823529412
                ],
                [
                    2635.5686274509803,
                    782.1176470588235
                ],
                [
                    2643.4117647058824,
                    817.4117647058823
                ],
                [
                    2674.78431372549,
                    817.4117647058823
                ],
                [
                    2717.921568627451,
                    799.7647058823529
                ],
                [
                    2676.7450980392155,
                    770.3529411764706
                ],
                [
                    2653.2156862745096,
                    731.1372549019608
                ],
                [
                    2655.176470588235,
                    688.0
                ],
                [
                    2678.705882352941,
                    695.843137254902
                ],
                [
                    2696.3529411764707,
                    656.6274509803922
                ],
                [
                    2692.4313725490197,
                    609.5686274509803
                ],
                [
                    2700.2745098039213,
                    574.2745098039215
                ],
                [
                    2704.1960784313724,
                    550.7450980392157
                ],
                [
                    2710.078431372549,
                    501.72549019607845
                ],
                [
                    2717.921568627451,
                    468.3921568627451
                ],
                [
                    2694.392156862745,
                    462.5098039215686
                ],
                [
                    2692.4313725490197,
                    448.78431372549016
                ],
                [
                    2700.2745098039213,
                    427.2156862745098
                ],
                [
                    2688.5098039215686,
                    401.7254901960784
                ],
                [
                    2672.823529411765,
                    386.03921568627453
                ],
                [
                    2645.372549019608,
                    393.88235294117646
                ],
                [
                    2612.0392156862745,
                    421.3333333333333
                ],
                [
                    2610.078431372549,
                    452.70588235294116
                ]
            ],
            "group_id": null,
            "shape_type": "polygon",
            "flags": {}
        },
        {
            "label": "person",
            "points": [
                [
                    2296.3529411764707,
                    403.6862745098039
                ],
                [
                    2288.5098039215686,
                    438.98039215686276
                ],
                [
                    2302.235294117647,
                    462.5098039215686
                ],
                [
                    2274.78431372549,
                    476.2352941176471
                ],
                [
                    2268.901960784314,
                    509.56862745098033
                ],
                [
                    2263.0196078431372,
                    572.313725490196
                ],
                [
                    2270.8627450980393,
                    591.9215686274509
                ],
                [
                    2259.098039215686,
                    633.0980392156863
                ],
                [
                    2259.098039215686,
                    658.5882352941177
                ],
                [
                    2308.1176470588234,
                    674.2745098039215
                ],
                [
                    2349.2941176470586,
                    666.4313725490196
                ],
                [
                    2419.8823529411766,
                    666.4313725490196
                ],
                [
                    2427.725490196078,
                    629.1764705882352
                ],
                [
                    2415.9607843137255,
                    603.6862745098039
                ],
                [
                    2443.4117647058824,
                    582.1176470588235
                ],
                [
                    2439.4901960784314,
                    529.1764705882352
                ],
                [
                    2400.2745098039213,
                    478.19607843137254
                ],
                [
                    2376.7450980392155,
                    458.5882352941176
                ],
                [
                    2382.627450980392,
                    405.6470588235294
                ],
                [
                    2355.176470588235,
                    382.11764705882354
                ],
                [
                    2308.1176470588234,
                    386.03921568627453
                ]
            ],
            "group_id": null,
            "shape_type": "polygon",
            "flags": {}
        },
        {
            "label": "person",
            "points": [
                [
                    2168.901960784314,
                    205.64705882352942
                ],
                [
                    2159.098039215686,
                    238.98039215686273
                ],
                [
                    2153.2156862745096,
                    260.54901960784315
                ],
                [
                    2129.6862745098038,
                    289.96078431372547
                ],
                [
                    2131.6470588235293,
                    368.3921568627451
                ],
                [
                    2133.607843137255,
                    419.37254901960785
                ],
                [
                    2129.6862745098038,
                    482.11764705882354
                ],
                [
                    2129.6862745098038,
                    521.3333333333334
                ],
                [
                    2161.0588235294117,
                    521.3333333333334
                ],
                [
                    2182.627450980392,
                    513.4901960784314
                ],
                [
                    2206.156862745098,
                    489.96078431372547
                ],
                [
                    2204.1960784313724,
                    391.921568627451
                ],
                [
                    2208.1176470588234,
                    346.8235294117647
                ],
                [
                    2223.8039215686276,
                    333.09803921568624
                ],
                [
                    2235.5686274509803,
                    289.96078431372547
                ],
                [
                    2237.529411764706,
                    256.62745098039215
                ],
                [
                    2219.8823529411766,
                    238.98039215686273
                ],
                [
                    2198.3137254901962,
                    229.17647058823528
                ],
                [
                    2196.3529411764707,
                    207.6078431372549
                ]
            ],
            "group_id": null,
            "shape_type": "polygon",
            "flags": {}
        },
        {
            "label": "person",
            "points": [
                [
                    831.6470588235294,
                    589.9607843137255
                ],
                [
                    827.7254901960785,
                    619.3725490196078
                ],
                [
                    845.3725490196078,
                    638.9803921568628
                ],
                [
                    841.4509803921568,
                    662.5098039215686
                ],
                [
                    804.1960784313725,
                    684.0784313725491
                ],
                [
                    788.5098039215686,
                    723.2941176470588
                ],
                [
                    768.9019607843137,
                    770.3529411764706
                ],
                [
                    788.5098039215686,
                    789.9607843137255
                ],
                [
                    788.5098039215686,
                    878.1960784313725
                ],
                [
                    794.3921568627451,
                    935.0588235294117
                ],
                [
                    780.6666666666666,
                    1080.1568627450981
                ],
                [
                    776.7450980392157,
                    1140.9411764705883
                ],
                [
                    757.1372549019608,
                    1162.5098039215686
                ],
                [
                    772.8235294117646,
                    1180.1568627450981
                ],
                [
                    778.7058823529412,
                    1199.764705882353
                ],
                [
                    812.0392156862745,
                    1195.8431372549019
                ],
                [
                    821.843137254902,
                    1186.0392156862745
                ],
                [
                    837.5294117647059,
                    1099.764705882353
                ],
                [
                    845.3725490196078,
                    1103.686274509804
                ],
                [
                    843.4117647058823,
                    1184.078431372549
                ],
                [
                    849.2941176470588,
                    1207.6078431372548
                ],
                [
                    868.9019607843137,
                    1207.6078431372548
                ],
                [
                    923.8039215686274,
                    1189.9607843137255
                ],
                [
                    945.3725490196077,
                    1182.1176470588234
                ],
                [
                    939.4901960784314,
                    1168.392156862745
                ],
                [
                    923.8039215686274,
                    1160.549019607843
                ],
                [
                    915.9607843137255,
                    1150.7450980392157
                ],
                [
                    917.9215686274509,
                    1089.9607843137255
                ],
                [
                    921.843137254902,
                    1044.862745098039
                ],
                [
                    919.8823529411765,
                    956.6274509803922
                ],
                [
                    923.8039215686274,
                    831.1372549019608
                ],
                [
                    945.3725490196077,
                    817.4117647058823
                ],
                [
                    955.1764705882354,
                    780.156862745098
                ],
                [
                    955.1764705882354,
                    752.7058823529412
                ],
                [
                    972.8235294117646,
                    737.0196078431372
                ],
                [
                    959.0980392156862,
                    717.4117647058823
                ],
                [
                    933.6078431372549,
                    723.2941176470588
                ],
                [
                    927.7254901960785,
                    695.843137254902
                ],
                [
                    908.1176470588235,
                    686.0392156862745
                ],
                [
                    908.1176470588235,
                    644.8627450980392
                ],
                [
                    939.4901960784314,
                    633.0980392156863
                ],
                [
                    937.5294117647059,
                    593.8823529411765
                ],
                [
                    915.9607843137255,
                    554.6666666666666
                ],
                [
                    884.5882352941177,
                    550.7450980392157
                ],
                [
                    859.0980392156863,
                    564.4705882352941
                ]
            ],
            "group_id": null,
            "shape_type": "polygon",
            "flags": {}
        },
        {
            "label": "person",
            "points": [
                [
                    345.37254901960785,
                    505.6470588235294
                ],
                [
                    341.45098039215685,
                    540.9411764705882
                ],
                [
                    355.1764705882353,
                    556.6274509803922
                ],
                [
                    315.96078431372547,
                    568.3921568627451
                ],
                [
                    298.3137254901961,
                    593.8823529411765
                ],
                [
                    310.078431372549,
                    631.1372549019608
                ],
                [
                    325.7647058823529,
                    642.9019607843137
                ],
                [
                    321.84313725490193,
                    701.7254901960785
                ],
                [
                    319.88235294117646,
                    768.3921568627451
                ],
                [
                    335.5686274509804,
                    776.2352941176471
                ],
                [
                    349.29411764705884,
                    819.3725490196078
                ],
                [
                    345.37254901960785,
                    868.3921568627451
                ],
                [
                    335.5686274509804,
                    903.6862745098039
                ],
                [
                    376.7450980392157,
                    921.3333333333334
                ],
                [
                    406.156862745098,
                    901.7254901960785
                ],
                [
                    419.88235294117646,
                    913.4901960784314
                ],
                [
                    439.4901960784314,
                    891.9215686274509
                ],
                [
                    419.88235294117646,
                    868.3921568627451
                ],
                [
                    427.72549019607845,
                    813.4901960784314
                ],
                [
                    437.52941176470586,
                    776.2352941176471
                ],
                [
                    459.0980392156863,
                    742.9019607843137
                ],
                [
                    433.6078431372549,
                    691.9215686274509
                ],
                [
                    433.6078431372549,
                    615.4509803921569
                ],
                [
                    449.2941176470588,
                    605.6470588235294
                ],
                [
                    476.7450980392157,
                    627.2156862745098
                ],
                [
                    529.6862745098039,
                    619.3725490196078
                ],
                [
                    545.3725490196078,
                    593.8823529411765
                ],
                [
                    504.1960784313725,
                    603.6862745098039
                ],
                [
                    470.8627450980392,
                    588.0
                ],
                [
                    431.6470588235294,
                    562.5098039215686
                ],
                [
                    423.80392156862746,
                    552.7058823529412
                ],
                [
                    425.7647058823529,
                    525.2549019607843
                ],
                [
                    415.96078431372547,
                    489.96078431372547
                ],
                [
                    390.4705882352941,
                    476.2352941176471
                ]
            ],
            "group_id": null,
            "shape_type": "polygon",
            "flags": {}
        },
        {
            "label": "person",
            "points": [
                [
                    443.4117647058823,
                    338.98039215686276
                ],
                [
                    437.52941176470586,
                    413.4901960784314
                ],
                [
                    443.4117647058823,
                    452.70588235294116
                ],
                [
                    470.8627450980392,
                    462.5098039215686
                ],
                [
                    472.82352941176475,
                    580.156862745098
                ],
                [
                    470.8627450980392,
                    662.5098039215686
                ],
                [
                    474.78431372549016,
                    750.7450980392157
                ],
                [
                    488.5098039215686,
                    842.9019607843137
                ],
                [
                    464.98039215686276,
                    860.5490196078431
                ],
                [
                    463.01960784313724,
                    884.078431372549
                ],
                [
                    504.1960784313725,
                    891.9215686274509
                ],
                [
                    535.5686274509803,
                    874.2745098039215
                ],
                [
                    527.7254901960785,
                    829.1764705882352
                ],
                [
                    512.0392156862745,
                    762.5098039215686
                ],
                [
                    514.0,
                    723.2941176470588
                ],
                [
                    519.8823529411765,
                    664.4705882352941
                ],
                [
                    531.6470588235294,
                    664.4705882352941
                ],
                [
                    541.4509803921569,
                    738.9803921568628
                ],
                [
                    555.1764705882352,
                    778.1960784313725
                ],
                [
                    545.3725490196078,
                    837.0196078431372
                ],
                [
                    535.5686274509803,
                    854.6666666666666
                ],
                [
                    543.4117647058823,
                    886.0392156862745
                ],
                [
                    598.313725490196,
                    884.078431372549
                ],
                [
                    608.1176470588235,
                    862.5098039215686
                ],
                [
                    600.2745098039215,
                    805.6470588235294
                ],
                [
                    570.8627450980392,
                    709.5686274509803
                ],
                [
                    578.7058823529412,
                    629.1764705882352
                ],
                [
                    574.7843137254902,
                    570.3529411764706
                ],
                [
                    564.9803921568628,
                    497.80392156862746
                ],
                [
                    576.7450980392157,
                    501.72549019607845
                ],
                [
                    596.3529411764706,
                    489.96078431372547
                ],
                [
                    582.6274509803922,
                    468.3921568627451
                ],
                [
                    568.9019607843137,
                    440.94117647058823
                ],
                [
                    553.2156862745098,
                    417.4117647058823
                ],
                [
                    537.5294117647059,
                    395.84313725490193
                ],
                [
                    519.8823529411765,
                    338.98039215686276
                ],
                [
                    498.313725490196,
                    313.4901960784314
                ],
                [
                    463.01960784313724,
                    325.2549019607843
                ]
            ],
            "group_id": null,
            "shape_type": "polygon",
            "flags": {}
        },
        {
            "label": "person",
            "points": [
                [
                    694.3921568627451,
                    293.88235294117646
                ],
                [
                    684.5882352941177,
                    323.29411764705884
                ],
                [
                    702.2352941176471,
                    356.62745098039215
                ],
                [
                    670.8627450980392,
                    370.3529411764706
                ],
                [
                    649.2941176470588,
                    380.156862745098
                ],
                [
                    661.0588235294117,
                    517.4117647058823
                ],
                [
                    696.3529411764706,
                    511.52941176470586
                ],
                [
                    735.5686274509803,
                    531.1372549019608
                ],
                [
                    733.6078431372549,
                    386.03921568627453
                ],
                [
                    737.5294117647059,
                    311.52941176470586
                ],
                [
                    737.5294117647059,
                    299.7647058823529
                ],
                [
                    721.843137254902,
                    286.03921568627453
                ]
            ],
            "group_id": null,
            "shape_type": "polygon",
            "flags": {}
        },
        {
            "label": "person",
            "points": [
                [
                    29.686274509803923,
                    413.4901960784314
                ],
                [
                    14.0,
                    429.1764705882353
                ],
                [
                    6.156862745098039,
                    456.62745098039215
                ],
                [
                    0.0,
                    462.0
                ],
                [
                    2.235294117647058,
                    684.0784313725491
                ],
                [
                    15.960784313725483,
                    693.8823529411765
                ],
                [
                    27.725490196078425,
                    742.9019607843137
                ],
                [
                    25.764705882352942,
                    778.1960784313725
                ],
                [
                    15.960784313725483,
                    819.3725490196078
                ],
                [
                    49.29411764705881,
                    829.1764705882352
                ],
                [
                    43.41176470588235,
                    784.0784313725491
                ],
                [
                    53.21568627450981,
                    725.2549019607843
                ],
                [
                    66.94117647058823,
                    689.9607843137255
                ],
                [
                    76.74509803921569,
                    660.5490196078431
                ],
                [
                    68.90196078431373,
                    642.9019607843137
                ],
                [
                    39.49019607843137,
                    601.7254901960785
                ],
                [
                    43.41176470588235,
                    570.3529411764706
                ],
                [
                    47.33333333333334,
                    544.8627450980392
                ],
                [
                    59.09803921568627,
                    527.2156862745098
                ],
                [
                    63.019607843137265,
                    497.80392156862746
                ],
                [
                    64.98039215686273,
                    460.54901960784315
                ],
                [
                    63.019607843137265,
                    440.94117647058823
                ]
            ],
            "group_id": null,
            "shape_type": "polygon",
            "flags": {}
        },
        {
            "label": "person",
            "points": [
                [
                    2283.928571428571,
                    183.92857142857142
                ],
                [
                    2262.5,
                    201.78571428571428
                ],
                [
                    2266.0714285714284,
                    251.78571428571425
                ],
                [
                    2251.785714285714,
                    301.7857142857143
                ],
                [
                    2225.0,
                    296.4285714285714
                ],
                [
                    2212.5,
                    321.4285714285714
                ],
                [
                    2214.285714285714,
                    357.1428571428571
                ],
                [
                    2216.0714285714284,
                    423.21428571428567
                ],
                [
                    2226.785714285714,
                    483.9285714285714
                ],
                [
                    2212.5,
                    596.4285714285713
                ],
                [
                    2228.5714285714284,
                    660.7142857142857
                ],
                [
                    2255.3571428571427,
                    658.9285714285713
                ],
                [
                    2264.285714285714,
                    628.5714285714286
                ],
                [
                    2273.2142857142853,
                    587.5
                ],
                [
                    2258.928571428571,
                    569.6428571428571
                ],
                [
                    2269.642857142857,
                    501.7857142857142
                ],
                [
                    2273.2142857142853,
                    480.35714285714283
                ],
                [
                    2305.3571428571427,
                    462.49999999999994
                ],
                [
                    2289.285714285714,
                    433.9285714285714
                ],
                [
                    2308.928571428571,
                    378.57142857142856
                ],
                [
                    2348.2142857142853,
                    382.1428571428571
                ],
                [
                    2387.5,
                    403.57142857142856
                ],
                [
                    2410.7142857142853,
                    392.85714285714283
                ],
                [
                    2376.785714285714,
                    291.07142857142856
                ],
                [
                    2342.8571428571427,
                    273.21428571428567
                ],
                [
                    2326.785714285714,
                    191.07142857142856
                ]
            ],
            "group_id": null,
            "shape_type": "polygon",
            "flags": {}
        },
        {
            "label": "person",
            "points": [
                [
                    2064.285714285714,
                    255.35714285714283
                ],
                [
                    2048.2142857142853,
                    273.21428571428567
                ],
                [
                    2041.0714285714284,
                    312.49999999999994
                ],
                [
                    2046.4285714285713,
                    355.35714285714283
                ],
                [
                    2048.2142857142853,
                    383.9285714285714
                ],
                [
                    2082.142857142857,
                    383.9285714285714
                ],
                [
                    2080.3571428571427,
                    330.35714285714283
                ],
                [
                    2123.2142857142853,
                    341.07142857142856
                ],
                [
                    2117.8571428571427,
                    316.07142857142856
                ],
                [
                    2076.785714285714,
                    299.99999999999994
                ],
                [
                    2076.785714285714,
                    278.57142857142856
                ],
                [
                    2089.285714285714,
                    262.5
                ]
            ],
            "group_id": null,
            "shape_type": "polygon",
            "flags": {}
        },
        {
            "label": "person",
            "points": [
                [
                    2042.8571428571427,
                    392.85714285714283
                ],
                [
                    2039.285714285714,
                    430.35714285714283
                ],
                [
                    2026.785714285714,
                    442.85714285714283
                ],
                [
                    2019.6428571428569,
                    575.0
                ],
                [
                    2069.642857142857,
                    599.9999999999999
                ],
                [
                    2101.785714285714,
                    544.6428571428571
                ],
                [
                    2125.0,
                    566.0714285714286
                ],
                [
                    2128.5714285714284,
                    517.8571428571428
                ],
                [
                    2117.8571428571427,
                    487.49999999999994
                ],
                [
                    2105.3571428571427,
                    480.35714285714283
                ],
                [
                    2121.428571428571,
                    458.9285714285714
                ],
                [
                    2130.3571428571427,
                    417.85714285714283
                ],
                [
                    2105.3571428571427,
                    389.2857142857142
                ],
                [
                    2076.785714285714,
                    385.71428571428567
                ]
            ],
            "group_id": null,
            "shape_type": "polygon",
            "flags": {}
        },
        {
            "label": "person",
            "points": [
                [
                    1178.5714285714284,
                    396.4285714285714
                ],
                [
                    1155.3571428571427,
                    432.1428571428571
                ],
                [
                    1182.142857142857,
                    474.99999999999994
                ],
                [
                    1153.5714285714284,
                    539.2857142857142
                ],
                [
                    1144.642857142857,
                    603.5714285714286
                ],
                [
                    1153.5714285714284,
                    608.9285714285713
                ],
                [
                    1173.2142857142856,
                    612.4999999999999
                ],
                [
                    1173.2142857142856,
                    651.7857142857142
                ],
                [
                    1208.9285714285713,
                    657.1428571428571
                ],
                [
                    1224.9999999999998,
                    994.642857142857
                ],
                [
                    1246.4285714285713,
                    989.2857142857142
                ],
                [
                    1314.2857142857142,
                    969.642857142857
                ],
                [
                    1292.8571428571427,
                    923.2142857142857
                ],
                [
                    1292.8571428571427,
                    751.7857142857142
                ],
                [
                    1298.2142857142856,
                    555.3571428571428
                ],
                [
                    1299.9999999999998,
                    503.5714285714285
                ],
                [
                    1276.7857142857142,
                    489.2857142857142
                ],
                [
                    1228.5714285714284,
                    387.49999999999994
                ],
                [
                    1182.142857142857,
                    376.7857142857143
                ]
            ],
            "group_id": null,
            "shape_type": "polygon",
            "flags": {}
        },
        {
            "label": "person",
            "points": [
                [
                    1569.6428571428569,
                    264.2857142857143
                ],
                [
                    1557.1428571428569,
                    282.1428571428571
                ],
                [
                    1562.4999999999998,
                    303.57142857142856
                ],
                [
                    1548.2142857142856,
                    317.85714285714283
                ],
                [
                    1555.3571428571427,
                    442.85714285714283
                ],
                [
                    1592.8571428571427,
                    444.6428571428571
                ],
                [
                    1601.7857142857142,
                    353.57142857142856
                ],
                [
                    1628.5714285714284,
                    355.35714285714283
                ],
                [
                    1653.5714285714284,
                    362.49999999999994
                ],
                [
                    1655.3571428571427,
                    351.7857142857143
                ],
                [
                    1628.5714285714284,
                    332.1428571428571
                ],
                [
                    1596.4285714285713,
                    314.2857142857143
                ],
                [
                    1592.8571428571427,
                    301.7857142857143
                ],
                [
                    1594.6428571428569,
                    276.7857142857143
                ]
            ],
            "group_id": null,
            "shape_type": "polygon",
            "flags": {}
        },
        {
            "label": "person",
            "points": [
                [
                    1458.9285714285713,
                    546.4285714285713
                ],
                [
                    1474.9999999999998,
                    582.1428571428571
                ],
                [
                    1467.8571428571427,
                    599.9999999999999
                ],
                [
                    1473.2142857142856,
                    628.5714285714286
                ],
                [
                    1428.5714285714284,
                    644.6428571428571
                ],
                [
                    1380.3571428571427,
                    621.4285714285713
                ],
                [
                    1374.9999999999998,
                    642.8571428571428
                ],
                [
                    1407.142857142857,
                    664.2857142857142
                ],
                [
                    1471.4285714285713,
                    662.4999999999999
                ],
                [
                    1485.7142857142856,
                    726.7857142857142
                ],
                [
                    1530.3571428571427,
                    726.7857142857142
                ],
                [
                    1562.4999999999998,
                    748.2142857142857
                ],
                [
                    1578.5714285714284,
                    746.4285714285713
                ],
                [
                    1576.7857142857142,
                    678.5714285714286
                ],
                [
                    1578.5714285714284,
                    648.2142857142857
                ],
                [
                    1562.4999999999998,
                    569.6428571428571
                ],
                [
                    1553.5714285714284,
                    537.5
                ],
                [
                    1507.142857142857,
                    535.7142857142857
                ]
            ],
            "group_id": null,
            "shape_type": "polygon",
            "flags": {}
        }
    ],
    "imagePath": "../../Canon1DsMkIII_PNG/Canon1DsMkIII_0206.PNG",
    "imageData": null,
    "imageHeight": 1876,
    "imageWidth": 2820
}