{
    "version": "4.5.6",
    "flags": {},
    "shapes": [
        {
            "label": "handbag",
            "points": [
                [
                    293.9999999999998,
                    2266.3529411764703
                ],
                [
                    255.76470588235293,
                    2766.3529411764703
                ],
                [
                    293.9999999999998,
                    2813.411764705882
                ],
                [
                    741,
                    2819
                ],
                [
                    999,
                    2819
                ],
                [
                    1105,
                    2819
                ],
                [
                    1126.3529411764703,
                    2701.6470588235293
                ],
                [
                    1064.5882352941176,
                    2681.0588235294117
                ],
                [
                    1082.2352941176468,
                    2563.411764705882
                ],
                [
                    1108.705882352941,
                    2554.5882352941176
                ],
                [
                    1091.0588235294117,
                    2436.941176470588
                ],
                [
                    1099.8823529411761,
                    2348.705882352941
                ],
                [
                    1091.0588235294117,
                    2316.3529411764703
                ],
                [
                    1117.5294117647059,
                    2245.7647058823527
                ],
                [
                    1046.9411764705883,
                    2198.705882352941
                ],
                [
                    1029.2941176470586,
                    2142.8235294117644
                ],
                [
                    941.0588235294117,
                    2081.0588235294117
                ],
                [
                    941.0588235294117,
                    1951.6470588235293
                ],
                [
                    917.5294117647059,
                    1901.6470588235293
                ],
                [
                    858.705882352941,
                    1925.1764705882351
                ],
                [
                    823.411764705882,
                    1910.470588235294
                ],
                [
                    782.2352941176468,
                    1860.470588235294
                ],
                [
                    738.1176470588234,
                    1848.705882352941
                ],
                [
                    705.7647058823527,
                    1845.7647058823527
                ],
                [
                    664.5882352941176,
                    1860.470588235294
                ],
                [
                    635.1764705882351,
                    1851.6470588235293
                ],
                [
                    538.1176470588234,
                    1889.8823529411764
                ],
                [
                    517.5294117647059,
                    1907.5294117647059
                ],
                [
                    388.1176470588234,
                    1931.0588235294117
                ],
                [
                    355.7647058823529,
                    1922.2352941176468
                ],
                [
                    335.17647058823513,
                    1951.6470588235293
                ],
                [
                    323.4117647058822,
                    2016.3529411764705
                ],
                [
                    335.17647058823513,
                    2069.2941176470586
                ],
                [
                    320.4705882352939,
                    2095.7647058823527
                ],
                [
                    329.2941176470588,
                    2198.705882352941
                ],
                [
                    308.705882352941,
                    2234.0
                ]
            ],
            "group_id": null,
            "shape_type": "polygon",
            "flags": {}
        },
        {
            "label": "tennis racket",
            "points": [
                [
                    408.705882352941,
                    736.9411764705882
                ],
                [
                    473.4117647058822,
                    1119.2941176470588
                ],
                [
                    502.82352941176464,
                    1251.6470588235293
                ],
                [
                    499.88235294117635,
                    1313.4117647058822
                ],
                [
                    538.1176470588234,
                    1451.6470588235293
                ],
                [
                    538.1176470588234,
                    1504.5882352941176
                ],
                [
                    576.3529411764705,
                    1539.8823529411764
                ],
                [
                    635.1764705882351,
                    1531.0588235294117
                ],
                [
                    649.8823529411764,
                    1486.941176470588
                ],
                [
                    626.3529411764705,
                    1442.8235294117646
                ],
                [
                    582.2352941176468,
                    1263.4117647058822
                ],
                [
                    558.705882352941,
                    1136.941176470588
                ],
                [
                    511.6470588235293,
                    939.8823529411764
                ],
                [
                    479.2941176470588,
                    801.6470588235294
                ],
                [
                    467.52941176470586,
                    728.1176470588234
                ]
            ],
            "group_id": null,
            "shape_type": "polygon",
            "flags": {}
        },
        {
            "label": "tennis racket",
            "points": [
                [
                    279.2941176470588,
                    769.2941176470588
                ],
                [
                    255.76470588235293,
                    813.4117647058823
                ],
                [
                    232.23529411764684,
                    916.3529411764705
                ],
                [
                    220.47058823529392,
                    1057.5294117647059
                ],
                [
                    208.705882352941,
                    1184.0
                ],
                [
                    194.0,
                    1225.1764705882351
                ],
                [
                    202.82352941176464,
                    1257.5294117647059
                ],
                [
                    146.94117647058806,
                    1372.235294117647
                ],
                [
                    149.88235294117635,
                    1436.941176470588
                ],
                [
                    194.0,
                    1454.5882352941176
                ],
                [
                    244.0,
                    1428.1176470588234
                ],
                [
                    252.82352941176464,
                    1386.941176470588
                ],
                [
                    293.9999999999998,
                    1301.6470588235293
                ],
                [
                    288.1176470588234,
                    1225.1764705882351
                ],
                [
                    338.1176470588234,
                    1104.5882352941176
                ],
                [
                    343.9999999999998,
                    986.9411764705882
                ],
                [
                    343.9999999999998,
                    775.1764705882352
                ]
            ],
            "group_id": null,
            "shape_type": "polygon",
            "flags": {}
        },
        {
            "label": "tennis racket",
            "points": [
                [
                    343.9999999999998,
                    760.470588235294
                ],
                [
                    349.88235294117635,
                    807.5294117647059
                ],
                [
                    349.88235294117635,
                    1010.4705882352941
                ],
                [
                    343.9999999999998,
                    1236.941176470588
                ],
                [
                    388.1176470588234,
                    1589.8823529411764
                ],
                [
                    417.52941176470586,
                    1651.6470588235293
                ],
                [
                    482.23529411764684,
                    1645.764705882353
                ],
                [
                    502.82352941176464,
                    1607.5294117647059
                ],
                [
                    523.4117647058822,
                    1522.2352941176468
                ],
                [
                    499.88235294117635,
                    1510.470588235294
                ],
                [
                    467.52941176470586,
                    1475.1764705882351
                ],
                [
                    493.9999999999998,
                    1431.0588235294117
                ],
                [
                    511.6470588235293,
                    1422.2352941176468
                ],
                [
                    496.94117647058806,
                    1313.4117647058822
                ],
                [
                    493.9999999999998,
                    1254.5882352941176
                ],
                [
                    476.3529411764705,
                    1125.1764705882351
                ],
                [
                    399.88235294117635,
                    766.3529411764705
                ]
            ],
            "group_id": null,
            "shape_type": "polygon",
            "flags": {}
        },
        {
            "label": "handbag",
            "points": [
                [
                    1049.8823529411761,
                    972.235294117647
                ],
                [
                    1052.8235294117644,
                    1028.1176470588234
                ],
                [
                    1023.411764705882,
                    1095.764705882353
                ],
                [
                    1011.6470588235293,
                    1148.705882352941
                ],
                [
                    1046.9411764705883,
                    1163.4117647058822
                ],
                [
                    1046.9411764705883,
                    1248.705882352941
                ],
                [
                    1046.9411764705883,
                    1298.705882352941
                ],
                [
                    1020.4705882352941,
                    1328.1176470588234
                ],
                [
                    1005.7647058823527,
                    1381.0588235294117
                ],
                [
                    1032.2352941176468,
                    1413.4117647058822
                ],
                [
                    1046.9411764705883,
                    1475.1764705882351
                ],
                [
                    1035.1764705882351,
                    1536.941176470588
                ],
                [
                    1011.6470588235293,
                    1619.2941176470588
                ],
                [
                    1044.0,
                    1663.4117647058822
                ],
                [
                    1094.0,
                    1639.8823529411764
                ],
                [
                    1114.5882352941176,
                    1569.2941176470588
                ],
                [
                    1079.2941176470586,
                    1531.0588235294117
                ],
                [
                    1070.4705882352941,
                    1431.0588235294117
                ],
                [
                    1035.1764705882351,
                    1366.3529411764705
                ],
                [
                    1058.705882352941,
                    1336.941176470588
                ],
                [
                    1226.3529411764703,
                    1339.8823529411764
                ],
                [
                    1426.3529411764703,
                    1348.705882352941
                ],
                [
                    1682.2352941176468,
                    1339.8823529411764
                ],
                [
                    1820.4705882352937,
                    1313.4117647058822
                ],
                [
                    1844.0,
                    1307.5294117647059
                ],
                [
                    1826.3529411764703,
                    1222.235294117647
                ],
                [
                    1767.5294117647059,
                    1045.764705882353
                ],
                [
                    1732.2352941176468,
                    1022.2352941176471
                ],
                [
                    1676.3529411764703,
                    983.9999999999999
                ],
                [
                    1614.5882352941176,
                    942.8235294117646
                ],
                [
                    1385.1764705882351,
                    939.8823529411764
                ],
                [
                    1226.3529411764703,
                    942.8235294117646
                ],
                [
                    1117.5294117647059,
                    951.6470588235294
                ]
            ],
            "group_id": null,
            "shape_type": "polygon",
            "flags": {}
        },
        {
            "label": "chair",
            "points": [
                [
                    1202.8235294117644,
                    801.6470588235294
                ],
                [
                    1199.8823529411761,
                    951.6470588235294
                ],
                [
                    1264.5882352941176,
                    933.9999999999999
                ],
                [
                    1264.5882352941176,
                    922.235294117647
                ],
                [
                    1417.5294117647059,
                    916.3529411764705
                ],
                [
                    1417.5294117647059,
                    942.8235294117646
                ],
                [
                    1467.5294117647059,
                    939.8823529411764
                ],
                [
                    1467.5294117647059,
                    801.6470588235294
                ]
            ],
            "group_id": null,
            "shape_type": "polygon",
            "flags": {}
        }
    ],
    "imagePath": "../../Canon1DsMkIII_PNG/Canon1DsMkIII_0131.PNG",
    "imageData": null,
    "imageHeight": 2820,
    "imageWidth": 1876
}