{
    "version": "4.5.6",
    "flags": {},
    "shapes": [
        {
            "label": "chair",
            "points": [
                [
                    1688.5098039215686,
                    1672.313725490196
                ],
                [
                    1692.4313725490197,
                    1791.921568627451
                ],
                [
                    1725.764705882353,
                    1791.921568627451
                ],
                [
                    1737.5294117647059,
                    1760.549019607843
                ],
                [
                    1817.921568627451,
                    1760.549019607843
                ],
                [
                    1821.8431372549019,
                    1791.921568627451
                ],
                [
                    1864.9803921568628,
                    1786.0392156862745
                ],
                [
                    1866.9411764705883,
                    1678.1960784313726
                ]
            ],
            "group_id": null,
            "shape_type": "polygon",
            "flags": {}
        }
    ],
    "imagePath": "../../Canon1DsMkIII_PNG/Canon1DsMkIII_0184.PNG",
    "imageData": null,
    "imageHeight": 1876,
    "imageWidth": 2820
}