{
    "version": "4.5.6",
    "flags": {},
    "shapes": [
        {
            "label": "chair",
            "points": [
                [
                    591.0588235294117,
                    1945.7647058823527
                ],
                [
                    564.5882352941176,
                    1578.1176470588234
                ],
                [
                    608.705882352941,
                    1286.941176470588
                ],
                [
                    202.82352941176464,
                    1254.5882352941176
                ],
                [
                    188.11764705882342,
                    1313.4117647058822
                ],
                [
                    135.17647058823513,
                    1545.764705882353
                ],
                [
                    144.0,
                    1622.2352941176468
                ],
                [
                    170.47058823529392,
                    1860.470588235294
                ],
                [
                    191.0588235294117,
                    1881.0588235294117
                ],
                [
                    191.0588235294117,
                    1963.4117647058822
                ],
                [
                    235.17647058823513,
                    1972.2352941176468
                ],
                [
                    246.94117647058806,
                    1645.764705882353
                ],
                [
                    332.23529411764684,
                    1660.470588235294
                ],
                [
                    505.7647058823527,
                    1660.470588235294
                ],
                [
                    535.1764705882351,
                    1963.4117647058822
                ]
            ],
            "group_id": null,
            "shape_type": "polygon",
            "flags": {}
        },
        {
            "label": "chair",
            "points": [
                [
                    70.47058823529392,
                    2010.470588235294
                ],
                [
                    191.0588235294117,
                    2001.6470588235293
                ],
                [
                    126.3529411764705,
                    1560.470588235294
                ],
                [
                    108.70588235294099,
                    1445.764705882353
                ],
                [
                    123.4117647058822,
                    1354.5882352941176
                ],
                [
                    141.0588235294117,
                    1242.8235294117646
                ],
                [
                    0,
                    1228
                ],
                [
                    0,
                    1672
                ],
                [
                    0,
                    1683
                ],
                [
                    41.05882352941171,
                    1678.1176470588234
                ]
            ],
            "group_id": null,
            "shape_type": "polygon",
            "flags": {}
        }
    ],
    "imagePath": "../../Canon1DsMkIII_PNG/Canon1DsMkIII_0144.PNG",
    "imageData": null,
    "imageHeight": 2820,
    "imageWidth": 1876
}