{
    "version": "4.5.6",
    "flags": {},
    "shapes": [
        {
            "label": "bench",
            "points": [
                [
                    329.6862745098039,
                    1029.1764705882354
                ],
                [
                    298.3137254901961,
                    1078.1960784313726
                ],
                [
                    314.0,
                    1119.3725490196077
                ],
                [
                    378.70588235294116,
                    1129.1764705882354
                ],
                [
                    359.09803921568624,
                    1301.7254901960785
                ],
                [
                    388.5098039215686,
                    1348.7843137254902
                ],
                [
                    1937.5294117647059,
                    1344.862745098039
                ],
                [
                    2261.0588235294117,
                    1329.1764705882354
                ],
                [
                    2368.901960784314,
                    1335.0588235294117
                ],
                [
                    2384.5882352941176,
                    1317.4117647058824
                ],
                [
                    2392.4313725490197,
                    1129.1764705882354
                ],
                [
                    2396.3529411764707,
                    1048.7843137254902
                ],
                [
                    2384.5882352941176,
                    982.1176470588235
                ],
                [
                    1778.7058823529412,
                    984.078431372549
                ],
                [
                    364.98039215686276,
                    999.7647058823529
                ]
            ],
            "group_id": null,
            "shape_type": "polygon",
            "flags": {}
        }
    ],
    "imagePath": "../../Canon1DsMkIII_PNG/Canon1DsMkIII_0198.PNG",
    "imageData": null,
    "imageHeight": 1876,
    "imageWidth": 2820
}