{
    "version": "4.5.6",
    "flags": {},
    "shapes": [
        {
            "label": "bed",
            "points": [
                [
                    96.94117647058806,
                    272.235294117647
                ],
                [
                    96.94117647058806,
                    319.2941176470588
                ],
                [
                    58.70588235294099,
                    348.70588235294116
                ],
                [
                    35.176470588235134,
                    478.1176470588235
                ],
                [
                    46.94117647058806,
                    604.5882352941176
                ],
                [
                    123.4117647058822,
                    684.0
                ],
                [
                    126.3529411764705,
                    775.1764705882352
                ],
                [
                    0,
                    1027
                ],
                [
                    0,
                    2819
                ],
                [
                    1875,
                    2819
                ],
                [
                    1875,
                    313
                ],
                [
                    1849.8823529411761,
                    304.5882352941176
                ],
                [
                    1823.411764705882,
                    289.88235294117646
                ],
                [
                    1717.5294117647059,
                    284.0
                ],
                [
                    1685.1764705882351,
                    301.6470588235294
                ],
                [
                    1623.411764705882,
                    301.6470588235294
                ],
                [
                    1567.5294117647059,
                    278.11764705882354
                ],
                [
                    1570.4705882352937,
                    225.17647058823528
                ],
                [
                    1546.9411764705878,
                    198.70588235294116
                ],
                [
                    1502.8235294117644,
                    175.17647058823528
                ],
                [
                    1455.7647058823527,
                    131.05882352941177
                ],
                [
                    1391.0588235294117,
                    116.35294117647058
                ],
                [
                    1285.1764705882351,
                    134.0
                ],
                [
                    1085.1764705882351,
                    119.29411764705881
                ],
                [
                    1017.5294117647059,
                    110.4705882352941
                ],
                [
                    967.5294117647059,
                    119.29411764705881
                ],
                [
                    844.0,
                    125.17647058823528
                ],
                [
                    785.1764705882351,
                    122.23529411764704
                ],
                [
                    688.1176470588234,
                    134.0
                ],
                [
                    641.0588235294117,
                    119.29411764705881
                ],
                [
                    585.1764705882351,
                    125.17647058823528
                ],
                [
                    532.2352941176468,
                    119.29411764705881
                ],
                [
                    399.88235294117635,
                    101.6470588235294
                ],
                [
                    335.17647058823513,
                    110.4705882352941
                ],
                [
                    299.88235294117635,
                    134.0
                ],
                [
                    276.3529411764705,
                    139.88235294117646
                ],
                [
                    302.82352941176464,
                    284.0
                ],
                [
                    249.88235294117635,
                    289.88235294117646
                ],
                [
                    232.23529411764684,
                    266.35294117647055
                ]
            ],
            "group_id": null,
            "shape_type": "polygon",
            "flags": {}
        }
    ],
    "imagePath": "../../Canon1DsMkIII_PNG/Canon1DsMkIII_0133.PNG",
    "imageData": null,
    "imageHeight": 2820,
    "imageWidth": 1876
}