{
    "version": "4.5.6",
    "flags": {},
    "shapes": [
        {
            "label": "handbag",
            "points": [
                [
                    398.3137254901961,
                    1419.3725490196077
                ],
                [
                    296.3529411764706,
                    1507.6078431372548
                ],
                [
                    282.62745098039215,
                    1552.7058823529412
                ],
                [
                    323.80392156862746,
                    1593.8823529411764
                ],
                [
                    415.96078431372547,
                    1633.0980392156862
                ],
                [
                    564.9803921568628,
                    1678.1960784313726
                ],
                [
                    619.8823529411765,
                    1688.0
                ],
                [
                    682.6274509803922,
                    1705.6470588235293
                ],
                [
                    702.2352941176471,
                    1654.6666666666667
                ],
                [
                    698.313725490196,
                    1578.1960784313726
                ],
                [
                    698.313725490196,
                    1509.5686274509803
                ],
                [
                    655.1764705882352,
                    1311.5294117647059
                ],
                [
                    623.8039215686274,
                    1162.5098039215686
                ],
                [
                    610.0784313725491,
                    1084.078431372549
                ],
                [
                    570.8627450980392,
                    1086.0392156862745
                ],
                [
                    549.2941176470588,
                    1109.5686274509803
                ],
                [
                    531.6470588235294,
                    1184.078431372549
                ],
                [
                    492.43137254901956,
                    1254.6666666666667
                ],
                [
                    472.82352941176475,
                    1291.921568627451
                ],
                [
                    453.21568627450984,
                    1319.3725490196077
                ],
                [
                    421.84313725490193,
                    1364.4705882352941
                ]
            ],
            "group_id": null,
            "shape_type": "polygon",
            "flags": {}
        },
        {
            "label": "handbag",
            "points": [
                [
                    194.39215686274508,
                    1084.078431372549
                ],
                [
                    102.23529411764704,
                    1335.0588235294117
                ],
                [
                    74.7843137254902,
                    1376.235294117647
                ],
                [
                    37.529411764705884,
                    1529.1764705882354
                ],
                [
                    47.33333333333334,
                    1593.8823529411764
                ],
                [
                    27.725490196078425,
                    1656.627450980392
                ],
                [
                    47.33333333333334,
                    1676.235294117647
                ],
                [
                    135.5686274509804,
                    1701.7254901960785
                ],
                [
                    229.68627450980392,
                    1715.450980392157
                ],
                [
                    310.078431372549,
                    1691.921568627451
                ],
                [
                    361.05882352941177,
                    1660.549019607843
                ],
                [
                    349.29411764705884,
                    1607.6078431372548
                ],
                [
                    317.921568627451,
                    1589.9607843137255
                ],
                [
                    282.62745098039215,
                    1550.7450980392157
                ],
                [
                    296.3529411764706,
                    1507.6078431372548
                ],
                [
                    404.19607843137254,
                    1419.3725490196077
                ],
                [
                    378.70588235294116,
                    1378.1960784313726
                ],
                [
                    296.3529411764706,
                    1180.1568627450981
                ],
                [
                    251.2549019607843,
                    1091.921568627451
                ],
                [
                    227.72549019607845,
                    1084.078431372549
                ]
            ],
            "group_id": null,
            "shape_type": "polygon",
            "flags": {}
        },
        {
            "label": "handbag",
            "points": [
                [
                    149.2941176470588,
                    872.313725490196
                ],
                [
                    145.37254901960785,
                    899.7647058823529
                ],
                [
                    153.2156862745098,
                    999.7647058823529
                ],
                [
                    178.70588235294116,
                    1023.2941176470588
                ],
                [
                    259.09803921568624,
                    1037.0196078431372
                ],
                [
                    366.94117647058823,
                    1023.2941176470588
                ],
                [
                    392.4313725490196,
                    1003.6862745098039
                ],
                [
                    402.2352941176471,
                    888.0
                ],
                [
                    390.4705882352941,
                    833.0980392156863
                ],
                [
                    319.88235294117646,
                    621.3333333333334
                ],
                [
                    304.19607843137254,
                    580.156862745098
                ],
                [
                    276.7450980392157,
                    564.4705882352941
                ],
                [
                    251.2549019607843,
                    576.2352941176471
                ],
                [
                    190.4705882352941,
                    752.7058823529412
                ],
                [
                    161.05882352941177,
                    823.2941176470588
                ]
            ],
            "group_id": null,
            "shape_type": "polygon",
            "flags": {}
        },
        {
            "label": "handbag",
            "points": [
                [
                    563.0196078431372,
                    568.3921568627451
                ],
                [
                    541.4509803921569,
                    615.4509803921569
                ],
                [
                    527.7254901960785,
                    715.4509803921568
                ],
                [
                    502.2352941176471,
                    744.8627450980392
                ],
                [
                    468.9019607843137,
                    793.8823529411765
                ],
                [
                    423.80392156862746,
                    835.0588235294117
                ],
                [
                    408.11764705882354,
                    868.3921568627451
                ],
                [
                    423.80392156862746,
                    915.4509803921568
                ],
                [
                    457.1372549019608,
                    976.2352941176471
                ],
                [
                    500.27450980392155,
                    1027.2156862745098
                ],
                [
                    588.5098039215686,
                    1038.9803921568628
                ],
                [
                    714.0,
                    1023.2941176470588
                ],
                [
                    755.1764705882352,
                    942.9019607843137
                ],
                [
                    764.9803921568628,
                    882.1176470588235
                ],
                [
                    751.2549019607843,
                    835.0588235294117
                ],
                [
                    723.8039215686274,
                    825.2549019607843
                ],
                [
                    686.5490196078431,
                    756.6274509803922
                ],
                [
                    682.6274509803922,
                    733.0980392156863
                ],
                [
                    664.9803921568628,
                    707.6078431372549
                ],
                [
                    639.4901960784314,
                    611.5294117647059
                ],
                [
                    623.8039215686274,
                    578.1960784313725
                ],
                [
                    608.1176470588235,
                    564.4705882352941
                ],
                [
                    586.5490196078431,
                    562.5098039215686
                ]
            ],
            "group_id": null,
            "shape_type": "polygon",
            "flags": {}
        },
        {
            "label": "handbag",
            "points": [
                [
                    866.9411764705882,
                    652.7058823529412
                ],
                [
                    845.3725490196078,
                    701.7254901960785
                ],
                [
                    833.6078431372549,
                    795.843137254902
                ],
                [
                    819.8823529411765,
                    829.1764705882352
                ],
                [
                    786.5490196078431,
                    893.8823529411765
                ],
                [
                    768.9019607843137,
                    966.4313725490196
                ],
                [
                    729.6862745098039,
                    1035.0588235294117
                ],
                [
                    715.9607843137255,
                    1076.235294117647
                ],
                [
                    741.4509803921568,
                    1103.686274509804
                ],
                [
                    786.5490196078431,
                    1109.5686274509803
                ],
                [
                    947.3333333333333,
                    1107.6078431372548
                ],
                [
                    1015.9607843137255,
                    1080.1568627450981
                ],
                [
                    1047.3333333333333,
                    1048.7843137254902
                ],
                [
                    1021.8431372549019,
                    956.6274509803922
                ],
                [
                    1010.078431372549,
                    872.313725490196
                ],
                [
                    986.5490196078431,
                    829.1764705882352
                ],
                [
                    959.0980392156862,
                    770.3529411764706
                ],
                [
                    919.8823529411765,
                    658.5882352941177
                ],
                [
                    896.3529411764706,
                    638.9803921568628
                ]
            ],
            "group_id": null,
            "shape_type": "polygon",
            "flags": {}
        },
        {
            "label": "handbag",
            "points": [
                [
                    1186.549019607843,
                    682.1176470588235
                ],
                [
                    1163.0196078431372,
                    815.4509803921568
                ],
                [
                    1139.4901960784314,
                    895.843137254902
                ],
                [
                    1100.2745098039215,
                    976.2352941176471
                ],
                [
                    1078.7058823529412,
                    1003.6862745098039
                ],
                [
                    1084.5882352941176,
                    1091.921568627451
                ],
                [
                    1149.2941176470588,
                    1129.1764705882354
                ],
                [
                    1214.0,
                    1133.0980392156862
                ],
                [
                    1296.3529411764705,
                    1117.4117647058824
                ],
                [
                    1382.627450980392,
                    1103.686274509804
                ],
                [
                    1431.6470588235293,
                    1064.4705882352941
                ],
                [
                    1419.8823529411764,
                    993.8823529411765
                ],
                [
                    1400.2745098039215,
                    954.6666666666666
                ],
                [
                    1372.8235294117646,
                    925.2549019607843
                ],
                [
                    1339.4901960784314,
                    876.2352941176471
                ],
                [
                    1339.4901960784314,
                    852.7058823529412
                ],
                [
                    1321.8431372549019,
                    819.3725490196078
                ],
                [
                    1290.4705882352941,
                    748.7843137254902
                ],
                [
                    1268.9019607843138,
                    682.1176470588235
                ],
                [
                    1241.450980392157,
                    652.7058823529412
                ],
                [
                    1214.0,
                    664.4705882352941
                ]
            ],
            "group_id": null,
            "shape_type": "polygon",
            "flags": {}
        },
        {
            "label": "handbag",
            "points": [
                [
                    792.4313725490196,
                    1272.313725490196
                ],
                [
                    768.9019607843137,
                    1358.5882352941176
                ],
                [
                    755.1764705882352,
                    1442.9019607843136
                ],
                [
                    710.0784313725491,
                    1517.4117647058824
                ],
                [
                    723.8039215686274,
                    1556.627450980392
                ],
                [
                    715.9607843137255,
                    1635.0588235294117
                ],
                [
                    698.313725490196,
                    1664.4705882352941
                ],
                [
                    690.4705882352941,
                    1703.686274509804
                ],
                [
                    835.5686274509803,
                    1740.9411764705883
                ],
                [
                    921.843137254902,
                    1740.9411764705883
                ],
                [
                    966.9411764705883,
                    1727.2156862745098
                ],
                [
                    925.7647058823529,
                    1666.4313725490197
                ],
                [
                    955.1764705882354,
                    1568.392156862745
                ],
                [
                    970.8627450980391,
                    1537.0196078431372
                ],
                [
                    949.2941176470588,
                    1509.5686274509803
                ],
                [
                    945.3725490196077,
                    1454.6666666666667
                ],
                [
                    929.6862745098039,
                    1419.3725490196077
                ],
                [
                    914.0,
                    1356.627450980392
                ],
                [
                    884.5882352941177,
                    1282.1176470588234
                ],
                [
                    855.1764705882352,
                    1240.9411764705883
                ],
                [
                    821.843137254902,
                    1242.9019607843138
                ]
            ],
            "group_id": null,
            "shape_type": "polygon",
            "flags": {}
        },
        {
            "label": "handbag",
            "points": [
                [
                    1100.2745098039215,
                    1264.4705882352941
                ],
                [
                    1072.8235294117646,
                    1307.6078431372548
                ],
                [
                    1029.686274509804,
                    1429.1764705882354
                ],
                [
                    1004.1960784313726,
                    1474.2745098039215
                ],
                [
                    978.7058823529412,
                    1519.3725490196077
                ],
                [
                    966.9411764705883,
                    1540.9411764705883
                ],
                [
                    939.4901960784314,
                    1611.5294117647059
                ],
                [
                    925.7647058823529,
                    1666.4313725490197
                ],
                [
                    976.7450980392157,
                    1729.1764705882354
                ],
                [
                    1082.627450980392,
                    1740.9411764705883
                ],
                [
                    1241.450980392157,
                    1709.5686274509803
                ],
                [
                    1300.2745098039215,
                    1676.235294117647
                ],
                [
                    1308.1176470588234,
                    1603.686274509804
                ],
                [
                    1278.7058823529412,
                    1548.7843137254902
                ],
                [
                    1257.1372549019607,
                    1517.4117647058824
                ],
                [
                    1215.9607843137255,
                    1476.235294117647
                ],
                [
                    1196.3529411764705,
                    1435.0588235294117
                ],
                [
                    1184.5882352941176,
                    1388.0
                ],
                [
                    1163.0196078431372,
                    1329.1764705882354
                ],
                [
                    1151.2549019607843,
                    1278.1960784313726
                ],
                [
                    1131.6470588235293,
                    1256.627450980392
                ]
            ],
            "group_id": null,
            "shape_type": "polygon",
            "flags": {}
        },
        {
            "label": "handbag",
            "points": [
                [
                    1392.4313725490197,
                    1280.1568627450981
                ],
                [
                    1366.9411764705883,
                    1342.9019607843138
                ],
                [
                    1351.2549019607843,
                    1450.7450980392157
                ],
                [
                    1333.6078431372548,
                    1486.0392156862745
                ],
                [
                    1329.686274509804,
                    1519.3725490196077
                ],
                [
                    1304.1960784313726,
                    1576.235294117647
                ],
                [
                    1312.0392156862745,
                    1605.6470588235293
                ],
                [
                    1304.1960784313726,
                    1672.313725490196
                ],
                [
                    1337.5294117647059,
                    1719.3725490196077
                ],
                [
                    1531.6470588235293,
                    1711.5294117647059
                ],
                [
                    1547.3333333333333,
                    1674.2745098039215
                ],
                [
                    1547.3333333333333,
                    1619.3725490196077
                ],
                [
                    1559.0980392156862,
                    1589.9607843137255
                ],
                [
                    1531.6470588235293,
                    1529.1764705882354
                ],
                [
                    1508.1176470588234,
                    1503.686274509804
                ],
                [
                    1500.2745098039215,
                    1472.313725490196
                ],
                [
                    1482.627450980392,
                    1388.0
                ],
                [
                    1463.0196078431372,
                    1284.078431372549
                ],
                [
                    1439.4901960784314,
                    1262.5098039215686
                ],
                [
                    1408.1176470588234,
                    1264.4705882352941
                ]
            ],
            "group_id": null,
            "shape_type": "polygon",
            "flags": {}
        },
        {
            "label": "handbag",
            "points": [
                [
                    1700.2745098039215,
                    1280.1568627450981
                ],
                [
                    1661.0588235294117,
                    1348.7843137254902
                ],
                [
                    1627.7254901960785,
                    1413.4901960784314
                ],
                [
                    1596.3529411764705,
                    1458.5882352941176
                ],
                [
                    1582.627450980392,
                    1521.3333333333333
                ],
                [
                    1563.0196078431372,
                    1588.0
                ],
                [
                    1547.3333333333333,
                    1627.2156862745098
                ],
                [
                    1547.3333333333333,
                    1676.235294117647
                ],
                [
                    1580.6666666666667,
                    1715.450980392157
                ],
                [
                    1629.686274509804,
                    1740.9411764705883
                ],
                [
                    1635.5686274509803,
                    1758.5882352941176
                ],
                [
                    1674.7843137254902,
                    1756.627450980392
                ],
                [
                    1682.627450980392,
                    1738.9803921568628
                ],
                [
                    1847.3333333333333,
                    1717.4117647058824
                ],
                [
                    1908.1176470588234,
                    1656.627450980392
                ],
                [
                    1904.1960784313726,
                    1593.8823529411764
                ],
                [
                    1876.7450980392157,
                    1523.2941176470588
                ],
                [
                    1859.0980392156862,
                    1495.8431372549019
                ],
                [
                    1864.9803921568628,
                    1476.235294117647
                ],
                [
                    1815.9607843137255,
                    1374.2745098039215
                ],
                [
                    1780.6666666666667,
                    1293.8823529411764
                ],
                [
                    1755.1764705882354,
                    1252.7058823529412
                ],
                [
                    1723.8039215686274,
                    1254.6666666666667
                ]
            ],
            "group_id": null,
            "shape_type": "polygon",
            "flags": {}
        },
        {
            "label": "handbag",
            "points": [
                [
                    2019.8823529411766,
                    1278.1960784313726
                ],
                [
                    1968.9019607843138,
                    1401.7254901960785
                ],
                [
                    1917.921568627451,
                    1495.8431372549019
                ],
                [
                    1894.392156862745,
                    1525.2549019607843
                ],
                [
                    1902.235294117647,
                    1538.9803921568628
                ],
                [
                    1925.764705882353,
                    1599.764705882353
                ],
                [
                    1914.0,
                    1658.5882352941176
                ],
                [
                    1919.8823529411764,
                    1691.921568627451
                ],
                [
                    1986.549019607843,
                    1715.450980392157
                ],
                [
                    2119.8823529411766,
                    1721.3333333333333
                ],
                [
                    2180.6666666666665,
                    1719.3725490196077
                ],
                [
                    2206.156862745098,
                    1682.1176470588234
                ],
                [
                    2194.392156862745,
                    1625.2549019607843
                ],
                [
                    2196.3529411764707,
                    1560.549019607843
                ],
                [
                    2172.823529411765,
                    1535.0588235294117
                ],
                [
                    2139.4901960784314,
                    1419.3725490196077
                ],
                [
                    2100.2745098039213,
                    1317.4117647058824
                ],
                [
                    2072.823529411765,
                    1256.627450980392
                ],
                [
                    2049.294117647059,
                    1250.7450980392157
                ]
            ],
            "group_id": null,
            "shape_type": "polygon",
            "flags": {}
        },
        {
            "label": "handbag",
            "points": [
                [
                    2292.4313725490197,
                    1282.1176470588234
                ],
                [
                    2266.9411764705883,
                    1386.0392156862745
                ],
                [
                    2247.3333333333335,
                    1409.5686274509803
                ],
                [
                    2212.0392156862745,
                    1438.9803921568628
                ],
                [
                    2249.2941176470586,
                    1464.4705882352941
                ],
                [
                    2219.8823529411766,
                    1491.921568627451
                ],
                [
                    2188.5098039215686,
                    1533.0980392156862
                ],
                [
                    2198.3137254901962,
                    1562.5098039215686
                ],
                [
                    2196.3529411764707,
                    1623.2941176470588
                ],
                [
                    2212.0392156862745,
                    1658.5882352941176
                ],
                [
                    2404.1960784313724,
                    1668.392156862745
                ],
                [
                    2531.6470588235293,
                    1654.6666666666667
                ],
                [
                    2547.3333333333335,
                    1597.8039215686274
                ],
                [
                    2514.0,
                    1505.6470588235293
                ],
                [
                    2482.627450980392,
                    1472.313725490196
                ],
                [
                    2500.2745098039213,
                    1456.627450980392
                ],
                [
                    2482.627450980392,
                    1431.1372549019607
                ],
                [
                    2449.2941176470586,
                    1397.8039215686274
                ],
                [
                    2400.2745098039213,
                    1295.8431372549019
                ],
                [
                    2370.8627450980393,
                    1244.862745098039
                ],
                [
                    2335.5686274509803,
                    1233.0980392156862
                ],
                [
                    2304.1960784313724,
                    1250.7450980392157
                ]
            ],
            "group_id": null,
            "shape_type": "polygon",
            "flags": {}
        },
        {
            "label": "handbag",
            "points": [
                [
                    1539.4901960784314,
                    625.2549019607843
                ],
                [
                    1506.1568627450981,
                    695.843137254902
                ],
                [
                    1502.235294117647,
                    793.8823529411765
                ],
                [
                    1490.4705882352941,
                    858.5882352941177
                ],
                [
                    1461.0588235294117,
                    931.1372549019608
                ],
                [
                    1421.8431372549019,
                    991.9215686274509
                ],
                [
                    1431.6470588235293,
                    1068.392156862745
                ],
                [
                    1429.686274509804,
                    1111.5294117647059
                ],
                [
                    1496.3529411764705,
                    1125.2549019607843
                ],
                [
                    1570.862745098039,
                    1133.0980392156862
                ],
                [
                    1655.1764705882354,
                    1111.5294117647059
                ],
                [
                    1772.8235294117646,
                    1074.2745098039215
                ],
                [
                    1743.4117647058824,
                    999.7647058823529
                ],
                [
                    1710.078431372549,
                    929.1764705882352
                ],
                [
                    1670.862745098039,
                    858.5882352941177
                ],
                [
                    1653.2156862745098,
                    821.3333333333334
                ],
                [
                    1610.078431372549,
                    695.843137254902
                ],
                [
                    1592.4313725490197,
                    638.9803921568628
                ],
                [
                    1568.9019607843136,
                    623.2941176470588
                ]
            ],
            "group_id": null,
            "shape_type": "polygon",
            "flags": {}
        },
        {
            "label": "handbag",
            "points": [
                [
                    1841.450980392157,
                    654.6666666666666
                ],
                [
                    1798.313725490196,
                    738.9803921568628
                ],
                [
                    1792.4313725490197,
                    821.3333333333334
                ],
                [
                    1772.8235294117646,
                    870.3529411764706
                ],
                [
                    1755.1764705882354,
                    897.8039215686274
                ],
                [
                    1745.3725490196077,
                    1001.7254901960785
                ],
                [
                    1770.862745098039,
                    1078.1960784313726
                ],
                [
                    1851.2549019607843,
                    1109.5686274509803
                ],
                [
                    1868.9019607843136,
                    1107.6078431372548
                ],
                [
                    1870.862745098039,
                    1007.6078431372549
                ],
                [
                    2088.5098039215686,
                    1009.5686274509803
                ],
                [
                    2080.6666666666665,
                    905.6470588235294
                ],
                [
                    2049.294117647059,
                    901.7254901960785
                ],
                [
                    2004.1960784313724,
                    860.5490196078431
                ],
                [
                    1988.5098039215686,
                    837.0196078431372
                ],
                [
                    1986.549019607843,
                    795.843137254902
                ],
                [
                    1974.78431372549,
                    768.3921568627451
                ],
                [
                    1947.3333333333333,
                    693.8823529411765
                ],
                [
                    1923.8039215686274,
                    650.7450980392157
                ],
                [
                    1908.1176470588234,
                    627.2156862745098
                ],
                [
                    1880.6666666666667,
                    625.2549019607843
                ]
            ],
            "group_id": null,
            "shape_type": "polygon",
            "flags": {}
        },
        {
            "label": "handbag",
            "points": [
                [
                    2196.3529411764707,
                    664.4705882352941
                ],
                [
                    2155.176470588235,
                    750.7450980392157
                ],
                [
                    2123.8039215686276,
                    825.2549019607843
                ],
                [
                    2090.470588235294,
                    876.2352941176471
                ],
                [
                    2078.705882352941,
                    899.7647058823529
                ],
                [
                    2092.4313725490197,
                    1009.5686274509803
                ],
                [
                    2168.901960784314,
                    1009.5686274509803
                ],
                [
                    2172.823529411765,
                    1038.9803921568628
                ],
                [
                    2204.1960784313724,
                    1050.7450980392157
                ],
                [
                    2308.1176470588234,
                    1031.1372549019607
                ],
                [
                    2372.823529411765,
                    1021.3333333333333
                ],
                [
                    2388.5098039215686,
                    1003.6862745098039
                ],
                [
                    2406.156862745098,
                    997.8039215686274
                ],
                [
                    2402.235294117647,
                    931.1372549019608
                ],
                [
                    2384.5882352941176,
                    884.078431372549
                ],
                [
                    2372.823529411765,
                    848.7843137254902
                ],
                [
                    2335.5686274509803,
                    807.6078431372549
                ],
                [
                    2315.9607843137255,
                    770.3529411764706
                ],
                [
                    2292.4313725490197,
                    737.0196078431372
                ],
                [
                    2268.901960784314,
                    682.1176470588235
                ],
                [
                    2253.2156862745096,
                    652.7058823529412
                ],
                [
                    2223.8039215686276,
                    644.8627450980392
                ]
            ],
            "group_id": null,
            "shape_type": "polygon",
            "flags": {}
        },
        {
            "label": "handbag",
            "points": [
                [
                    2141.450980392157,
                    327.2156862745098
                ],
                [
                    2141.450980392157,
                    382.11764705882354
                ],
                [
                    2131.6470588235293,
                    476.2352941176471
                ],
                [
                    2129.6862745098038,
                    542.9019607843137
                ],
                [
                    2135.5686274509803,
                    566.4313725490196
                ],
                [
                    2170.8627450980393,
                    589.9607843137255
                ],
                [
                    2264.9803921568628,
                    558.5882352941177
                ],
                [
                    2386.549019607843,
                    558.5882352941177
                ],
                [
                    2486.549019607843,
                    542.9019607843137
                ],
                [
                    2498.3137254901962,
                    505.6470588235294
                ],
                [
                    2514.0,
                    388.0
                ],
                [
                    2521.843137254902,
                    311.52941176470586
                ],
                [
                    2502.235294117647,
                    289.96078431372547
                ],
                [
                    2476.7450980392155,
                    286.03921568627453
                ],
                [
                    2445.372549019608,
                    276.2352941176471
                ],
                [
                    2398.3137254901962,
                    291.921568627451
                ],
                [
                    2364.9803921568628,
                    207.6078431372549
                ],
                [
                    2333.607843137255,
                    164.47058823529412
                ],
                [
                    2294.392156862745,
                    168.39215686274508
                ],
                [
                    2268.901960784314,
                    209.5686274509804
                ],
                [
                    2243.4117647058824,
                    280.156862745098
                ],
                [
                    2231.6470588235293,
                    315.45098039215685
                ],
                [
                    2176.7450980392155,
                    321.3333333333333
                ]
            ],
            "group_id": null,
            "shape_type": "polygon",
            "flags": {}
        },
        {
            "label": "handbag",
            "points": [
                [
                    1939.4901960784314,
                    182.11764705882354
                ],
                [
                    1910.078431372549,
                    270.3529411764706
                ],
                [
                    1880.6666666666667,
                    313.4901960784314
                ],
                [
                    1817.921568627451,
                    337.01960784313724
                ],
                [
                    1827.7254901960785,
                    368.3921568627451
                ],
                [
                    1800.2745098039215,
                    370.3529411764706
                ],
                [
                    1823.8039215686274,
                    407.6078431372549
                ],
                [
                    1827.7254901960785,
                    444.8627450980392
                ],
                [
                    1817.921568627451,
                    462.5098039215686
                ],
                [
                    1823.8039215686274,
                    497.80392156862746
                ],
                [
                    1792.4313725490197,
                    507.6078431372549
                ],
                [
                    1796.3529411764705,
                    538.9803921568628
                ],
                [
                    1817.921568627451,
                    572.313725490196
                ],
                [
                    1857.1372549019607,
                    593.8823529411765
                ],
                [
                    1951.2549019607843,
                    595.843137254902
                ],
                [
                    2057.1372549019607,
                    605.6470588235294
                ],
                [
                    2098.3137254901962,
                    560.5490196078431
                ],
                [
                    2117.921568627451,
                    521.3333333333334
                ],
                [
                    2133.607843137255,
                    480.156862745098
                ],
                [
                    2129.6862745098038,
                    346.8235294117647
                ],
                [
                    2086.549019607843,
                    327.2156862745098
                ],
                [
                    2047.3333333333335,
                    301.72549019607845
                ],
                [
                    2033.6078431372548,
                    278.19607843137254
                ],
                [
                    2012.0392156862745,
                    231.13725490196077
                ],
                [
                    1998.3137254901962,
                    191.92156862745097
                ],
                [
                    1976.7450980392155,
                    164.47058823529412
                ],
                [
                    1955.1764705882354,
                    166.4313725490196
                ]
            ],
            "group_id": null,
            "shape_type": "polygon",
            "flags": {}
        },
        {
            "label": "handbag",
            "points": [
                [
                    1615.9607843137255,
                    248.78431372549016
                ],
                [
                    1590.4705882352941,
                    305.6470588235294
                ],
                [
                    1551.2549019607843,
                    370.3529411764706
                ],
                [
                    1527.7254901960785,
                    409.5686274509804
                ],
                [
                    1527.7254901960785,
                    472.3137254901961
                ],
                [
                    1537.5294117647059,
                    497.80392156862746
                ],
                [
                    1561.0588235294117,
                    529.1764705882352
                ],
                [
                    1641.450980392157,
                    537.0196078431372
                ],
                [
                    1710.078431372549,
                    515.4509803921569
                ],
                [
                    1794.392156862745,
                    505.6470588235294
                ],
                [
                    1825.764705882353,
                    499.7647058823529
                ],
                [
                    1815.9607843137255,
                    462.5098039215686
                ],
                [
                    1825.764705882353,
                    444.8627450980392
                ],
                [
                    1827.7254901960785,
                    403.6862745098039
                ],
                [
                    1802.235294117647,
                    364.4705882352941
                ],
                [
                    1784.5882352941176,
                    354.6666666666667
                ],
                [
                    1768.9019607843136,
                    307.6078431372549
                ],
                [
                    1751.2549019607843,
                    311.52941176470586
                ],
                [
                    1739.4901960784314,
                    309.5686274509804
                ],
                [
                    1715.9607843137255,
                    266.4313725490196
                ],
                [
                    1696.3529411764705,
                    223.2941176470588
                ],
                [
                    1678.7058823529412,
                    197.80392156862746
                ],
                [
                    1666.9411764705883,
                    176.23529411764704
                ],
                [
                    1641.450980392157,
                    182.11764705882354
                ],
                [
                    1623.8039215686274,
                    225.2549019607843
                ]
            ],
            "group_id": null,
            "shape_type": "polygon",
            "flags": {}
        },
        {
            "label": "handbag",
            "points": [
                [
                    1331.6470588235293,
                    205.64705882352942
                ],
                [
                    1300.2745098039215,
                    260.54901960784315
                ],
                [
                    1282.627450980392,
                    307.6078431372549
                ],
                [
                    1278.7058823529412,
                    313.4901960784314
                ],
                [
                    1237.5294117647059,
                    313.4901960784314
                ],
                [
                    1229.686274509804,
                    337.01960784313724
                ],
                [
                    1229.686274509804,
                    362.5098039215686
                ],
                [
                    1243.4117647058824,
                    448.78431372549016
                ],
                [
                    1251.2549019607843,
                    491.921568627451
                ],
                [
                    1292.4313725490197,
                    513.4901960784314
                ],
                [
                    1386.549019607843,
                    515.4509803921569
                ],
                [
                    1459.0980392156862,
                    503.68627450980387
                ],
                [
                    1504.1960784313726,
                    542.9019607843137
                ],
                [
                    1512.0392156862745,
                    531.1372549019608
                ],
                [
                    1543.4117647058824,
                    505.6470588235294
                ],
                [
                    1525.764705882353,
                    476.2352941176471
                ],
                [
                    1525.764705882353,
                    403.6862745098039
                ],
                [
                    1555.1764705882354,
                    366.4313725490196
                ],
                [
                    1551.2549019607843,
                    323.29411764705884
                ],
                [
                    1478.7058823529412,
                    321.3333333333333
                ],
                [
                    1423.8039215686274,
                    213.49019607843138
                ],
                [
                    1392.4313725490197,
                    184.078431372549
                ],
                [
                    1366.9411764705883,
                    180.15686274509804
                ]
            ],
            "group_id": null,
            "shape_type": "polygon",
            "flags": {}
        },
        {
            "label": "handbag",
            "points": [
                [
                    1063.0196078431372,
                    199.76470588235293
                ],
                [
                    1033.6078431372548,
                    237.01960784313724
                ],
                [
                    1021.8431372549019,
                    260.54901960784315
                ],
                [
                    968.9019607843138,
                    268.3921568627451
                ],
                [
                    968.9019607843138,
                    286.03921568627453
                ],
                [
                    998.313725490196,
                    293.88235294117646
                ],
                [
                    992.4313725490197,
                    335.05882352941177
                ],
                [
                    1008.1176470588234,
                    433.09803921568624
                ],
                [
                    1031.6470588235295,
                    446.8235294117647
                ],
                [
                    1164.9803921568628,
                    466.4313725490196
                ],
                [
                    1198.313725490196,
                    458.5882352941176
                ],
                [
                    1212.0392156862745,
                    411.52941176470586
                ],
                [
                    1233.6078431372548,
                    364.4705882352941
                ],
                [
                    1227.7254901960785,
                    344.8627450980392
                ],
                [
                    1233.6078431372548,
                    319.37254901960785
                ],
                [
                    1239.4901960784314,
                    311.52941176470586
                ],
                [
                    1264.9803921568628,
                    307.6078431372549
                ],
                [
                    1272.8235294117646,
                    288.0
                ],
                [
                    1280.6666666666667,
                    268.3921568627451
                ],
                [
                    1241.450980392157,
                    286.03921568627453
                ],
                [
                    1208.1176470588234,
                    286.03921568627453
                ],
                [
                    1208.1176470588234,
                    242.90196078431373
                ],
                [
                    1159.0980392156862,
                    188.0
                ],
                [
                    1125.764705882353,
                    164.47058823529412
                ],
                [
                    1088.5098039215686,
                    174.27450980392157
                ]
            ],
            "group_id": null,
            "shape_type": "polygon",
            "flags": {}
        },
        {
            "label": "handbag",
            "points": [
                [
                    743.4117647058823,
                    207.6078431372549
                ],
                [
                    733.6078431372549,
                    276.2352941176471
                ],
                [
                    733.6078431372549,
                    317.4117647058823
                ],
                [
                    710.0784313725491,
                    338.98039215686276
                ],
                [
                    747.3333333333334,
                    409.5686274509804
                ],
                [
                    792.4313725490196,
                    452.70588235294116
                ],
                [
                    849.2941176470588,
                    462.5098039215686
                ],
                [
                    923.8039215686274,
                    427.2156862745098
                ],
                [
                    949.2941176470588,
                    372.3137254901961
                ],
                [
                    947.3333333333333,
                    291.921568627451
                ],
                [
                    933.6078431372549,
                    242.90196078431373
                ],
                [
                    908.1176470588235,
                    237.01960784313724
                ],
                [
                    870.8627450980392,
                    193.88235294117646
                ],
                [
                    827.7254901960785,
                    172.31372549019608
                ],
                [
                    786.5490196078431,
                    178.19607843137254
                ]
            ],
            "group_id": null,
            "shape_type": "polygon",
            "flags": {}
        },
        {
            "label": "handbag",
            "points": [
                [
                    453.21568627450984,
                    156.62745098039215
                ],
                [
                    437.52941176470586,
                    262.5098039215686
                ],
                [
                    486.5490196078431,
                    331.1372549019608
                ],
                [
                    698.313725490196,
                    309.5686274509804
                ],
                [
                    733.6078431372549,
                    250.7450980392157
                ],
                [
                    714.0,
                    170.35294117647058
                ],
                [
                    727.7254901960785,
                    117.41176470588235
                ],
                [
                    678.7058823529412,
                    117.41176470588235
                ],
                [
                    649.2941176470588,
                    76.23529411764706
                ],
                [
                    604.1960784313725,
                    46.8235294117647
                ],
                [
                    572.8235294117646,
                    40.94117647058823
                ],
                [
                    533.6078431372549,
                    60.549019607843135
                ],
                [
                    506.156862745098,
                    103.68627450980392
                ],
                [
                    492.43137254901956,
                    144.86274509803923
                ]
            ],
            "group_id": null,
            "shape_type": "polygon",
            "flags": {}
        },
        {
            "label": "handbag",
            "points": [
                [
                    212.03921568627453,
                    195.84313725490196
                ],
                [
                    139.49019607843138,
                    282.11764705882354
                ],
                [
                    112.0392156862745,
                    342.9019607843137
                ],
                [
                    135.5686274509804,
                    368.3921568627451
                ],
                [
                    384.5882352941176,
                    452.70588235294116
                ],
                [
                    410.078431372549,
                    419.37254901960785
                ],
                [
                    439.4901960784314,
                    268.3921568627451
                ],
                [
                    417.921568627451,
                    256.62745098039215
                ],
                [
                    364.98039215686276,
                    127.2156862745098
                ],
                [
                    337.52941176470586,
                    58.58823529411765
                ],
                [
                    304.19607843137254,
                    50.745098039215684
                ],
                [
                    276.7450980392157,
                    93.88235294117646
                ],
                [
                    239.49019607843138,
                    150.7450980392157
                ]
            ],
            "group_id": null,
            "shape_type": "polygon",
            "flags": {}
        },
        {
            "label": "handbag",
            "points": [
                [
                    2653.2156862745096,
                    1086.0392156862745
                ],
                [
                    2637.529411764706,
                    1103.686274509804
                ],
                [
                    2692.4313725490197,
                    1323.2941176470588
                ],
                [
                    2686.549019607843,
                    1340.9411764705883
                ],
                [
                    2749.2941176470586,
                    1599.764705882353
                ],
                [
                    2763.0196078431372,
                    1627.2156862745098
                ],
                [
                    2819,
                    1639
                ],
                [
                    2819,
                    1403
                ],
                [
                    2763.0196078431372,
                    1301.7254901960785
                ],
                [
                    2737.529411764706,
                    1233.0980392156862
                ],
                [
                    2698.3137254901962,
                    1137.0196078431372
                ],
                [
                    2678.705882352941,
                    1086.0392156862745
                ]
            ],
            "group_id": null,
            "shape_type": "polygon",
            "flags": {}
        },
        {
            "label": "handbag",
            "points": [
                [
                    2449.2941176470586,
                    558.5882352941177
                ],
                [
                    2437.529411764706,
                    637.0196078431372
                ],
                [
                    2368.901960784314,
                    715.4509803921568
                ],
                [
                    2339.4901960784314,
                    801.7254901960785
                ],
                [
                    2376.7450980392155,
                    850.7450980392157
                ],
                [
                    2392.4313725490197,
                    893.8823529411765
                ],
                [
                    2410.078431372549,
                    946.8235294117646
                ],
                [
                    2453.2156862745096,
                    929.1764705882352
                ],
                [
                    2488.5098039215686,
                    870.3529411764706
                ],
                [
                    2490.470588235294,
                    723.2941176470588
                ],
                [
                    2486.549019607843,
                    654.6666666666666
                ],
                [
                    2472.823529411765,
                    599.7647058823529
                ],
                [
                    2478.705882352941,
                    548.7843137254902
                ]
            ],
            "group_id": null,
            "shape_type": "polygon",
            "flags": {}
        },
        {
            "label": "handbag",
            "points": [
                [
                    2549.2941176470586,
                    133.09803921568627
                ],
                [
                    2514.0,
                    293.88235294117646
                ],
                [
                    2521.843137254902,
                    317.4117647058823
                ],
                [
                    2498.3137254901962,
                    507.6078431372549
                ],
                [
                    2541.450980392157,
                    525.2549019607843
                ],
                [
                    2570.8627450980393,
                    521.3333333333334
                ],
                [
                    2619.8823529411766,
                    482.11764705882354
                ],
                [
                    2610.078431372549,
                    331.1372549019608
                ],
                [
                    2570.8627450980393,
                    344.8627450980392
                ],
                [
                    2561.0588235294117,
                    195.84313725490196
                ],
                [
                    2563.0196078431372,
                    148.7843137254902
                ]
            ],
            "group_id": null,
            "shape_type": "polygon",
            "flags": {}
        },
        {
            "label": "handbag",
            "points": [
                [
                    2661.0588235294117,
                    144.86274509803923
                ],
                [
                    2635.5686274509803,
                    227.2156862745098
                ],
                [
                    2614.0,
                    342.9019607843137
                ],
                [
                    2621.843137254902,
                    488.0
                ],
                [
                    2564.9803921568628,
                    521.3333333333334
                ],
                [
                    2598.3137254901962,
                    548.7843137254902
                ],
                [
                    2670.8627450980393,
                    542.9019607843137
                ],
                [
                    2729.6862745098038,
                    474.27450980392155
                ],
                [
                    2712.0392156862745,
                    399.7647058823529
                ],
                [
                    2704.1960784313724,
                    311.52941176470586
                ],
                [
                    2696.3529411764707,
                    150.7450980392157
                ]
            ],
            "group_id": null,
            "shape_type": "polygon",
            "flags": {}
        },
        {
            "label": "handbag",
            "points": [
                [
                    2704.1960784313724,
                    160.54901960784312
                ],
                [
                    2714.0,
                    319.37254901960785
                ],
                [
                    2710.078431372549,
                    407.6078431372549
                ],
                [
                    2735.5686274509803,
                    478.19607843137254
                ],
                [
                    2672.823529411765,
                    548.7843137254902
                ],
                [
                    2768.901960784314,
                    546.8235294117648
                ],
                [
                    2819,
                    489
                ],
                [
                    2790.470588235294,
                    327.2156862745098
                ],
                [
                    2757.1372549019607,
                    231.13725490196077
                ],
                [
                    2737.529411764706,
                    152.70588235294116
                ],
                [
                    2714.0,
                    138.98039215686273
                ]
            ],
            "group_id": null,
            "shape_type": "polygon",
            "flags": {}
        },
        {
            "label": "handbag",
            "points": [
                [
                    2759.098039215686,
                    162.50980392156862
                ],
                [
                    2761.0588235294117,
                    213.49019607843138
                ],
                [
                    2792.4313725490197,
                    315.45098039215685
                ],
                [
                    2819,
                    488
                ],
                [
                    2764.9803921568628,
                    546.8235294117648
                ],
                [
                    2700.2745098039213,
                    544.8627450980392
                ],
                [
                    2674.78431372549,
                    544.8627450980392
                ],
                [
                    2704.1960784313724,
                    586.0392156862745
                ],
                [
                    2778.705882352941,
                    578.1960784313725
                ],
                [
                    2806.156862745098,
                    586.0392156862745
                ],
                [
                    2819,
                    570
                ],
                [
                    2819,
                    317
                ],
                [
                    2819,
                    238
                ],
                [
                    2786.549019607843,
                    158.58823529411765
                ]
            ],
            "group_id": null,
            "shape_type": "polygon",
            "flags": {}
        },
        {
            "label": "handbag",
            "points": [
                [
                    2451.254901960784,
                    937.0196078431372
                ],
                [
                    2488.5098039215686,
                    958.5882352941177
                ],
                [
                    2535.5686274509803,
                    935.0588235294117
                ],
                [
                    2553.2156862745096,
                    874.2745098039215
                ],
                [
                    2566.9411764705883,
                    772.313725490196
                ],
                [
                    2559.098039215686,
                    697.8039215686274
                ],
                [
                    2545.372549019608,
                    638.9803921568628
                ],
                [
                    2545.372549019608,
                    537.0196078431372
                ],
                [
                    2517.921568627451,
                    521.3333333333334
                ],
                [
                    2498.3137254901962,
                    537.0196078431372
                ],
                [
                    2494.392156862745,
                    625.2549019607843
                ],
                [
                    2492.4313725490197,
                    658.5882352941177
                ],
                [
                    2492.4313725490197,
                    727.2156862745098
                ],
                [
                    2488.5098039215686,
                    870.3529411764706
                ]
            ],
            "group_id": null,
            "shape_type": "polygon",
            "flags": {}
        },
        {
            "label": "handbag",
            "points": [
                [
                    2547.3333333333335,
                    540.9411764705882
                ],
                [
                    2564.9803921568628,
                    523.2941176470588
                ],
                [
                    2586.549019607843,
                    572.313725490196
                ],
                [
                    2621.843137254902,
                    662.5098039215686
                ],
                [
                    2617.921568627451,
                    729.1764705882352
                ],
                [
                    2639.4901960784314,
                    809.5686274509803
                ],
                [
                    2615.9607843137255,
                    893.8823529411765
                ],
                [
                    2572.823529411765,
                    931.1372549019608
                ],
                [
                    2537.529411764706,
                    933.0980392156863
                ],
                [
                    2557.1372549019607,
                    880.156862745098
                ],
                [
                    2570.8627450980393,
                    772.313725490196
                ],
                [
                    2561.0588235294117,
                    697.8039215686274
                ],
                [
                    2545.372549019608,
                    642.9019607843137
                ]
            ],
            "group_id": null,
            "shape_type": "polygon",
            "flags": {}
        },
        {
            "label": "handbag",
            "points": [
                [
                    2592.4313725490197,
                    548.7843137254902
                ],
                [
                    2586.549019607843,
                    572.313725490196
                ],
                [
                    2623.8039215686276,
                    660.5490196078431
                ],
                [
                    2617.921568627451,
                    735.0588235294117
                ],
                [
                    2647.3333333333335,
                    813.4901960784314
                ],
                [
                    2615.9607843137255,
                    893.8823529411765
                ],
                [
                    2574.78431372549,
                    933.0980392156863
                ],
                [
                    2580.6666666666665,
                    968.3921568627451
                ],
                [
                    2600.2745098039213,
                    986.0392156862745
                ],
                [
                    2668.901960784314,
                    982.1176470588235
                ],
                [
                    2698.3137254901962,
                    942.9019607843137
                ],
                [
                    2692.4313725490197,
                    833.0980392156863
                ],
                [
                    2682.627450980392,
                    729.1764705882352
                ],
                [
                    2670.8627450980393,
                    688.0
                ],
                [
                    2659.098039215686,
                    578.1960784313725
                ],
                [
                    2657.1372549019607,
                    546.8235294117648
                ]
            ],
            "group_id": null,
            "shape_type": "polygon",
            "flags": {}
        },
        {
            "label": "handbag",
            "points": [
                [
                    2659.098039215686,
                    558.5882352941177
                ],
                [
                    2672.823529411765,
                    691.9215686274509
                ],
                [
                    2686.549019607843,
                    737.0196078431372
                ],
                [
                    2692.4313725490197,
                    831.1372549019608
                ],
                [
                    2702.235294117647,
                    938.9803921568628
                ],
                [
                    2698.3137254901962,
                    956.6274509803922
                ],
                [
                    2733.607843137255,
                    962.5098039215686
                ],
                [
                    2764.9803921568628,
                    952.7058823529411
                ],
                [
                    2770.8627450980393,
                    925.2549019607843
                ],
                [
                    2753.2156862745096,
                    872.313725490196
                ],
                [
                    2733.607843137255,
                    750.7450980392157
                ],
                [
                    2719.8823529411766,
                    709.5686274509803
                ],
                [
                    2708.1176470588234,
                    660.5490196078431
                ],
                [
                    2692.4313725490197,
                    603.6862745098039
                ]
            ],
            "group_id": null,
            "shape_type": "polygon",
            "flags": {}
        },
        {
            "label": "handbag",
            "points": [
                [
                    2659.098039215686,
                    562.5098039215686
                ],
                [
                    2694.392156862745,
                    603.6862745098039
                ],
                [
                    2708.1176470588234,
                    666.4313725490196
                ],
                [
                    2729.6862745098038,
                    715.4509803921568
                ],
                [
                    2741.450980392157,
                    770.3529411764706
                ],
                [
                    2755.176470588235,
                    878.1960784313725
                ],
                [
                    2778.705882352941,
                    925.2549019607843
                ],
                [
                    2766.9411764705883,
                    948.7843137254902
                ],
                [
                    2810.078431372549,
                    933.0980392156863
                ],
                [
                    2819,
                    933
                ],
                [
                    2819,
                    760
                ],
                [
                    2774.78431372549,
                    711.5294117647059
                ],
                [
                    2757.1372549019607,
                    676.2352941176471
                ],
                [
                    2717.921568627451,
                    627.2156862745098
                ],
                [
                    2700.2745098039213,
                    580.156862745098
                ],
                [
                    2670.8627450980393,
                    546.8235294117648
                ],
                [
                    2649.2941176470586,
                    542.9019607843137
                ]
            ],
            "group_id": null,
            "shape_type": "polygon",
            "flags": {}
        },
        {
            "label": "handbag",
            "points": [
                [
                    2535.5686274509803,
                    1076.235294117647
                ],
                [
                    2527.725490196078,
                    1286.0392156862745
                ],
                [
                    2533.607843137255,
                    1352.7058823529412
                ],
                [
                    2549.2941176470586,
                    1409.5686274509803
                ],
                [
                    2561.0588235294117,
                    1482.1176470588234
                ],
                [
                    2555.176470588235,
                    1533.0980392156862
                ],
                [
                    2590.470588235294,
                    1572.313725490196
                ],
                [
                    2600.2745098039213,
                    1629.1764705882354
                ],
                [
                    2680.6666666666665,
                    1586.0392156862745
                ],
                [
                    2674.78431372549,
                    1501.7254901960785
                ],
                [
                    2627.725490196078,
                    1350.7450980392157
                ],
                [
                    2604.1960784313724,
                    1211.5294117647059
                ],
                [
                    2580.6666666666665,
                    1095.8431372549019
                ],
                [
                    2566.9411764705883,
                    1074.2745098039215
                ]
            ],
            "group_id": null,
            "shape_type": "polygon",
            "flags": {}
        },
        {
            "label": "handbag",
            "points": [
                [
                    2602.235294117647,
                    1088.0
                ],
                [
                    2614.0,
                    1152.7058823529412
                ],
                [
                    2619.8823529411766,
                    1229.1764705882354
                ],
                [
                    2619.8823529411766,
                    1284.078431372549
                ],
                [
                    2633.607843137255,
                    1354.6666666666667
                ],
                [
                    2674.78431372549,
                    1509.5686274509803
                ],
                [
                    2680.6666666666665,
                    1595.8431372549019
                ],
                [
                    2664.9803921568628,
                    1607.6078431372548
                ],
                [
                    2704.1960784313724,
                    1621.3333333333333
                ],
                [
                    2747.3333333333335,
                    1605.6470588235293
                ],
                [
                    2688.5098039215686,
                    1340.9411764705883
                ],
                [
                    2682.627450980392,
                    1293.8823529411764
                ],
                [
                    2637.529411764706,
                    1099.764705882353
                ]
            ],
            "group_id": null,
            "shape_type": "polygon",
            "flags": {}
        },
        {
            "label": "handbag",
            "points": [
                [
                    2402.235294117647,
                    1042.9019607843138
                ],
                [
                    2406.156862745098,
                    1213.4901960784314
                ],
                [
                    2392.4313725490197,
                    1282.1176470588234
                ],
                [
                    2404.1960784313724,
                    1305.6470588235293
                ],
                [
                    2449.2941176470586,
                    1397.8039215686274
                ],
                [
                    2476.7450980392155,
                    1423.2941176470588
                ],
                [
                    2502.235294117647,
                    1423.2941176470588
                ],
                [
                    2549.2941176470586,
                    1437.0196078431372
                ],
                [
                    2515.9607843137255,
                    1282.1176470588234
                ],
                [
                    2500.2745098039213,
                    1256.627450980392
                ],
                [
                    2482.627450980392,
                    1256.627450980392
                ],
                [
                    2439.4901960784314,
                    1035.0588235294117
                ]
            ],
            "group_id": null,
            "shape_type": "polygon",
            "flags": {}
        },
        {
            "label": "handbag",
            "points": [
                [
                    2247.3333333333335,
                    1660.549019607843
                ],
                [
                    2259.098039215686,
                    1680.156862745098
                ],
                [
                    2463.0196078431372,
                    1693.8823529411764
                ],
                [
                    2574.78431372549,
                    1668.392156862745
                ],
                [
                    2594.392156862745,
                    1617.4117647058824
                ],
                [
                    2590.470588235294,
                    1574.2745098039215
                ],
                [
                    2553.2156862745096,
                    1529.1764705882354
                ],
                [
                    2561.0588235294117,
                    1488.0
                ],
                [
                    2549.2941176470586,
                    1433.0980392156862
                ],
                [
                    2504.1960784313724,
                    1423.2941176470588
                ],
                [
                    2474.78431372549,
                    1425.2549019607843
                ],
                [
                    2502.235294117647,
                    1456.627450980392
                ],
                [
                    2486.549019607843,
                    1478.1960784313726
                ],
                [
                    2519.8823529411766,
                    1499.764705882353
                ],
                [
                    2553.2156862745096,
                    1597.8039215686274
                ],
                [
                    2529.6862745098038,
                    1660.549019607843
                ],
                [
                    2400.2745098039213,
                    1664.4705882352941
                ]
            ],
            "group_id": null,
            "shape_type": "polygon",
            "flags": {}
        },
        {
            "label": "handbag",
            "points": [
                [
                    178.70588235294116,
                    1033.0980392156862
                ],
                [
                    212.03921568627453,
                    1084.078431372549
                ],
                [
                    261.05882352941177,
                    1091.921568627451
                ],
                [
                    278.70588235294116,
                    1113.4901960784314
                ],
                [
                    370.8627450980392,
                    1113.4901960784314
                ],
                [
                    435.56862745098033,
                    1084.078431372549
                ],
                [
                    453.21568627450984,
                    970.3529411764706
                ],
                [
                    412.0392156862745,
                    882.1176470588235
                ],
                [
                    404.19607843137254,
                    897.8039215686274
                ],
                [
                    396.35294117647055,
                    999.7647058823529
                ],
                [
                    368.9019607843137,
                    1025.2549019607843
                ],
                [
                    255.1764705882353,
                    1038.9803921568628
                ]
            ],
            "group_id": null,
            "shape_type": "polygon",
            "flags": {}
        },
        {
            "label": "handbag",
            "points": [
                [
                    2.235294117647058,
                    1140.9411764705883
                ],
                [
                    68.90196078431373,
                    1129.1764705882354
                ],
                [
                    115.9607843137255,
                    1084.078431372549
                ],
                [
                    145.37254901960785,
                    978.1960784313725
                ],
                [
                    133.6078431372549,
                    907.6078431372549
                ],
                [
                    159.09803921568627,
                    813.4901960784314
                ],
                [
                    159.09803921568627,
                    697.8039215686274
                ],
                [
                    108.11764705882354,
                    654.6666666666666
                ],
                [
                    39.49019607843137,
                    752.7058823529412
                ],
                [
                    0,
                    822
                ]
            ],
            "group_id": null,
            "shape_type": "polygon",
            "flags": {}
        }
    ],
    "imagePath": "../../Canon1DsMkIII_PNG/Canon1DsMkIII_0167.PNG",
    "imageData": null,
    "imageHeight": 1876,
    "imageWidth": 2820
}