{
    "version": "4.5.6",
    "flags": {},
    "shapes": [
        {
            "label": "chair",
            "points": [
                [
                    1309.5238095238094,
                    1165.7142857142856
                ],
                [
                    1310.4761904761904,
                    1185.7142857142856
                ],
                [
                    1320.0,
                    1188.5714285714284
                ],
                [
                    1313.3333333333333,
                    1214.2857142857142
                ],
                [
                    1325.7142857142856,
                    1226.6666666666665
                ],
                [
                    1337.142857142857,
                    1224.7619047619048
                ],
                [
                    1346.6666666666665,
                    1190.4761904761904
                ],
                [
                    1347.6190476190475,
                    1187.6190476190475
                ],
                [
                    1456.1904761904761,
                    1188.5714285714284
                ],
                [
                    1468.5714285714284,
                    1225.7142857142856
                ],
                [
                    1487.6190476190475,
                    1221.904761904762
                ],
                [
                    1490.4761904761904,
                    1210.4761904761904
                ],
                [
                    1483.8095238095239,
                    1186.6666666666665
                ],
                [
                    1489.5238095238094,
                    1186.6666666666665
                ],
                [
                    1496.1904761904761,
                    1166.6666666666665
                ]
            ],
            "group_id": null,
            "shape_type": "polygon",
            "flags": {}
        }
    ],
    "imagePath": "../../Canon1DsMkIII_PNG/Canon1DsMkIII_0180.PNG",
    "imageData": null,
    "imageHeight": 1876,
    "imageWidth": 2820
}