{
    "version": "4.5.6",
    "flags": {},
    "shapes": [
        {
            "label": "person",
            "points": [
                [
                    885.7142857142858,
                    791.6666666666667
                ],
                [
                    878.5714285714286,
                    804.7619047619048
                ],
                [
                    871.4285714285714,
                    827.3809523809524
                ],
                [
                    878.5714285714286,
                    847.6190476190477
                ],
                [
                    844.047619047619,
                    864.2857142857143
                ],
                [
                    839.2857142857143,
                    904.7619047619048
                ],
                [
                    830.952380952381,
                    942.8571428571429
                ],
                [
                    830.952380952381,
                    995.2380952380953
                ],
                [
                    821.4285714285714,
                    1021.4285714285714
                ],
                [
                    833.3333333333334,
                    1027.3809523809525
                ],
                [
                    842.8571428571429,
                    1020.2380952380953
                ],
                [
                    838.0952380952381,
                    1002.3809523809524
                ],
                [
                    854.7619047619048,
                    929.7619047619048
                ],
                [
                    857.1428571428572,
                    915.4761904761905
                ],
                [
                    864.2857142857143,
                    952.3809523809524
                ],
                [
                    855.952380952381,
                    982.1428571428572
                ],
                [
                    848.8095238095239,
                    1001.1904761904763
                ],
                [
                    852.3809523809524,
                    1035.7142857142858
                ],
                [
                    860.7142857142858,
                    1101.1904761904761
                ],
                [
                    864.2857142857143,
                    1135.7142857142858
                ],
                [
                    880.952380952381,
                    1172.6190476190477
                ],
                [
                    882.1428571428572,
                    1189.2857142857142
                ],
                [
                    861.9047619047619,
                    1190.4761904761906
                ],
                [
                    875.0,
                    1213.095238095238
                ],
                [
                    897.6190476190477,
                    1217.857142857143
                ],
                [
                    891.6666666666667,
                    1189.2857142857142
                ],
                [
                    891.6666666666667,
                    1140.4761904761906
                ],
                [
                    890.4761904761905,
                    1110.7142857142858
                ],
                [
                    891.6666666666667,
                    1095.2380952380952
                ],
                [
                    901.1904761904763,
                    1094.047619047619
                ],
                [
                    903.5714285714286,
                    1119.047619047619
                ],
                [
                    902.3809523809524,
                    1160.7142857142858
                ],
                [
                    903.5714285714286,
                    1196.4285714285716
                ],
                [
                    903.5714285714286,
                    1219.047619047619
                ],
                [
                    916.6666666666667,
                    1222.6190476190477
                ],
                [
                    935.7142857142858,
                    1219.047619047619
                ],
                [
                    920.2380952380953,
                    1191.6666666666667
                ],
                [
                    930.952380952381,
                    1155.952380952381
                ],
                [
                    938.0952380952381,
                    1119.047619047619
                ],
                [
                    938.0952380952381,
                    1084.5238095238096
                ],
                [
                    947.6190476190477,
                    1041.6666666666667
                ],
                [
                    947.6190476190477,
                    1013.0952380952382
                ],
                [
                    950.0,
                    967.8571428571429
                ],
                [
                    954.7619047619048,
                    953.5714285714286
                ],
                [
                    967.8571428571429,
                    941.6666666666667
                ],
                [
                    969.047619047619,
                    913.0952380952381
                ],
                [
                    959.5238095238095,
                    869.047619047619
                ],
                [
                    933.3333333333334,
                    853.5714285714286
                ],
                [
                    914.2857142857143,
                    847.6190476190477
                ],
                [
                    919.047619047619,
                    836.9047619047619
                ],
                [
                    926.1904761904763,
                    817.8571428571429
                ],
                [
                    919.047619047619,
                    801.1904761904763
                ],
                [
                    907.1428571428572,
                    790.4761904761905
                ]
            ],
            "group_id": null,
            "shape_type": "polygon",
            "flags": {}
        },
        {
            "label": "person",
            "points": [
                [
                    779.7619047619048,
                    905.952380952381
                ],
                [
                    766.6666666666667,
                    919.047619047619
                ],
                [
                    771.4285714285714,
                    936.9047619047619
                ],
                [
                    767.8571428571429,
                    950.0
                ],
                [
                    751.1904761904763,
                    951.1904761904763
                ],
                [
                    740.4761904761905,
                    967.8571428571429
                ],
                [
                    733.3333333333334,
                    990.4761904761905
                ],
                [
                    745.2380952380953,
                    991.6666666666667
                ],
                [
                    764.2857142857143,
                    990.4761904761905
                ],
                [
                    759.5238095238095,
                    1027.3809523809525
                ],
                [
                    763.0952380952381,
                    1058.3333333333335
                ],
                [
                    764.2857142857143,
                    1130.952380952381
                ],
                [
                    767.8571428571429,
                    1159.5238095238096
                ],
                [
                    784.5238095238095,
                    1157.142857142857
                ],
                [
                    795.2380952380953,
                    1158.3333333333335
                ],
                [
                    801.1904761904763,
                    1134.5238095238096
                ],
                [
                    802.3809523809524,
                    1096.4285714285716
                ],
                [
                    802.3809523809524,
                    1065.4761904761906
                ],
                [
                    804.7619047619048,
                    1038.095238095238
                ],
                [
                    802.3809523809524,
                    1027.3809523809525
                ],
                [
                    816.6666666666667,
                    1015.4761904761905
                ],
                [
                    822.6190476190477,
                    986.9047619047619
                ],
                [
                    819.047619047619,
                    964.2857142857143
                ],
                [
                    800.0,
                    951.1904761904763
                ],
                [
                    796.4285714285714,
                    941.6666666666667
                ],
                [
                    800.0,
                    934.5238095238095
                ],
                [
                    802.3809523809524,
                    915.4761904761905
                ]
            ],
            "group_id": null,
            "shape_type": "polygon",
            "flags": {}
        },
        {
            "label": "handbag",
            "points": [
                [
                    739.2857142857143,
                    989.2857142857143
                ],
                [
                    733.3333333333334,
                    1022.6190476190477
                ],
                [
                    748.8095238095239,
                    1028.5714285714287
                ],
                [
                    759.5238095238095,
                    1014.2857142857143
                ],
                [
                    755.952380952381,
                    995.2380952380953
                ]
            ],
            "group_id": null,
            "shape_type": "polygon",
            "flags": {}
        },
        {
            "label": "umbrella",
            "points": [
                [
                    830.952380952381,
                    1023.8095238095239
                ],
                [
                    827.3809523809524,
                    1039.2857142857142
                ],
                [
                    830.952380952381,
                    1082.142857142857
                ],
                [
                    835.7142857142858,
                    1136.904761904762
                ],
                [
                    839.2857142857143,
                    1163.095238095238
                ],
                [
                    846.4285714285714,
                    1192.857142857143
                ],
                [
                    850.0,
                    1220.2380952380952
                ],
                [
                    860.7142857142858,
                    1217.857142857143
                ],
                [
                    855.952380952381,
                    1183.3333333333335
                ],
                [
                    854.7619047619048,
                    1151.1904761904761
                ],
                [
                    855.952380952381,
                    1120.2380952380952
                ],
                [
                    847.6190476190477,
                    1082.142857142857
                ],
                [
                    844.047619047619,
                    1059.5238095238096
                ]
            ],
            "group_id": null,
            "shape_type": "polygon",
            "flags": {}
        }
    ],
    "imagePath": "../../Canon1DsMkIII_PNG/Canon1DsMkIII_0126.PNG",
    "imageData": null,
    "imageHeight": 2820,
    "imageWidth": 1876
}