{
    "version": "4.5.6",
    "flags": {},
    "shapes": [
        {
            "label": "person",
            "points": [
                [
                    1255.2380952380952,
                    1187.6190476190475
                ],
                [
                    1259.047619047619,
                    1185.7142857142856
                ],
                [
                    1262.857142857143,
                    1176.1904761904761
                ],
                [
                    1271.4285714285713,
                    1179.047619047619
                ],
                [
                    1272.3809523809523,
                    1186.6666666666665
                ],
                [
                    1280.0,
                    1195.2380952380952
                ],
                [
                    1277.0,
                    1219.5
                ],
                [
                    1278.0,
                    1225.0
                ],
                [
                    1274.0,
                    1239.0
                ],
                [
                    1277.5,
                    1246.5
                ],
                [
                    1273.5,
                    1250.5
                ],
                [
                    1276.0,
                    1257.0
                ],
                [
                    1271.5,
                    1266.5
                ],
                [
                    1270.0,
                    1277.5
                ],
                [
                    1264.5,
                    1277.5
                ],
                [
                    1264.0,
                    1266.0
                ],
                [
                    1258.5,
                    1261.5
                ],
                [
                    1261.5,
                    1251.5
                ],
                [
                    1257.5,
                    1248.5
                ],
                [
                    1255.5,
                    1242.0
                ],
                [
                    1256.5,
                    1235.0
                ],
                [
                    1250.0,
                    1221.5
                ],
                [
                    1250.0,
                    1206.0
                ],
                [
                    1249.0,
                    1195.0
                ]
            ],
            "group_id": null,
            "shape_type": "polygon",
            "flags": {}
        },
        {
            "label": "person",
            "points": [
                [
                    1295.5,
                    1179.0
                ],
                [
                    1293.0,
                    1186.0
                ],
                [
                    1293.0,
                    1191.5
                ],
                [
                    1291.0,
                    1203.0
                ],
                [
                    1294.0,
                    1218.0
                ],
                [
                    1293.5,
                    1232.0
                ],
                [
                    1307.0,
                    1228.5
                ],
                [
                    1304.0,
                    1213.5
                ],
                [
                    1303.5,
                    1199.0
                ],
                [
                    1305.5,
                    1191.5
                ],
                [
                    1302.0,
                    1185.5
                ]
            ],
            "group_id": null,
            "shape_type": "polygon",
            "flags": {}
        },
        {
            "label": "bench",
            "points": [
                [
                    1603.061224489796,
                    1308.1632653061224
                ],
                [
                    1602.0408163265306,
                    1271.4285714285716
                ],
                [
                    1802.0408163265306,
                    1280.6122448979593
                ],
                [
                    1804.0816326530612,
                    1320.4081632653063
                ],
                [
                    1788.7755102040817,
                    1316.3265306122448
                ],
                [
                    1787.7551020408164,
                    1301.0204081632653
                ],
                [
                    1617.3469387755101,
                    1293.8775510204082
                ],
                [
                    1617.3469387755101,
                    1308.1632653061224
                ]
            ],
            "group_id": null,
            "shape_type": "polygon",
            "flags": {}
        },
        {
            "label": "umbrella",
            "points": [
                [
                    1639.1836734693877,
                    1137.5510204081631
                ],
                [
                    1757.9591836734692,
                    1135.1020408163265
                ],
                [
                    1758.7755102040815,
                    1305.3061224489795
                ],
                [
                    1736.3265306122448,
                    1308.5714285714284
                ],
                [
                    1734.2857142857142,
                    1320.0
                ],
                [
                    1794.6938775510203,
                    1319.1836734693877
                ],
                [
                    1795.1020408163265,
                    1312.2448979591836
                ],
                [
                    1768.9795918367345,
                    1305.3061224489795
                ],
                [
                    1764.8979591836733,
                    1305.3061224489795
                ],
                [
                    1763.265306122449,
                    1134.2857142857142
                ],
                [
                    1833.469387755102,
                    1138.3673469387754
                ],
                [
                    1879.1836734693877,
                    1133.061224489796
                ],
                [
                    1791.020408163265,
                    1098.7755102040815
                ],
                [
                    1790.204081632653,
                    1089.3877551020407
                ],
                [
                    1768.5714285714284,
                    1086.5306122448978
                ],
                [
                    1767.3469387755101,
                    1082.857142857143
                ],
                [
                    1752.2448979591836,
                    1082.0408163265306
                ],
                [
                    1748.1632653061224,
                    1086.5306122448978
                ],
                [
                    1729.7959183673468,
                    1090.204081632653
                ],
                [
                    1730.612244897959,
                    1098.7755102040815
                ]
            ],
            "group_id": null,
            "shape_type": "polygon",
            "flags": {}
        },
        {
            "label": "bench",
            "points": [
                [
                    1509.3877551020407,
                    1303.265306122449
                ],
                [
                    1517.142857142857,
                    1305.3061224489795
                ],
                [
                    1519.5918367346937,
                    1302.4489795918366
                ],
                [
                    1560.816326530612,
                    1302.8571428571427
                ],
                [
                    1564.0816326530612,
                    1305.7142857142856
                ],
                [
                    1571.4285714285713,
                    1304.8979591836733
                ],
                [
                    1571.4285714285713,
                    1265.3061224489795
                ],
                [
                    1517.142857142857,
                    1265.7142857142856
                ],
                [
                    1426.9387755102039,
                    1260.0
                ],
                [
                    1404.0816326530612,
                    1257.5510204081631
                ],
                [
                    1404.8979591836733,
                    1248.9795918367347
                ],
                [
                    1432.6530612244896,
                    1246.5306122448978
                ],
                [
                    1428.5714285714284,
                    1242.0408163265306
                ],
                [
                    1384.8979591836733,
                    1245.3061224489795
                ],
                [
                    1366.1224489795918,
                    1250.612244897959
                ],
                [
                    1369.3877551020407,
                    1257.5510204081631
                ],
                [
                    1370.612244897959,
                    1275.9183673469388
                ],
                [
                    1452.6530612244896,
                    1286.1224489795918
                ],
                [
                    1507.7551020408162,
                    1287.7551020408162
                ]
            ],
            "group_id": null,
            "shape_type": "polygon",
            "flags": {}
        }
    ],
    "imagePath": "../../Canon1DsMkIII_PNG/Canon1DsMkIII_0098.PNG",
    "imageData": null,
    "imageHeight": 1876,
    "imageWidth": 2820
}