{
    "version": "4.5.6",
    "flags": {},
    "shapes": [
        {
            "label": "bench",
            "points": [
                [
                    68.75,
                    1484.375
                ],
                [
                    70.83333333333334,
                    1495.8333333333335
                ],
                [
                    81.25,
                    1493.75
                ],
                [
                    94.79166666666667,
                    1511.4583333333335
                ],
                [
                    98.95833333333334,
                    1540.625
                ],
                [
                    108.33333333333334,
                    1563.5416666666667
                ],
                [
                    109.375,
                    1591.6666666666667
                ],
                [
                    95.83333333333334,
                    1648.9583333333335
                ],
                [
                    88.54166666666667,
                    1685.4166666666667
                ],
                [
                    103.125,
                    1671.875
                ],
                [
                    117.70833333333334,
                    1639.5833333333335
                ],
                [
                    143.75,
                    1623.9583333333335
                ],
                [
                    168.75,
                    1625.0
                ],
                [
                    181.25,
                    1632.2916666666667
                ],
                [
                    169.79166666666669,
                    1665.625
                ],
                [
                    163.54166666666669,
                    1698.9583333333335
                ],
                [
                    147.91666666666669,
                    1735.4166666666667
                ],
                [
                    165.625,
                    1731.25
                ],
                [
                    182.29166666666669,
                    1691.6666666666667
                ],
                [
                    193.75,
                    1669.7916666666667
                ],
                [
                    213.54166666666669,
                    1655.2083333333335
                ],
                [
                    214.58333333333334,
                    1667.7083333333335
                ],
                [
                    225.0,
                    1671.875
                ],
                [
                    238.54166666666669,
                    1661.4583333333335
                ],
                [
                    259.375,
                    1658.3333333333335
                ],
                [
                    272.9166666666667,
                    1670.8333333333335
                ],
                [
                    289.58333333333337,
                    1695.8333333333335
                ],
                [
                    295.83333333333337,
                    1718.75
                ],
                [
                    305.20833333333337,
                    1713.5416666666667
                ],
                [
                    302.08333333333337,
                    1680.2083333333335
                ],
                [
                    295.83333333333337,
                    1654.1666666666667
                ],
                [
                    289.58333333333337,
                    1638.5416666666667
                ],
                [
                    301.0416666666667,
                    1618.75
                ],
                [
                    311.45833333333337,
                    1623.9583333333335
                ],
                [
                    327.08333333333337,
                    1633.3333333333335
                ],
                [
                    337.5,
                    1607.2916666666667
                ],
                [
                    328.125,
                    1592.7083333333335
                ],
                [
                    307.2916666666667,
                    1590.625
                ],
                [
                    289.58333333333337,
                    1581.25
                ],
                [
                    278.125,
                    1570.8333333333335
                ],
                [
                    279.1666666666667,
                    1559.375
                ],
                [
                    290.625,
                    1562.5
                ],
                [
                    298.95833333333337,
                    1553.125
                ],
                [
                    294.7916666666667,
                    1546.875
                ],
                [
                    280.20833333333337,
                    1538.5416666666667
                ],
                [
                    230.20833333333334,
                    1556.25
                ],
                [
                    207.29166666666669,
                    1546.875
                ],
                [
                    195.83333333333334,
                    1532.2916666666667
                ],
                [
                    210.41666666666669,
                    1535.4166666666667
                ],
                [
                    214.58333333333334,
                    1526.0416666666667
                ],
                [
                    204.16666666666669,
                    1515.625
                ],
                [
                    196.875,
                    1514.5833333333335
                ],
                [
                    189.58333333333334,
                    1516.6666666666667
                ],
                [
                    177.08333333333334,
                    1500.0
                ],
                [
                    155.20833333333334,
                    1493.75
                ],
                [
                    89.58333333333334,
                    1481.25
                ]
            ],
            "group_id": null,
            "shape_type": "polygon",
            "flags": {}
        }
    ],
    "imagePath": "../../Canon1DsMkIII_PNG/Canon1DsMkIII_0241.PNG",
    "imageData": null,
    "imageHeight": 1876,
    "imageWidth": 2820
}