{
    "version": "4.5.6",
    "flags": {},
    "shapes": [
        {
            "label": "suitcase",
            "points": [
                [
                    2208.0,
                    1456.0
                ],
                [
                    2335.5,
                    1443.5
                ],
                [
                    2368.0,
                    1463.5
                ],
                [
                    2408.0,
                    1476.0
                ],
                [
                    2443.0,
                    1476.0
                ],
                [
                    2633.0,
                    1621.0
                ],
                [
                    2643.0,
                    1673.5
                ],
                [
                    2648.0,
                    1748.5
                ],
                [
                    2640.5,
                    1808.5
                ],
                [
                    2645.5,
                    1873.5
                ],
                [
                    2345.0,
                    1875.0
                ],
                [
                    2145.5,
                    1873.5
                ],
                [
                    2148.0,
                    1728.5
                ],
                [
                    2253.0,
                    1723.5
                ],
                [
                    2250.5,
                    1668.5
                ],
                [
                    2240.5,
                    1646.0
                ],
                [
                    2270.5,
                    1583.5
                ],
                [
                    2250.5,
                    1526.0
                ],
                [
                    2213.0,
                    1508.5
                ]
            ],
            "group_id": null,
            "shape_type": "polygon",
            "flags": {}
        },
        {
            "label": "bench",
            "points": [
                [
                    2073.0,
                    1873.5
                ],
                [
                    2043.0,
                    1731.0
                ],
                [
                    2250.5,
                    1726.0
                ],
                [
                    2253.0,
                    1678.5
                ],
                [
                    2235.5,
                    1651.0
                ],
                [
                    2165.5,
                    1673.5
                ],
                [
                    2065.5,
                    1601.0
                ],
                [
                    1910.5,
                    1598.5
                ],
                [
                    1818.0,
                    1663.5
                ],
                [
                    1793.0,
                    1666.0
                ],
                [
                    1018.0,
                    1671.0
                ],
                [
                    910.5,
                    1671.0
                ],
                [
                    913.0,
                    1691.0
                ],
                [
                    723.0,
                    1733.5
                ],
                [
                    565.5,
                    1748.5
                ],
                [
                    498.0,
                    1748.5
                ],
                [
                    495.5,
                    1871.0
                ],
                [
                    597.0,
                    1875.0
                ],
                [
                    600.5,
                    1778.5
                ],
                [
                    628.0,
                    1761.0
                ],
                [
                    795.5,
                    1733.5
                ],
                [
                    1015.5,
                    1728.5
                ],
                [
                    1815.5,
                    1731.0
                ],
                [
                    1915.5,
                    1733.5
                ],
                [
                    1968.0,
                    1731.0
                ],
                [
                    1986.0,
                    1875.0
                ]
            ],
            "group_id": null,
            "shape_type": "polygon",
            "flags": {}
        },
        {
            "label": "teddy bear",
            "points": [
                [
                    858.0,
                    636.0
                ],
                [
                    838.0,
                    651.0
                ],
                [
                    868.0,
                    668.5
                ],
                [
                    833.0,
                    723.5
                ],
                [
                    813.0,
                    776.0
                ],
                [
                    825.5,
                    813.5
                ],
                [
                    843.0,
                    831.0
                ],
                [
                    795.5,
                    853.5
                ],
                [
                    785.5,
                    891.0
                ],
                [
                    800.5,
                    956.0
                ],
                [
                    858.0,
                    993.5
                ],
                [
                    863.0,
                    1013.5
                ],
                [
                    860.5,
                    1051.0
                ],
                [
                    863.0,
                    1063.5
                ],
                [
                    830.5,
                    1093.5
                ],
                [
                    813.0,
                    1156.0
                ],
                [
                    818.0,
                    1238.5
                ],
                [
                    828.0,
                    1273.5
                ],
                [
                    815.5,
                    1301.0
                ],
                [
                    855.5,
                    1353.5
                ],
                [
                    943.0,
                    1378.5
                ],
                [
                    1005.5,
                    1338.5
                ],
                [
                    1065.5,
                    1233.5
                ],
                [
                    1095.5,
                    1201.0
                ],
                [
                    1143.0,
                    1243.5
                ],
                [
                    1180.5,
                    1313.5
                ],
                [
                    1240.5,
                    1381.0
                ],
                [
                    1318.0,
                    1393.5
                ],
                [
                    1365.5,
                    1361.0
                ],
                [
                    1395.5,
                    1318.5
                ],
                [
                    1380.5,
                    1278.5
                ],
                [
                    1378.0,
                    1213.5
                ],
                [
                    1378.0,
                    1121.0
                ],
                [
                    1335.5,
                    1033.5
                ],
                [
                    1355.5,
                    983.5
                ],
                [
                    1355.5,
                    903.5
                ],
                [
                    1328.0,
                    858.5
                ],
                [
                    1278.0,
                    818.5
                ],
                [
                    1228.0,
                    806.0
                ],
                [
                    1245.5,
                    761.0
                ],
                [
                    1268.0,
                    718.5
                ],
                [
                    1220.5,
                    683.5
                ],
                [
                    1175.5,
                    633.5
                ],
                [
                    1093.0,
                    608.5
                ],
                [
                    973.0,
                    601.0
                ],
                [
                    905.5,
                    611.0
                ]
            ],
            "group_id": null,
            "shape_type": "polygon",
            "flags": {}
        },
        {
            "label": "teddy bear",
            "points": [
                [
                    1585.5,
                    976.0
                ],
                [
                    1565.5,
                    998.5
                ],
                [
                    1580.5,
                    1066.0
                ],
                [
                    1570.5,
                    1113.5
                ],
                [
                    1503.0,
                    1158.5
                ],
                [
                    1478.0,
                    1201.0
                ],
                [
                    1460.5,
                    1268.5
                ],
                [
                    1415.5,
                    1321.0
                ],
                [
                    1378.0,
                    1346.0
                ],
                [
                    1365.5,
                    1368.5
                ],
                [
                    1408.0,
                    1431.0
                ],
                [
                    1513.0,
                    1423.5
                ],
                [
                    1575.5,
                    1443.5
                ],
                [
                    1675.5,
                    1438.5
                ],
                [
                    1760.5,
                    1378.5
                ],
                [
                    1788.0,
                    1401.0
                ],
                [
                    1755.5,
                    1453.5
                ],
                [
                    1778.0,
                    1483.5
                ],
                [
                    1795.5,
                    1511.0
                ],
                [
                    1765.5,
                    1541.0
                ],
                [
                    1700.5,
                    1538.5
                ],
                [
                    1613.0,
                    1576.0
                ],
                [
                    1565.5,
                    1601.0
                ],
                [
                    1595.5,
                    1633.5
                ],
                [
                    1658.0,
                    1716.0
                ],
                [
                    1733.0,
                    1731.0
                ],
                [
                    1778.0,
                    1703.5
                ],
                [
                    1815.5,
                    1661.0
                ],
                [
                    1880.5,
                    1641.0
                ],
                [
                    1908.0,
                    1581.0
                ],
                [
                    1923.0,
                    1476.0
                ],
                [
                    1900.5,
                    1468.5
                ],
                [
                    1960.5,
                    1386.0
                ],
                [
                    1978.0,
                    1291.0
                ],
                [
                    1933.0,
                    1206.0
                ],
                [
                    1890.5,
                    1178.5
                ],
                [
                    1935.5,
                    1093.5
                ],
                [
                    1968.0,
                    1053.5
                ],
                [
                    1965.5,
                    981.0
                ],
                [
                    1908.0,
                    961.0
                ],
                [
                    1858.0,
                    941.0
                ],
                [
                    1765.5,
                    903.5
                ],
                [
                    1720.5,
                    946.0
                ],
                [
                    1648.0,
                    931.0
                ]
            ],
            "group_id": null,
            "shape_type": "polygon",
            "flags": {}
        },
        {
            "label": "teddy bear",
            "points": [
                [
                    2165.5,
                    1016.0
                ],
                [
                    2183.0,
                    1043.5
                ],
                [
                    2190.5,
                    1101.0
                ],
                [
                    2190.5,
                    1161.0
                ],
                [
                    2180.5,
                    1208.5
                ],
                [
                    2230.5,
                    1243.5
                ],
                [
                    2260.5,
                    1291.0
                ],
                [
                    2280.5,
                    1366.0
                ],
                [
                    2270.5,
                    1441.0
                ],
                [
                    2243.0,
                    1456.0
                ],
                [
                    2208.0,
                    1453.5
                ],
                [
                    2215.5,
                    1516.0
                ],
                [
                    2250.5,
                    1528.5
                ],
                [
                    2273.0,
                    1586.0
                ],
                [
                    2245.5,
                    1646.0
                ],
                [
                    2163.0,
                    1668.5
                ],
                [
                    2060.5,
                    1596.0
                ],
                [
                    1903.0,
                    1598.5
                ],
                [
                    1923.0,
                    1478.5
                ],
                [
                    1895.5,
                    1466.0
                ],
                [
                    1953.0,
                    1378.5
                ],
                [
                    1980.5,
                    1291.0
                ],
                [
                    1933.0,
                    1208.5
                ],
                [
                    1893.0,
                    1171.0
                ],
                [
                    1933.0,
                    1093.5
                ],
                [
                    1968.0,
                    1043.5
                ],
                [
                    1973.0,
                    971.0
                ],
                [
                    1958.0,
                    973.5
                ],
                [
                    1948.0,
                    948.5
                ],
                [
                    1980.5,
                    933.5
                ],
                [
                    2040.5,
                    928.5
                ],
                [
                    2095.5,
                    946.0
                ],
                [
                    2123.0,
                    961.0
                ],
                [
                    2180.5,
                    946.0
                ],
                [
                    2220.5,
                    961.0
                ],
                [
                    2223.0,
                    996.0
                ],
                [
                    2208.0,
                    1011.0
                ]
            ],
            "group_id": null,
            "shape_type": "polygon",
            "flags": {}
        },
        {
            "label": "teddy bear",
            "points": [
                [
                    190.5,
                    528.5
                ],
                [
                    190.5,
                    563.5
                ],
                [
                    228.0,
                    611.0
                ],
                [
                    270.5,
                    633.5
                ],
                [
                    268.0,
                    666.0
                ],
                [
                    303.0,
                    651.0
                ],
                [
                    363.0,
                    638.5
                ],
                [
                    435.5,
                    628.5
                ],
                [
                    495.5,
                    621.0
                ],
                [
                    550.5,
                    626.0
                ],
                [
                    533.0,
                    593.5
                ],
                [
                    490.5,
                    578.5
                ],
                [
                    503.0,
                    553.5
                ],
                [
                    475.5,
                    531.0
                ],
                [
                    435.5,
                    536.0
                ],
                [
                    373.0,
                    551.0
                ],
                [
                    348.0,
                    493.5
                ],
                [
                    305.5,
                    468.5
                ],
                [
                    263.0,
                    468.5
                ],
                [
                    220.5,
                    491.0
                ]
            ],
            "group_id": null,
            "shape_type": "polygon",
            "flags": {}
        },
        {
            "label": "teddy bear",
            "points": [
                [
                    1353.2156862745098,
                    601.7254901960785
                ],
                [
                    1317.921568627451,
                    617.4117647058823
                ],
                [
                    1341.450980392157,
                    672.313725490196
                ],
                [
                    1361.0588235294117,
                    668.3921568627451
                ],
                [
                    1368.9019607843136,
                    715.4509803921568
                ],
                [
                    1388.5098039215686,
                    750.7450980392157
                ],
                [
                    1372.8235294117646,
                    807.6078431372549
                ],
                [
                    1314.0,
                    789.9607843137255
                ],
                [
                    1268.9019607843138,
                    811.5294117647059
                ],
                [
                    1319.8823529411764,
                    854.6666666666666
                ],
                [
                    1355.1764705882354,
                    905.6470588235294
                ],
                [
                    1349.2941176470588,
                    970.3529411764706
                ],
                [
                    1559.0980392156862,
                    1003.6862745098039
                ],
                [
                    1588.5098039215686,
                    976.2352941176471
                ],
                [
                    1647.3333333333333,
                    937.0196078431372
                ],
                [
                    1712.0392156862745,
                    946.8235294117646
                ],
                [
                    1759.0980392156862,
                    909.5686274509803
                ],
                [
                    1763.0196078431372,
                    868.3921568627451
                ],
                [
                    1757.1372549019607,
                    837.0196078431372
                ],
                [
                    1735.5686274509803,
                    819.3725490196078
                ],
                [
                    1692.4313725490197,
                    784.0784313725491
                ],
                [
                    1733.6078431372548,
                    766.4313725490196
                ],
                [
                    1796.3529411764705,
                    674.2745098039215
                ],
                [
                    1774.7843137254902,
                    646.8235294117646
                ],
                [
                    1764.9803921568628,
                    593.8823529411765
                ],
                [
                    1710.078431372549,
                    576.2352941176471
                ],
                [
                    1643.4117647058824,
                    529.1764705882352
                ],
                [
                    1463.0196078431372,
                    533.0980392156863
                ]
            ],
            "group_id": null,
            "shape_type": "polygon",
            "flags": {}
        },
        {
            "label": "teddy bear",
            "points": [
                [
                    1774.7843137254902,
                    638.9803921568628
                ],
                [
                    1784.5882352941176,
                    631.1372549019608
                ],
                [
                    1821.8431372549019,
                    640.9411764705882
                ],
                [
                    1847.3333333333333,
                    654.6666666666666
                ],
                [
                    1866.9411764705883,
                    684.0784313725491
                ],
                [
                    1886.549019607843,
                    723.2941176470588
                ],
                [
                    1890.4705882352941,
                    821.3333333333334
                ],
                [
                    1886.549019607843,
                    846.8235294117646
                ],
                [
                    1925.764705882353,
                    872.313725490196
                ],
                [
                    1953.2156862745098,
                    913.4901960784314
                ],
                [
                    1947.3333333333333,
                    937.0196078431372
                ],
                [
                    1953.2156862745098,
                    954.6666666666666
                ],
                [
                    1957.1372549019607,
                    976.2352941176471
                ],
                [
                    1768.9019607843136,
                    909.5686274509803
                ],
                [
                    1764.9803921568628,
                    866.4313725490196
                ],
                [
                    1763.0196078431372,
                    831.1372549019608
                ],
                [
                    1725.764705882353,
                    813.4901960784314
                ],
                [
                    1694.392156862745,
                    789.9607843137255
                ],
                [
                    1731.6470588235293,
                    766.4313725490196
                ],
                [
                    1792.4313725490197,
                    672.313725490196
                ]
            ],
            "group_id": null,
            "shape_type": "polygon",
            "flags": {}
        },
        {
            "label": "teddy bear",
            "points": [
                [
                    647.3333333333334,
                    458.5882352941176
                ],
                [
                    635.5686274509803,
                    478.19607843137254
                ],
                [
                    651.2549019607843,
                    505.6470588235294
                ],
                [
                    639.4901960784314,
                    521.3333333333334
                ],
                [
                    649.2941176470588,
                    562.5098039215686
                ],
                [
                    666.9411764705882,
                    599.7647058823529
                ],
                [
                    625.7647058823529,
                    648.7843137254902
                ],
                [
                    621.843137254902,
                    672.313725490196
                ],
                [
                    598.313725490196,
                    668.3921568627451
                ],
                [
                    576.7450980392157,
                    703.6862745098039
                ],
                [
                    639.4901960784314,
                    735.0588235294117
                ],
                [
                    780.6666666666666,
                    799.7647058823529
                ],
                [
                    827.7254901960785,
                    821.3333333333334
                ],
                [
                    815.9607843137255,
                    780.156862745098
                ],
                [
                    831.6470588235294,
                    719.3725490196078
                ],
                [
                    874.7843137254902,
                    664.4705882352941
                ],
                [
                    839.4901960784314,
                    644.8627450980392
                ],
                [
                    935.5686274509803,
                    605.6470588235294
                ],
                [
                    941.4509803921569,
                    546.8235294117648
                ],
                [
                    841.4509803921568,
                    482.11764705882354
                ],
                [
                    796.3529411764706,
                    429.1764705882353
                ],
                [
                    815.9607843137255,
                    382.11764705882354
                ],
                [
                    782.6274509803922,
                    370.3529411764706
                ],
                [
                    686.5490196078431,
                    435.05882352941177
                ]
            ],
            "group_id": null,
            "shape_type": "polygon",
            "flags": {}
        }
    ],
    "imagePath": "../../Canon1DsMkIII_PNG/Canon1DsMkIII_0130.PNG",
    "imageData": null,
    "imageHeight": 1876,
    "imageWidth": 2820
}