{
    "version": "4.5.6",
    "flags": {},
    "shapes": [
        {
            "label": "person",
            "points": [
                [
                    908.1176470588235,
                    303.6862745098039
                ],
                [
                    863.0196078431372,
                    356.62745098039215
                ],
                [
                    857.1372549019608,
                    446.8235294117647
                ],
                [
                    825.7647058823529,
                    501.72549019607845
                ],
                [
                    821.843137254902,
                    556.6274509803922
                ],
                [
                    814.0,
                    593.8823529411765
                ],
                [
                    798.313725490196,
                    642.9019607843137
                ],
                [
                    759.0980392156863,
                    711.5294117647059
                ],
                [
                    708.1176470588235,
                    774.2745098039215
                ],
                [
                    659.0980392156863,
                    805.6470588235294
                ],
                [
                    614.0,
                    899.7647058823529
                ],
                [
                    590.4705882352941,
                    995.843137254902
                ],
                [
                    582.6274509803922,
                    1038.9803921568628
                ],
                [
                    582.6274509803922,
                    1137.0196078431372
                ],
                [
                    574.7843137254902,
                    1268.392156862745
                ],
                [
                    590.4705882352941,
                    1323.2941176470588
                ],
                [
                    590.4705882352941,
                    1362.5098039215686
                ],
                [
                    612.0392156862745,
                    1388.0
                ],
                [
                    629.6862745098039,
                    1395.8431372549019
                ],
                [
                    649.2941176470588,
                    1438.9803921568628
                ],
                [
                    674.7843137254902,
                    1458.5882352941176
                ],
                [
                    682.6274509803922,
                    1507.6078431372548
                ],
                [
                    680.6666666666666,
                    1576.235294117647
                ],
                [
                    664.9803921568628,
                    1621.3333333333333
                ],
                [
                    663.0196078431372,
                    1640.9411764705883
                ],
                [
                    670.8627450980392,
                    1672.313725490196
                ],
                [
                    680.6666666666666,
                    1705.6470588235293
                ],
                [
                    719.8823529411765,
                    1819.3725490196077
                ],
                [
                    761,
                    1875
                ],
                [
                    1474.7843137254902,
                    1874.2745098039215
                ],
                [
                    1435.5686274509803,
                    1684.078431372549
                ],
                [
                    1414.0,
                    1605.6470588235293
                ],
                [
                    1382.627450980392,
                    1535.0588235294117
                ],
                [
                    1349.2941176470588,
                    1472.313725490196
                ],
                [
                    1361.0588235294117,
                    1452.7058823529412
                ],
                [
                    1353.2156862745098,
                    1429.1764705882354
                ],
                [
                    1374.7843137254902,
                    1403.686274509804
                ],
                [
                    1412.0392156862745,
                    1395.8431372549019
                ],
                [
                    1414.0,
                    1364.4705882352941
                ],
                [
                    1464.9803921568628,
                    1348.7843137254902
                ],
                [
                    1457.1372549019607,
                    1015.4509803921569
                ],
                [
                    1447.3333333333333,
                    999.7647058823529
                ],
                [
                    1435.5686274509803,
                    884.078431372549
                ],
                [
                    1388.5098039215686,
                    766.4313725490196
                ],
                [
                    1359.0980392156862,
                    744.8627450980392
                ],
                [
                    1329.686274509804,
                    699.7647058823529
                ],
                [
                    1327.7254901960785,
                    546.8235294117648
                ],
                [
                    1294.392156862745,
                    482.11764705882354
                ],
                [
                    1290.4705882352941,
                    409.5686274509804
                ],
                [
                    1245.3725490196077,
                    305.6470588235294
                ],
                [
                    1182.627450980392,
                    258.5882352941176
                ],
                [
                    1119.8823529411764,
                    225.2549019607843
                ],
                [
                    1063.0196078431372,
                    211.52941176470588
                ],
                [
                    1000.2745098039215,
                    229.17647058823528
                ],
                [
                    929.6862745098039,
                    268.3921568627451
                ]
            ],
            "group_id": null,
            "shape_type": "polygon",
            "flags": {}
        }
    ],
    "imagePath": "../../Canon1DsMkIII_PNG/Canon1DsMkIII_0099.PNG",
    "imageData": null,
    "imageHeight": 1876,
    "imageWidth": 2820
}