{
    "version": "4.5.6",
    "flags": {},
    "shapes": [
        {
            "label": "potted plant",
            "points": [
                [
                    1074.7843137254902,
                    1250.7450980392157
                ],
                [
                    1110.078431372549,
                    1280.1568627450981
                ],
                [
                    1115.9607843137255,
                    1352.7058823529412
                ],
                [
                    1231.6470588235293,
                    1356.627450980392
                ],
                [
                    1251.2549019607843,
                    1248.7843137254902
                ],
                [
                    1259.0980392156862,
                    1193.8823529411764
                ],
                [
                    1221.8431372549019,
                    1193.8823529411764
                ],
                [
                    1315.9607843137255,
                    1148.7843137254902
                ],
                [
                    1406.1568627450981,
                    1072.313725490196
                ],
                [
                    1398.313725490196,
                    1050.7450980392157
                ],
                [
                    1321.8431372549019,
                    1078.1960784313726
                ],
                [
                    1406.1568627450981,
                    1025.2549019607843
                ],
                [
                    1508.1176470588234,
                    937.0196078431372
                ],
                [
                    1461.0588235294117,
                    940.9411764705882
                ],
                [
                    1366.9411764705883,
                    1011.5294117647059
                ],
                [
                    1327.7254901960785,
                    1027.2156862745098
                ],
                [
                    1433.6078431372548,
                    915.4509803921568
                ],
                [
                    1351.2549019607843,
                    942.9019607843137
                ],
                [
                    1276.7450980392157,
                    1007.6078431372549
                ],
                [
                    1253.2156862745098,
                    1050.7450980392157
                ],
                [
                    1241.450980392157,
                    944.8627450980392
                ],
                [
                    1182.627450980392,
                    903.6862745098039
                ],
                [
                    1155.1764705882354,
                    889.9607843137255
                ],
                [
                    1131.6470588235293,
                    978.1960784313725
                ],
                [
                    1127.7254901960785,
                    1046.8235294117646
                ],
                [
                    1082.627450980392,
                    1019.3725490196077
                ],
                [
                    1049.2941176470588,
                    986.0392156862745
                ],
                [
                    1008.1176470588234,
                    1003.6862745098039
                ],
                [
                    912.0392156862745,
                    937.0196078431372
                ],
                [
                    870.8627450980392,
                    874.2745098039215
                ],
                [
                    851.2549019607843,
                    880.156862745098
                ],
                [
                    929.6862745098039,
                    976.2352941176471
                ],
                [
                    980.6666666666667,
                    1019.3725490196077
                ],
                [
                    1035.5686274509803,
                    1097.8039215686274
                ],
                [
                    1092.4313725490197,
                    1176.235294117647
                ],
                [
                    1098.313725490196,
                    1209.5686274509803
                ],
                [
                    1059.0980392156862,
                    1229.1764705882354
                ]
            ],
            "group_id": null,
            "shape_type": "polygon",
            "flags": {}
        },
        {
            "label": "potted plant",
            "points": [
                [
                    1796.3529411764705,
                    1376.235294117647
                ],
                [
                    1790.4705882352941,
                    1395.8431372549019
                ],
                [
                    1810.078431372549,
                    1399.764705882353
                ],
                [
                    1827.7254901960785,
                    1540.9411764705883
                ],
                [
                    1857.1372549019607,
                    1574.2745098039215
                ],
                [
                    1986.549019607843,
                    1564.4705882352941
                ],
                [
                    2002.2352941176468,
                    1411.5294117647059
                ],
                [
                    2012.0392156862745,
                    1384.078431372549
                ],
                [
                    1912.0392156862745,
                    1380.1568627450981
                ],
                [
                    1943.4117647058822,
                    1293.8823529411764
                ],
                [
                    2002.2352941176468,
                    1272.313725490196
                ],
                [
                    1914.0,
                    1235.0588235294117
                ],
                [
                    1968.9019607843138,
                    1131.1372549019607
                ],
                [
                    2025.7647058823527,
                    1111.5294117647059
                ],
                [
                    2070.8627450980393,
                    1019.3725490196077
                ],
                [
                    2064.9803921568628,
                    956.6274509803922
                ],
                [
                    2021.843137254902,
                    938.9803921568628
                ],
                [
                    1986.549019607843,
                    878.1960784313725
                ],
                [
                    1914.0,
                    958.5882352941177
                ],
                [
                    1870.862745098039,
                    966.4313725490196
                ],
                [
                    1802.235294117647,
                    933.0980392156863
                ],
                [
                    1729.686274509804,
                    913.4901960784314
                ],
                [
                    1733.6078431372548,
                    999.7647058823529
                ],
                [
                    1796.3529411764705,
                    1095.8431372549019
                ],
                [
                    1823.8039215686274,
                    1137.0196078431372
                ],
                [
                    1772.8235294117646,
                    1201.7254901960785
                ],
                [
                    1823.8039215686274,
                    1246.8235294117646
                ],
                [
                    1843.4117647058822,
                    1288.0
                ],
                [
                    1859.0980392156862,
                    1358.5882352941176
                ],
                [
                    1823.8039215686274,
                    1366.4313725490197
                ]
            ],
            "group_id": null,
            "shape_type": "polygon",
            "flags": {}
        },
        {
            "label": "potted plant",
            "points": [
                [
                    1190.4705882352941,
                    1507.6078431372548
                ],
                [
                    1206.1568627450981,
                    1556.627450980392
                ],
                [
                    1263.0196078431372,
                    1558.5882352941176
                ],
                [
                    1288.5098039215686,
                    1511.5294117647059
                ],
                [
                    1272.8235294117646,
                    1488.0
                ],
                [
                    1308.1176470588234,
                    1468.392156862745
                ],
                [
                    1296.3529411764705,
                    1407.6078431372548
                ],
                [
                    1212.0392156862745,
                    1427.2156862745098
                ],
                [
                    1184.5882352941176,
                    1464.4705882352941
                ],
                [
                    1225.764705882353,
                    1495.8431372549019
                ]
            ],
            "group_id": null,
            "shape_type": "polygon",
            "flags": {}
        },
        {
            "label": "potted plant",
            "points": [
                [
                    910.078431372549,
                    1515.450980392157
                ],
                [
                    914.0,
                    1540.9411764705883
                ],
                [
                    996.3529411764705,
                    1548.7843137254902
                ],
                [
                    1021.8431372549019,
                    1552.7058823529412
                ],
                [
                    1017.921568627451,
                    1629.1764705882354
                ],
                [
                    1082.627450980392,
                    1633.0980392156862
                ],
                [
                    1088.5098039215686,
                    1623.2941176470588
                ],
                [
                    1112.0392156862745,
                    1511.5294117647059
                ],
                [
                    1086.549019607843,
                    1495.8431372549019
                ],
                [
                    1096.3529411764705,
                    1421.3333333333333
                ],
                [
                    1017.921568627451,
                    1460.549019607843
                ],
                [
                    982.627450980392,
                    1438.9803921568628
                ],
                [
                    927.7254901960785,
                    1431.1372549019607
                ],
                [
                    927.7254901960785,
                    1486.0392156862745
                ]
            ],
            "group_id": null,
            "shape_type": "polygon",
            "flags": {}
        }
    ],
    "imagePath": "../../Canon1DsMkIII_PNG/Canon1DsMkIII_0158.PNG",
    "imageData": null,
    "imageHeight": 1876,
    "imageWidth": 2820
}