{
  "version": "4.5.6",
  "flags": {},
  "shapes": [
    {
      "label": "car",
      "points": [
        [
          1581.103448275862,
          1284.7586206896553
        ],
        [
          1636.2758620689656,
          1272.689655172414
        ],
        [
          1598.344827586207,
          1222.689655172414
        ],
        [
          1565.5862068965519,
          1226.1379310344828
        ]
      ],
      "group_id": null,
      "shape_type": "polygon",
      "flags": {}
    },
    {
      "label": "car",
      "points": [
        [
          1731.103448275862,
          1786.4827586206898
        ],
        [
          1732.8275862068967,
          1915.793103448276
        ],
        [
          1760,
          2009
        ],
        [
          2022.4827586206898,
          2008.8965517241381
        ],
        [
          1994.8965517241381,
          1924.4137931034484
        ],
        [
          1989.7241379310346,
          1883.034482758621
        ],
        [
          1962.1379310344828,
          1839.9310344827588
        ],
        [
          1905.2413793103449,
          1783.034482758621
        ]
      ],
      "group_id": null,
      "shape_type": "polygon",
      "flags": {}
    }
  ],
  "imagePath": "../../NikonD5200_PNG/NikonD5200_0071.PNG",
  "imageData": null,
  "imageHeight": 2010,
  "imageWidth": 3018
}