{
  "version": "4.5.6",
  "flags": {},
  "shapes": [
    {
      "label": "bench",
      "points": [
        [
          2170.7586206896553,
          927.8620689655173
        ],
        [
          2186.2758620689656,
          924.4137931034484
        ],
        [
          2186.2758620689656,
          907.1724137931035
        ],
        [
          2224.206896551724,
          903.7241379310345
        ],
        [
          2225.9310344827586,
          881.3103448275863
        ],
        [
          2156.9655172413795,
          877.8620689655173
        ],
        [
          2151.793103448276,
          910.6206896551724
        ]
      ],
      "group_id": null,
      "shape_type": "polygon",
      "flags": {}
    }
  ],
  "imagePath": "../../NikonD5200_PNG/NikonD5200_0030.PNG",
  "imageData": null,
  "imageHeight": 2010,
  "imageWidth": 3018
}