{
  "version": "4.5.6",
  "flags": {},
  "shapes": [
    {
      "label": "bed",
      "points": [
        [
          246.5,
          269.5
        ],
        [
          234.0,
          292.0
        ],
        [
          181.5,
          304.5
        ],
        [
          161.5,
          484.5
        ],
        [
          239.0,
          584.5
        ],
        [
          269.0,
          599.5
        ],
        [
          239.0,
          687.0
        ],
        [
          0,
          973
        ],
        [
          0,
          3017
        ],
        [
          2009,
          3017
        ],
        [
          2009,
          999
        ],
        [
          1754.0,
          697.0
        ],
        [
          1399.0,
          292.0
        ],
        [
          1396.5,
          197.0
        ],
        [
          1281.5,
          107.0
        ],
        [
          414.0,
          107.0
        ],
        [
          349.0,
          134.5
        ],
        [
          381.5,
          262.0
        ]
      ],
      "group_id": null,
      "shape_type": "polygon",
      "flags": {}
    }
  ],
  "imagePath": "../../NikonD5200_PNG/NikonD5200_0048.PNG",
  "imageData": null,
  "imageHeight": 3018,
  "imageWidth": 2010
}