{
  "version": "4.5.6",
  "flags": {},
  "shapes": [
    {
      "label": "chair",
      "points": [
        [
          560.4137931034484,
          1165.793103448276
        ],
        [
          613.8620689655173,
          1464.0689655172414
        ],
        [
          674.2068965517242,
          1438.2068965517242
        ],
        [
          658.6896551724138,
          1350.2758620689656
        ],
        [
          681.1034482758621,
          1329.5862068965519
        ],
        [
          675.9310344827587,
          1300.2758620689656
        ],
        [
          915.5862068965517,
          1265.793103448276
        ],
        [
          931.1034482758621,
          1357.1724137931035
        ],
        [
          967.3103448275863,
          1398.5517241379312
        ],
        [
          1029.3793103448277,
          1395.103448275862
        ],
        [
          1001.7931034482759,
          1167.5172413793105
        ]
      ],
      "group_id": null,
      "shape_type": "polygon",
      "flags": {}
    }
  ],
  "imagePath": "../../NikonD5200_PNG/NikonD5200_0051.PNG",
  "imageData": null,
  "imageHeight": 2010,
  "imageWidth": 3018
}