{
  "version": "4.5.6",
  "flags": {},
  "shapes": [
    {
      "label": "person",
      "points": [
        [
          1848.1283422459892,
          1221.3903743315507
        ],
        [
          1837.9679144385025,
          1202.139037433155
        ],
        [
          1843.3155080213903,
          1182.3529411764705
        ],
        [
          1868.4491978609624,
          1182.3529411764705
        ],
        [
          1881.283422459893,
          1193.5828877005347
        ],
        [
          1878.0748663101604,
          1220.3208556149732
        ]
      ],
      "group_id": null,
      "shape_type": "polygon",
      "flags": {}
    },
    {
      "label": "person",
      "points": [
        [
          1950.2673796791444,
          1257.7540106951872
        ],
        [
          1950.2673796791444,
          1248.663101604278
        ],
        [
          1963.1016042780748,
          1228.3422459893047
        ],
        [
          1985.0267379679144,
          1235.2941176470588
        ],
        [
          1989.3048128342245,
          1249.1978609625667
        ],
        [
          1991.9786096256682,
          1261.4973262032086
        ]
      ],
      "group_id": null,
      "shape_type": "polygon",
      "flags": {}
    }
  ],
  "imagePath": "../../NikonD5200_PNG/NikonD5200_0117.PNG",
  "imageData": null,
  "imageHeight": 2010,
  "imageWidth": 3018
}