{
  "version": "4.5.6",
  "flags": {},
  "shapes": [
    {
      "label": "tennis racket",
      "points": [
        [
          101.5,
          1202.0
        ],
        [
          111.5,
          1262.0
        ],
        [
          206.5,
          1267.0
        ],
        [
          259.0,
          1164.5
        ],
        [
          336.5,
          1054.5
        ],
        [
          354.0,
          707.0
        ],
        [
          309.0,
          709.5
        ],
        [
          256.5,
          792.0
        ],
        [
          201.5,
          1037.0
        ],
        [
          199.0,
          1109.5
        ]
      ],
      "group_id": null,
      "shape_type": "polygon",
      "flags": {}
    },
    {
      "label": "tennis racket",
      "points": [
        [
          529.0,
          1359.5
        ],
        [
          596.5,
          1372.0
        ],
        [
          594.0,
          1284.5
        ],
        [
          551.5,
          1064.5
        ],
        [
          491.5,
          652.0
        ],
        [
          414.0,
          649.5
        ],
        [
          476.5,
          1127.0
        ],
        [
          524.0,
          1384.5
        ]
      ],
      "group_id": null,
      "shape_type": "polygon",
      "flags": {}
    },
    {
      "label": "tennis racket",
      "points": [
        [
          419.0,
          1487.0
        ],
        [
          466.5,
          1454.5
        ],
        [
          419.0,
          1154.5
        ],
        [
          421.5,
          789.5
        ],
        [
          409.0,
          682.0
        ],
        [
          351.5,
          682.0
        ],
        [
          339.0,
          1154.5
        ],
        [
          344.0,
          1412.0
        ]
      ],
      "group_id": null,
      "shape_type": "polygon",
      "flags": {}
    },
    {
      "label": "chair",
      "points": [
        [
          1169.0,
          697.0
        ],
        [
          1161.5,
          874.5
        ],
        [
          1216.5,
          847.0
        ],
        [
          1396.5,
          842.0
        ],
        [
          1401.5,
          702.0
        ]
      ],
      "group_id": null,
      "shape_type": "polygon",
      "flags": {}
    },
    {
      "label": "handbag",
      "points": [
        [
          1009.0,
          889.5
        ],
        [
          1031.5,
          972.0
        ],
        [
          994.0,
          1042.0
        ],
        [
          1014.0,
          1164.5
        ],
        [
          951.5,
          1204.5
        ],
        [
          991.5,
          1339.5
        ],
        [
          974.0,
          1497.0
        ],
        [
          1011.5,
          1547.0
        ],
        [
          1051.5,
          1454.5
        ],
        [
          1029.0,
          1202.0
        ],
        [
          1511.5,
          1237.0
        ],
        [
          1736.5,
          1219.5
        ],
        [
          1696.5,
          932.0
        ],
        [
          1551.5,
          837.0
        ],
        [
          1214.0,
          839.5
        ],
        [
          1164.0,
          884.5
        ]
      ],
      "group_id": null,
      "shape_type": "polygon",
      "flags": {}
    }
  ],
  "imagePath": "../../NikonD5200_PNG/NikonD5200_0046.PNG",
  "imageData": null,
  "imageHeight": 3018,
  "imageWidth": 2010
}