{
  "version": "4.5.6",
  "flags": {},
  "shapes": [
    {
      "label": "bus",
      "points": [
        [
          227.6551724137931,
          453.72413793103453
        ],
        [
          217.31034482758622,
          957.1724137931035
        ],
        [
          638.0,
          983.0344827586207
        ],
        [
          884.551724137931,
          984.7586206896553
        ],
        [
          906.9655172413794,
          912.344827586207
        ],
        [
          915.5862068965517,
          867.5172413793105
        ],
        [
          972.4827586206898,
          874.4137931034484
        ],
        [
          972.4827586206898,
          931.3103448275863
        ],
        [
          1058.689655172414,
          939.9310344827587
        ],
        [
          1156.9655172413793,
          852.0000000000001
        ],
        [
          1312.1379310344828,
          850.2758620689656
        ],
        [
          1255.2413793103449,
          546.8275862068966
        ],
        [
          358.68965517241384,
          464.0689655172414
        ]
      ],
      "group_id": null,
      "shape_type": "polygon",
      "flags": {}
    },
    {
      "label": "car",
      "points": [
        [
          12.137931034482762,
          820.9655172413794
        ],
        [
          177.6551724137931,
          817.5172413793103
        ],
        [
          225.93103448275863,
          831.3103448275863
        ],
        [
          222.48275862068968,
          958.896551724138
        ],
        [
          160.41379310344828,
          967.5172413793105
        ],
        [
          63.86206896551725,
          927.8620689655173
        ],
        [
          15.586206896551726,
          902.0000000000001
        ]
      ],
      "group_id": null,
      "shape_type": "polygon",
      "flags": {}
    },
    {
      "label": "car",
      "points": [
        [
          117.31034482758622,
          960.6206896551724
        ],
        [
          160.41379310344828,
          976.1379310344828
        ],
        [
          160.41379310344828,
          1046.8275862068967
        ],
        [
          70.75862068965517,
          1005.4482758620691
        ],
        [
          5.241379310344829,
          996.8275862068965
        ],
        [
          1.793103448275863,
          898.551724137931
        ],
        [
          81.10344827586208,
          936.4827586206898
        ]
      ],
      "group_id": null,
      "shape_type": "polygon",
      "flags": {}
    },
    {
      "label": "person",
      "points": [
        [
          927.6551724137931,
          889.9310344827587
        ],
        [
          903.5172413793105,
          941.6551724137931
        ],
        [
          888.0000000000001,
          1005.4482758620691
        ],
        [
          906.9655172413794,
          1022.689655172414
        ],
        [
          975.9310344827587,
          960.6206896551724
        ],
        [
          967.3103448275863,
          920.9655172413794
        ],
        [
          965.5862068965517,
          886.4827586206898
        ],
        [
          941.4482758620691,
          876.1379310344828
        ]
      ],
      "group_id": null,
      "shape_type": "polygon",
      "flags": {}
    },
    {
      "label": "car",
      "points": [
        [
          1201.793103448276,
          915.7931034482759
        ],
        [
          1217.3103448275863,
          865.7931034482759
        ],
        [
          1301.793103448276,
          838.2068965517242
        ],
        [
          1420.7586206896553,
          857.1724137931035
        ],
        [
          1444.8965517241381,
          905.4482758620691
        ],
        [
          1375.9310344827586,
          931.3103448275863
        ],
        [
          1232.8275862068967,
          926.1379310344828
        ]
      ],
      "group_id": null,
      "shape_type": "polygon",
      "flags": {}
    },
    {
      "label": "bus",
      "points": [
        [
          1870.7586206896553,
          631.3103448275863
        ],
        [
          2039.7241379310344,
          653.7241379310345
        ],
        [
          2008.689655172414,
          693.3793103448277
        ],
        [
          1943.1724137931035,
          767.5172413793103
        ]
      ],
      "group_id": null,
      "shape_type": "polygon",
      "flags": {}
    },
    {
      "label": "person",
      "points": [
        [
          1979.3793103448277,
          972.6896551724138
        ],
        [
          2039.7241379310344,
          969.2413793103449
        ],
        [
          2044.8965517241381,
          891.6551724137931
        ],
        [
          2022.4827586206898,
          852.0000000000001
        ],
        [
          1977.6551724137933,
          912.344827586207
        ]
      ],
      "group_id": null,
      "shape_type": "polygon",
      "flags": {}
    },
    {
      "label": "person",
      "points": [
        [
          2046.6206896551726,
          965.7931034482759
        ],
        [
          2103.5172413793107,
          977.8620689655172
        ],
        [
          2113.862068965517,
          888.2068965517242
        ],
        [
          2084.551724137931,
          845.1034482758621
        ],
        [
          2053.5172413793107,
          852.0000000000001
        ],
        [
          2056.9655172413795,
          896.8275862068966
        ],
        [
          2046.6206896551726,
          896.8275862068966
        ]
      ],
      "group_id": null,
      "shape_type": "polygon",
      "flags": {}
    }
  ],
  "imagePath": "../../NikonD5200_PNG/NikonD5200_0168.PNG",
  "imageData": null,
  "imageHeight": 2010,
  "imageWidth": 3018
}