{
  "version": "4.5.6",
  "flags": {},
  "shapes": [
    {
      "label": "person",
      "points": [
        [
          340.1081081081081,
          1586.4864864864865
        ],
        [
          348.21621621621625,
          1581.081081081081
        ],
        [
          345.51351351351354,
          1563.5135135135135
        ],
        [
          357.67567567567573,
          1552.7027027027027
        ],
        [
          360.37837837837833,
          1602.7027027027027
        ],
        [
          336.05405405405406,
          1602.7027027027027
        ]
      ],
      "group_id": null,
      "shape_type": "polygon",
      "flags": {}
    }
  ],
  "imagePath": "../../NikonD5200_PNG/NikonD5200_0029.PNG",
  "imageData": null,
  "imageHeight": 3018,
  "imageWidth": 2010
}