{
  "version": "4.5.6",
  "flags": {},
  "shapes": [
    {
      "label": "couch",
      "points": [
        [
          201.79310344827587,
          296.82758620689657
        ],
        [
          272.48275862068965,
          662.344827586207
        ],
        [
          322.48275862068965,
          824.4137931034484
        ],
        [
          541.448275862069,
          1595.103448275862
        ],
        [
          844.896551724138,
          1879.5862068965519
        ],
        [
          1040,
          2009
        ],
        [
          3017,
          2009
        ],
        [
          3017,
          226
        ],
        [
          1575.9310344827588,
          81.31034482758622
        ],
        [
          1088.0,
          89.93103448275863
        ],
        [
          581.1034482758621,
          98.55172413793105
        ],
        [
          262.1379310344828,
          160.62068965517244
        ],
        [
          194.89655172413794,
          234.75862068965517
        ]
      ],
      "group_id": null,
      "shape_type": "polygon",
      "flags": {}
    },
    {
      "label": "couch",
      "points": [
        [
          12.137931034482762,
          657.1724137931035
        ],
        [
          251.79310344827587,
          698.551724137931
        ],
        [
          360.4137931034483,
          810.6206896551724
        ],
        [
          544.896551724138,
          1608.8965517241381
        ],
        [
          455.2413793103449,
          1912.344827586207
        ],
        [
          251.79310344827587,
          1905.448275862069
        ],
        [
          108.68965517241381,
          1831.3103448275863
        ],
        [
          3.517241379310345,
          1079.5862068965519
        ]
      ],
      "group_id": null,
      "shape_type": "polygon",
      "flags": {}
    },
    {
      "label": "couch",
      "points": [
        [
          5.241379310344829,
          86.48275862068965
        ],
        [
          70.75862068965517,
          70.96551724137932
        ],
        [
          219.0344827586207,
          169.24137931034485
        ],
        [
          210.41379310344828,
          207.17241379310346
        ],
        [
          203.51724137931035,
          300.2758620689655
        ],
        [
          251.79310344827587,
          643.3793103448277
        ],
        [
          198.34482758620692,
          684.7586206896552
        ],
        [
          12.137931034482762,
          650.2758620689656
        ],
        [
          0,
          157
        ]
      ],
      "group_id": null,
      "shape_type": "polygon",
      "flags": {}
    },
    {
      "label": "couch",
      "points": [
        [
          488.00000000000006,
          3.724137931034484
        ],
        [
          486.2758620689656,
          117.51724137931035
        ],
        [
          670.7586206896552,
          103.7241379310345
        ],
        [
          917.3103448275863,
          83.0344827586207
        ],
        [
          905.2413793103449,
          10.62068965517242
        ],
        [
          539,
          0
        ]
      ],
      "group_id": null,
      "shape_type": "polygon",
      "flags": {}
    },
    {
      "label": "couch",
      "points": [
        [
          910.4137931034484,
          5.448275862068968
        ],
        [
          919.0344827586207,
          86.48275862068965
        ],
        [
          1581.103448275862,
          72.68965517241381
        ],
        [
          3017,
          226
        ],
        [
          3017,
          20
        ],
        [
          1984.5517241379312,
          20.965517241379317
        ],
        [
          1586.2758620689656,
          38.20689655172414
        ],
        [
          1586.2758620689656,
          3.724137931034484
        ],
        [
          970.7586206896552,
          0.2758620689655231
        ]
      ],
      "group_id": null,
      "shape_type": "polygon",
      "flags": {}
    }
  ],
  "imagePath": "../../NikonD5200_PNG/NikonD5200_0124.PNG",
  "imageData": null,
  "imageHeight": 2010,
  "imageWidth": 3018
}