{
    "version": "4.5.6",
    "flags": {},
    "shapes": [
        {
            "label": "bus",
            "points": [
                [
                    1546.7625899280574,
                    1815.1079136690646
                ],
                [
                    1561.1510791366904,
                    1813.6690647482012
                ],
                [
                    1558.9928057553955,
                    1784.8920863309352
                ],
                [
                    1493.525179856115,
                    1784.1726618705034
                ],
                [
                    1492.0863309352517,
                    1790.6474820143883
                ],
                [
                    1497.8417266187048,
                    1815.1079136690646
                ]
            ],
            "group_id": null,
            "shape_type": "polygon",
            "flags": {}
        },
        {
            "label": "truck",
            "points": [
                [
                    1809.3525179856113,
                    1809.3525179856113
                ],
                [
                    1884.8920863309352,
                    1809.3525179856113
                ],
                [
                    1878.4172661870502,
                    1793.5251798561148
                ],
                [
                    1862.5899280575538,
                    1791.3669064748199
                ],
                [
                    1861.870503597122,
                    1792.0863309352517
                ],
                [
                    1813.6690647482012,
                    1792.0863309352517
                ]
            ],
            "group_id": null,
            "shape_type": "polygon",
            "flags": {}
        },
        {
            "label": "bus",
            "points": [
                [
                    1884.1726618705034,
                    1774.8201438848919
                ],
                [
                    1881.2949640287768,
                    1792.8057553956833
                ],
                [
                    1882.0143884892084,
                    1807.913669064748
                ],
                [
                    2046.7625899280574,
                    1807.1942446043163
                ],
                [
                    2046.0431654676256,
                    1773.3812949640287
                ],
                [
                    2035.251798561151,
                    1767.6258992805754
                ],
                [
                    2014.388489208633,
                    1767.6258992805754
                ],
                [
                    2003.5971223021581,
                    1765.4676258992804
                ],
                [
                    1943.8848920863309,
                    1766.187050359712
                ],
                [
                    1928.0575539568345,
                    1769.7841726618703
                ]
            ],
            "group_id": null,
            "shape_type": "polygon",
            "flags": {}
        },
        {
            "label": "car",
            "points": [
                [
                    2026.618705035971,
                    1800.7194244604316
                ],
                [
                    2012.230215827338,
                    1802.1582733812947
                ],
                [
                    2008.6330935251797,
                    1806.4748201438847
                ],
                [
                    2074.1007194244603,
                    1807.1942446043163
                ],
                [
                    2068.345323741007,
                    1797.8417266187048
                ],
                [
                    2051.798561151079,
                    1795.6834532374098
                ],
                [
                    2035.9712230215825,
                    1792.0863309352517
                ]
            ],
            "group_id": null,
            "shape_type": "polygon",
            "flags": {}
        },
        {
            "label": "bus",
            "points": [
                [
                    2046.7625899280574,
                    1784.8920863309352
                ],
                [
                    2134.532374100719,
                    1778.4172661870502
                ],
                [
                    2135.9712230215823,
                    1805.0359712230215
                ],
                [
                    2074.1007194244603,
                    1807.1942446043163
                ],
                [
                    2067.625899280575,
                    1795.6834532374098
                ],
                [
                    2045.323741007194,
                    1794.2446043165467
                ]
            ],
            "group_id": null,
            "shape_type": "polygon",
            "flags": {}
        },
        {
            "label": "bus",
            "points": [
                [
                    2179.136690647482,
                    1776.2589928057553
                ],
                [
                    2175.5395683453235,
                    1777.6978417266184
                ],
                [
                    2171.2230215827335,
                    1779.1366906474818
                ],
                [
                    2172.661870503597,
                    1790.6474820143883
                ],
                [
                    2189.9280575539565,
                    1790.6474820143883
                ],
                [
                    2199.280575539568,
                    1799.2805755395682
                ],
                [
                    2200.0,
                    1801.4388489208632
                ],
                [
                    2226.618705035971,
                    1800.7194244604316
                ],
                [
                    2223.021582733813,
                    1773.3812949640287
                ]
            ],
            "group_id": null,
            "shape_type": "polygon",
            "flags": {}
        },
        {
            "label": "car",
            "points": [
                [
                    2174.820143884892,
                    1807.1942446043163
                ],
                [
                    2201.438848920863,
                    1804.3165467625897
                ],
                [
                    2192.0863309352517,
                    1790.6474820143883
                ],
                [
                    2171.942446043165,
                    1789.9280575539567
                ]
            ],
            "group_id": null,
            "shape_type": "polygon",
            "flags": {}
        },
        {
            "label": "person",
            "points": [
                [
                    2286.0068259385666,
                    1800.3412969283274
                ],
                [
                    2291.8088737201365,
                    1800.3412969283274
                ],
                [
                    2290.7849829351535,
                    1789.4197952218428
                ],
                [
                    2288.39590443686,
                    1778.1569965870306
                ],
                [
                    2285.665529010239,
                    1778.839590443686
                ],
                [
                    2284.9829351535836,
                    1789.7610921501705
                ]
            ],
            "group_id": null,
            "shape_type": "polygon",
            "flags": {}
        },
        {
            "label": "car",
            "points": [
                [
                    2481.7582417582416,
                    1776.923076923077
                ],
                [
                    2487.912087912088,
                    1789.010989010989
                ],
                [
                    2546.813186813187,
                    1787.2527472527472
                ],
                [
                    2546.3736263736264,
                    1771.2087912087914
                ],
                [
                    2539.5604395604396,
                    1763.7362637362637
                ],
                [
                    2482.637362637363,
                    1768.7912087912089
                ]
            ],
            "group_id": null,
            "shape_type": "polygon",
            "flags": {}
        },
        {
            "label": "traffic light",
            "points": [
                [
                    2561.098901098901,
                    1743.5164835164835
                ],
                [
                    2561.7582417582416,
                    1756.2637362637363
                ],
                [
                    2569.2307692307695,
                    1756.923076923077
                ],
                [
                    2572.5274725274726,
                    1751.868131868132
                ],
                [
                    2571.6483516483518,
                    1749.6703296703297
                ],
                [
                    2571.868131868132,
                    1745.0549450549452
                ],
                [
                    2568.791208791209,
                    1740.0
                ]
            ],
            "group_id": null,
            "shape_type": "polygon",
            "flags": {}
        },
        {
            "label": "car",
            "points": [
                [
                    2573.186813186813,
                    1787.912087912088
                ],
                [
                    2608.791208791209,
                    1786.5934065934066
                ],
                [
                    2607.6923076923076,
                    1777.5824175824177
                ],
                [
                    2578.4615384615386,
                    1778.4615384615386
                ],
                [
                    2572.3076923076924,
                    1785.7142857142858
                ]
            ],
            "group_id": null,
            "shape_type": "polygon",
            "flags": {}
        },
        {
            "label": "bus",
            "points": [
                [
                    2698.901098901099,
                    1748.7912087912089
                ],
                [
                    2700.6593406593406,
                    1772.0879120879122
                ],
                [
                    2713.4065934065934,
                    1770.9890109890111
                ],
                [
                    2724.1758241758243,
                    1763.956043956044
                ],
                [
                    2736.0439560439563,
                    1753.6263736263736
                ],
                [
                    2759.120879120879,
                    1754.2857142857144
                ],
                [
                    2773.846153846154,
                    1759.7802197802198
                ],
                [
                    2783.0769230769233,
                    1762.6373626373627
                ],
                [
                    2783.956043956044,
                    1767.912087912088
                ],
                [
                    2863.736263736264,
                    1764.1758241758243
                ],
                [
                    2863.956043956044,
                    1747.2527472527472
                ],
                [
                    2858.4615384615386,
                    1740.0
                ],
                [
                    2705.714285714286,
                    1743.5164835164835
                ]
            ],
            "group_id": null,
            "shape_type": "polygon",
            "flags": {}
        },
        {
            "label": "car",
            "points": [
                [
                    2714.5054945054944,
                    1770.5494505494505
                ],
                [
                    2783.736263736264,
                    1768.7912087912089
                ],
                [
                    2783.956043956044,
                    1762.6373626373627
                ],
                [
                    2760.0,
                    1754.945054945055
                ],
                [
                    2736.0439560439563,
                    1754.2857142857144
                ],
                [
                    2724.6153846153848,
                    1763.076923076923
                ],
                [
                    2717.1428571428573,
                    1768.7912087912089
                ]
            ],
            "group_id": null,
            "shape_type": "polygon",
            "flags": {}
        }
    ],
    "imagePath": "../../NikonD5200_PNG/NikonD5200_0002.PNG",
    "imageData": null,
    "imageHeight": 2010,
    "imageWidth": 3018
}