{
  "version": "4.5.6",
  "flags": {},
  "shapes": [
    {
      "label": "dining table",
      "points": [
        [
          674.2068965517242,
          558.896551724138
        ],
        [
          672.4827586206897,
          646.8275862068966
        ],
        [
          693.1724137931035,
          745.1034482758621
        ],
        [
          932.8275862068966,
          907.1724137931035
        ],
        [
          1446.6206896551726,
          1000.2758620689656
        ],
        [
          1448.344827586207,
          1558.8965517241381
        ],
        [
          1494.8965517241381,
          1589.9310344827588
        ],
        [
          1574.2068965517242,
          1586.4827586206898
        ],
        [
          1612.1379310344828,
          1555.448275862069
        ],
        [
          1617.3103448275863,
          1014.0689655172414
        ],
        [
          2188.0,
          920.9655172413794
        ],
        [
          2360.4137931034484,
          822.6896551724138
        ],
        [
          2434.551724137931,
          679.5862068965517
        ],
        [
          2417.3103448275865,
          564.0689655172414
        ],
        [
          2320.7586206896553,
          458.89655172413796
        ],
        [
          1981.1034482758623,
          353.72413793103453
        ],
        [
          1791.448275862069,
          314.0689655172414
        ],
        [
          1303.5172413793105,
          312.3448275862069
        ],
        [
          965.5862068965517,
          370.96551724137936
        ],
        [
          793.1724137931035,
          433.0344827586207
        ],
        [
          705.2413793103449,
          507.1724137931035
        ]
      ],
      "group_id": null,
      "shape_type": "polygon",
      "flags": {}
    },
    {
      "label": "bench",
      "points": [
        [
          467.3103448275862,
          755.4482758620691
        ],
        [
          367.3103448275862,
          298.55172413793105
        ],
        [
          389.72413793103453,
          279.58620689655174
        ],
        [
          915.5862068965517,
          191.6551724137931
        ],
        [
          960.4137931034484,
          365.7931034482759
        ],
        [
          800.0689655172414,
          434.75862068965523
        ],
        [
          706.9655172413794,
          507.1724137931035
        ],
        [
          672.4827586206897,
          560.6206896551724
        ],
        [
          667.3103448275863,
          676.1379310344828
        ],
        [
          706.9655172413794,
          765.7931034482759
        ],
        [
          808.6896551724138,
          843.3793103448277
        ],
        [
          732.8275862068966,
          858.896551724138
        ]
      ],
      "group_id": null,
      "shape_type": "polygon",
      "flags": {}
    },
    {
      "label": "bench",
      "points": [
        [
          6.965517241379313,
          1357.1724137931035
        ],
        [
          25.931034482758626,
          1377.8620689655174
        ],
        [
          522.4827586206897,
          1148.5517241379312
        ],
        [
          1034.5517241379312,
          1467.5172413793105
        ],
        [
          1039.7241379310346,
          1519.2413793103449
        ],
        [
          324.2068965517242,
          1955.448275862069
        ],
        [
          0.06896551724138078,
          1667.5172413793105
        ]
      ],
      "group_id": null,
      "shape_type": "polygon",
      "flags": {}
    },
    {
      "label": "bench",
      "points": [
        [
          1996.6206896551726,
          1464.0689655172414
        ],
        [
          1994.8965517241381,
          1522.689655172414
        ],
        [
          2674.206896551724,
          1964.0689655172416
        ],
        [
          2786.2758620689656,
          1965.793103448276
        ],
        [
          2903.5172413793107,
          1843.3793103448277
        ],
        [
          2988.0,
          1657.1724137931035
        ],
        [
          3017,
          1651
        ],
        [
          3017,
          1324
        ],
        [
          2993.1724137931037,
          1360.6206896551726
        ],
        [
          2553.5172413793107,
          1136.4827586206898
        ]
      ],
      "group_id": null,
      "shape_type": "polygon",
      "flags": {}
    },
    {
      "label": "bench",
      "points": [
        [
          2286.2758620689656,
          870.9655172413794
        ],
        [
          2325.9310344827586,
          879.5862068965517
        ],
        [
          2627.6551724137935,
          753.7241379310345
        ],
        [
          2753.5172413793107,
          307.1724137931035
        ],
        [
          2198.344827586207,
          193.37931034482762
        ],
        [
          2151.793103448276,
          395.1034482758621
        ],
        [
          2317.3103448275865,
          465.79310344827593
        ],
        [
          2429.379310344828,
          572.6896551724138
        ],
        [
          2438.0,
          670.9655172413794
        ],
        [
          2370.7586206896553,
          824.4137931034484
        ]
      ],
      "group_id": null,
      "shape_type": "polygon",
      "flags": {}
    }
  ],
  "imagePath": "../../NikonD5200_PNG/NikonD5200_0072.PNG",
  "imageData": null,
  "imageHeight": 2010,
  "imageWidth": 3018
}