{
  "version": "4.5.6",
  "flags": {},
  "shapes": [
    {
      "label": "chair",
      "points": [
        [
          881.5,
          2717.0
        ],
        [
          894.0,
          2904.5
        ],
        [
          944.0,
          2912.0
        ],
        [
          946.5,
          2824.5
        ],
        [
          1114.0,
          2824.5
        ],
        [
          1121.5,
          2909.5
        ],
        [
          1164.0,
          2912.0
        ],
        [
          1186.5,
          2724.5
        ]
      ],
      "group_id": null,
      "shape_type": "polygon",
      "flags": {}
    },
    {
      "label": "teddy bear",
      "points": [
        [
          579.0,
          1139.5
        ],
        [
          724.0,
          1149.5
        ],
        [
          769.0,
          1034.5
        ],
        [
          746.5,
          997.0
        ],
        [
          709.0,
          1004.5
        ],
        [
          649.0,
          929.5
        ],
        [
          551.5,
          982.0
        ],
        [
          549.0,
          1114.5
        ]
      ],
      "group_id": null,
      "shape_type": "polygon",
      "flags": {}
    },
    {
      "label": "book",
      "points": [
        [
          1241.5,
          802.0
        ],
        [
          1416.5,
          799.5
        ],
        [
          1414.0,
          737.0
        ],
        [
          1371.5,
          722.0
        ],
        [
          1219.0,
          729.5
        ],
        [
          1164.0,
          754.5
        ]
      ],
      "group_id": null,
      "shape_type": "polygon",
      "flags": {}
    },
    {
      "label": "umbrella",
      "points": [
        [
          59.0,
          949.5
        ],
        [
          71.5,
          832.0
        ],
        [
          106.5,
          762.0
        ],
        [
          151.5,
          777.0
        ],
        [
          134.0,
          1092.0
        ],
        [
          174.0,
          1127.0
        ],
        [
          179.0,
          1674.5
        ],
        [
          151.5,
          1707.0
        ],
        [
          119.0,
          1999.5
        ],
        [
          46.5,
          1974.5
        ],
        [
          1.5,
          1992.0
        ],
        [
          41.5,
          1192.0
        ],
        [
          76.5,
          1079.5
        ],
        [
          104.0,
          1054.5
        ],
        [
          99.0,
          964.5
        ]
      ],
      "group_id": null,
      "shape_type": "polygon",
      "flags": {}
    },
    {
      "label": "book",
      "points": [
        [
          1814.0,
          1114.5
        ],
        [
          1806.5,
          1227.0
        ],
        [
          2009.0,
          1209.5
        ],
        [
          2009.0,
          1117.0
        ],
        [
          1949.0,
          1079.5
        ]
      ],
      "group_id": null,
      "shape_type": "polygon",
      "flags": {}
    },
    {
      "label": "book",
      "points": [
        [
          1849.0,
          1097.0
        ],
        [
          1861.5,
          1024.5
        ],
        [
          2001.5,
          1004.5
        ],
        [
          2009,
          1025
        ],
        [
          2009.0,
          1119.5
        ],
        [
          1946.5,
          1074.5
        ]
      ],
      "group_id": null,
      "shape_type": "polygon",
      "flags": {}
    }
  ],
  "imagePath": "../../NikonD5200_PNG/NikonD5200_0052.PNG",
  "imageData": null,
  "imageHeight": 3018,
  "imageWidth": 2010
}