{
  "version": "4.5.6",
  "flags": {},
  "shapes": [
    {
      "label": "book",
      "points": [
        [
          1420.7586206896553,
          1369.2413793103449
        ],
        [
          1422.4827586206898,
          1403.7241379310346
        ],
        [
          1472.4827586206898,
          1462.344827586207
        ],
        [
          1672.4827586206898,
          1450.2758620689656
        ],
        [
          1605.2413793103449,
          1370.9655172413793
        ]
      ],
      "group_id": null,
      "shape_type": "polygon",
      "flags": {}
    },
    {
      "label": "book",
      "points": [
        [
          1615.5862068965519,
          1358.8965517241381
        ],
        [
          1613.8620689655174,
          1367.5172413793105
        ],
        [
          1706.9655172413795,
          1491.6551724137933
        ],
        [
          1788.0000000000002,
          1481.3103448275863
        ],
        [
          1862.1379310344828,
          1464.0689655172414
        ],
        [
          1984.5517241379312,
          1474.4137931034484
        ],
        [
          2063.862068965517,
          1486.4827586206898
        ],
        [
          2060.4137931034484,
          1453.7241379310346
        ],
        [
          1913.8620689655174,
          1357.1724137931035
        ],
        [
          1753.5172413793105,
          1360.6206896551726
        ],
        [
          1672.4827586206898,
          1355.448275862069
        ]
      ],
      "group_id": null,
      "shape_type": "polygon",
      "flags": {}
    },
    {
      "label": "book",
      "points": [
        [
          1939.7241379310346,
          1358.8965517241381
        ],
        [
          1986.2758620689656,
          1364.0689655172414
        ],
        [
          2143.1724137931037,
          1434.7586206896553
        ],
        [
          2139.7241379310344,
          1452.0
        ],
        [
          2072.4827586206898,
          1467.5172413793105
        ],
        [
          2063.862068965517,
          1445.103448275862
        ],
        [
          1924.2068965517242,
          1348.5517241379312
        ]
      ],
      "group_id": null,
      "shape_type": "polygon",
      "flags": {}
    },
    {
      "label": "book",
      "points": [
        [
          2093.1724137931037,
          1367.5172413793105
        ],
        [
          2177.6551724137935,
          1405.448275862069
        ],
        [
          2196.6206896551726,
          1398.5517241379312
        ],
        [
          2224.206896551724,
          1424.4137931034484
        ],
        [
          2277.6551724137935,
          1422.689655172414
        ],
        [
          2472.4827586206898,
          1445.103448275862
        ],
        [
          2406.9655172413795,
          1381.3103448275863
        ],
        [
          2243.1724137931037,
          1346.8275862068967
        ],
        [
          2215.586206896552,
          1339.9310344827586
        ],
        [
          2150.0689655172414,
          1360.6206896551726
        ]
      ],
      "group_id": null,
      "shape_type": "polygon",
      "flags": {}
    }
  ],
  "imagePath": "../../NikonD5200_PNG/NikonD5200_0001.PNG",
  "imageData": null,
  "imageHeight": 2010,
  "imageWidth": 3018
}