{
  "version": "4.5.6",
  "flags": {},
  "shapes": [
    {
      "label": "person",
      "points": [
        [
          1179.1,
          1018.5
        ],
        [
          1177.0588235294117,
          1028.235294117647
        ],
        [
          1173.5294117647059,
          1030.0
        ],
        [
          1170.5,
          1044.1
        ],
        [
          1171.8,
          1052.9
        ],
        [
          1177.5,
          1054.5
        ],
        [
          1179.4,
          1038.9
        ],
        [
          1188.5,
          1033.5
        ],
        [
          1187.7,
          1029.3
        ],
        [
          1183.6,
          1027.8
        ],
        [
          1187.0,
          1025.1
        ],
        [
          1187.2,
          1018.3
        ],
        [
          1180.7,
          1016.5
        ]
      ],
      "group_id": null,
      "shape_type": "polygon",
      "flags": {}
    }
  ],
  "imagePath": "../../NikonD5200_PNG/NikonD5200_0023.PNG",
  "imageData": null,
  "imageHeight": 2010,
  "imageWidth": 3018
}