{
  "version": "4.5.6",
  "flags": {},
  "shapes": [
    {
      "label": "truck",
      "points": [
        [
          5.241379310344829,
          681.3103448275863
        ],
        [
          403.51724137931035,
          522.6896551724138
        ],
        [
          389.72413793103453,
          352.0
        ],
        [
          551.7931034482759,
          181.31034482758622
        ],
        [
          1191.448275862069,
          176.13793103448276
        ],
        [
          1355.2413793103449,
          33.0344827586207
        ],
        [
          1615.5862068965519,
          33.0344827586207
        ],
        [
          1794.8965517241381,
          181.31034482758622
        ],
        [
          2375.9310344827586,
          172.6896551724138
        ],
        [
          2579.379310344828,
          329.58620689655174
        ],
        [
          2579.379310344828,
          531.3103448275863
        ],
        [
          3013.8620689655177,
          817.5172413793103
        ],
        [
          3017,
          1911
        ],
        [
          3017,
          2009
        ],
        [
          0,
          2009
        ]
      ],
      "group_id": null,
      "shape_type": "polygon",
      "flags": {}
    },
    {
      "label": "car",
      "points": [
        [
          0.06896551724138078,
          660.6206896551724
        ],
        [
          0,
          642
        ],
        [
          3.517241379310345,
          191.6551724137931
        ],
        [
          84.55172413793105,
          139.93103448275863
        ],
        [
          317.3103448275862,
          110.62068965517241
        ],
        [
          536.2758620689656,
          124.41379310344828
        ],
        [
          639.7241379310345,
          160.62068965517244
        ],
        [
          653.5172413793103,
          183.0344827586207
        ],
        [
          548.344827586207,
          183.0344827586207
        ],
        [
          389.72413793103453,
          350.2758620689655
        ],
        [
          406.96551724137936,
          529.5862068965517
        ],
        [
          65.58620689655173,
          652.0
        ]
      ],
      "group_id": null,
      "shape_type": "polygon",
      "flags": {}
    },
    {
      "label": "car",
      "points": [
        [
          553.5172413793103,
          126.13793103448276
        ],
        [
          581.1034482758621,
          108.89655172413794
        ],
        [
          912.1379310344828,
          119.24137931034483
        ],
        [
          972.4827586206898,
          165.79310344827587
        ],
        [
          650.0689655172414,
          176.13793103448276
        ]
      ],
      "group_id": null,
      "shape_type": "polygon",
      "flags": {}
    },
    {
      "label": "car",
      "points": [
        [
          1753.5172413793105,
          148.55172413793105
        ],
        [
          1788.0000000000002,
          127.86206896551727
        ],
        [
          2008.689655172414,
          120.96551724137933
        ],
        [
          2053.5172413793107,
          176.13793103448276
        ],
        [
          1798.344827586207,
          176.13793103448276
        ]
      ],
      "group_id": null,
      "shape_type": "polygon",
      "flags": {}
    },
    {
      "label": "car",
      "points": [
        [
          2374.206896551724,
          181.31034482758622
        ],
        [
          2510.4137931034484,
          186.48275862068968
        ],
        [
          2556.9655172413795,
          246.82758620689657
        ],
        [
          2600.0689655172414,
          329.58620689655174
        ],
        [
          2589.724137931035,
          445.1034482758621
        ],
        [
          2575.9310344827586,
          433.0344827586207
        ],
        [
          2581.1034482758623,
          326.1379310344828
        ]
      ],
      "group_id": null,
      "shape_type": "polygon",
      "flags": {}
    }
  ],
  "imagePath": "../../NikonD5200_PNG/NikonD5200_0062.PNG",
  "imageData": null,
  "imageHeight": 2010,
  "imageWidth": 3018
}