{
  "version": "4.5.6",
  "flags": {},
  "shapes": [
    {
      "label": "person",
      "points": [
        [
          1155.0,
          1908.0645161290322
        ],
        [
          1167.9032258064517,
          1911.2903225806451
        ],
        [
          1195.3225806451612,
          1869.3548387096773
        ],
        [
          1193.7096774193549,
          1917.741935483871
        ],
        [
          1208.225806451613,
          1916.1290322580646
        ],
        [
          1217.9032258064517,
          1850.0
        ],
        [
          1208.225806451613,
          1770.967741935484
        ],
        [
          1217.9032258064517,
          1740.3225806451612
        ],
        [
          1196.9354838709678,
          1738.7096774193549
        ],
        [
          1177.5806451612902,
          1770.967741935484
        ],
        [
          1179.1935483870968,
          1832.258064516129
        ],
        [
          1179.1935483870968,
          1862.9032258064517
        ],
        [
          1150.1612903225807,
          1883.8709677419356
        ]
      ],
      "group_id": null,
      "shape_type": "polygon",
      "flags": {}
    },
    {
      "label": "person",
      "points": [
        [
          1338.8709677419356,
          1937.0967741935483
        ],
        [
          1377.5806451612902,
          1940.3225806451612
        ],
        [
          1364.6774193548388,
          1859.6774193548388
        ],
        [
          1387.258064516129,
          1835.483870967742
        ],
        [
          1371.1290322580646,
          1767.741935483871
        ],
        [
          1363.0645161290322,
          1748.3870967741937
        ],
        [
          1348.5483870967741,
          1746.774193548387
        ],
        [
          1342.0967741935483,
          1767.741935483871
        ],
        [
          1337.258064516129,
          1798.3870967741937
        ],
        [
          1338.8709677419356,
          1859.6774193548388
        ],
        [
          1346.9354838709678,
          1911.2903225806451
        ]
      ],
      "group_id": null,
      "shape_type": "polygon",
      "flags": {}
    },
    {
      "label": "person",
      "points": [
        [
          1319.516129032258,
          1927.4193548387098
        ],
        [
          1346.9354838709678,
          1920.967741935484
        ],
        [
          1340.483870967742,
          1851.6129032258066
        ],
        [
          1338.8709677419356,
          1791.9354838709678
        ],
        [
          1340.483870967742,
          1754.8387096774193
        ],
        [
          1355.0,
          1743.5483870967741
        ],
        [
          1348.5483870967741,
          1724.1935483870968
        ],
        [
          1325.967741935484,
          1729.032258064516
        ],
        [
          1322.741935483871,
          1775.8064516129032
        ],
        [
          1295.3225806451612,
          1808.0645161290322
        ],
        [
          1301.774193548387,
          1825.8064516129032
        ],
        [
          1322.741935483871,
          1791.9354838709678
        ],
        [
          1327.5806451612902,
          1835.483870967742
        ],
        [
          1330.8064516129032,
          1887.0967741935483
        ],
        [
          1329.1935483870968,
          1906.4516129032259
        ]
      ],
      "group_id": null,
      "shape_type": "polygon",
      "flags": {}
    },
    {
      "label": "car",
      "points": [
        [
          1653.3870967741937,
          1719.3548387096773
        ],
        [
          1771.1290322580644,
          1738.7096774193549
        ],
        [
          1790.483870967742,
          1714.516129032258
        ],
        [
          1748.5483870967741,
          1683.8709677419356
        ],
        [
          1705.0,
          1680.6451612903227
        ],
        [
          1675.967741935484,
          1693.5483870967741
        ]
      ],
      "group_id": null,
      "shape_type": "polygon",
      "flags": {}
    }
  ],
  "imagePath": "../../NikonD5200_PNG/NikonD5200_0102.PNG",
  "imageData": null,
  "imageHeight": 3018,
  "imageWidth": 2010
}