{
  "version": "4.5.6",
  "flags": {},
  "shapes": [
    {
      "label": "person",
      "points": [
        [
          791.5,
          1509.5
        ],
        [
          866.5,
          1514.5
        ],
        [
          879.0,
          1294.5
        ],
        [
          874.0,
          1117.0
        ],
        [
          919.0,
          1137.0
        ],
        [
          941.5,
          1257.0
        ],
        [
          959.0,
          1182.0
        ],
        [
          931.5,
          1099.5
        ],
        [
          836.5,
          1064.5
        ],
        [
          846.5,
          1022.0
        ],
        [
          834.0,
          992.0
        ],
        [
          761.5,
          992.0
        ],
        [
          774.0,
          1069.5
        ],
        [
          751.5,
          1064.5
        ],
        [
          729.0,
          1119.5
        ],
        [
          734.0,
          1197.0
        ],
        [
          764.0,
          1137.0
        ],
        [
          761.5,
          1227.0
        ],
        [
          769.0,
          1334.5
        ],
        [
          791.5,
          1457.0
        ]
      ],
      "group_id": null,
      "shape_type": "polygon",
      "flags": {}
    },
    {
      "label": "backpack",
      "points": [
        [
          849.0,
          1214.5
        ],
        [
          871.5,
          1287.0
        ],
        [
          944.0,
          1267.0
        ],
        [
          919.0,
          1132.0
        ],
        [
          859.0,
          1112.0
        ]
      ],
      "group_id": null,
      "shape_type": "polygon",
      "flags": {}
    },
    {
      "label": "person",
      "points": [
        [
          1004.4943820224719,
          1365.1685393258426
        ],
        [
          1016.8539325842696,
          1365.1685393258426
        ],
        [
          1022.4719101123595,
          1298.876404494382
        ],
        [
          1026.9662921348315,
          1297.752808988764
        ],
        [
          1026.9662921348315,
          1373.0337078651685
        ],
        [
          1038.202247191011,
          1366.2921348314605
        ],
        [
          1046.067415730337,
          1301.123595505618
        ],
        [
          1055.056179775281,
          1287.6404494382023
        ],
        [
          1051.685393258427,
          1226.9662921348315
        ],
        [
          1031.4606741573034,
          1208.9887640449438
        ],
        [
          1034.8314606741574,
          1183.1460674157304
        ],
        [
          1015.7303370786517,
          1180.8988764044943
        ],
        [
          1013.4831460674158,
          1203.370786516854
        ],
        [
          1004.4943820224719,
          1226.9662921348315
        ]
      ],
      "group_id": null,
      "shape_type": "polygon",
      "flags": {}
    },
    {
      "label": "backpack",
      "points": [
        [
          1079.7752808988764,
          1291.0112359550562
        ],
        [
          1092.1348314606741,
          1289.887640449438
        ],
        [
          1082.0224719101122,
          1260.6741573033707
        ],
        [
          1075.2808988764045,
          1267.4157303370787
        ]
      ],
      "group_id": null,
      "shape_type": "polygon",
      "flags": {}
    },
    {
      "label": "person",
      "points": [
        [
          1064.0449438202247,
          1323.5955056179776
        ],
        [
          1085.3932584269662,
          1322.4719101123596
        ],
        [
          1077.5280898876404,
          1259.5505617977528
        ],
        [
          1079.7752808988764,
          1225.8426966292134
        ],
        [
          1066.2921348314608,
          1230.3370786516855
        ],
        [
          1060.6741573033707,
          1242.6966292134832
        ]
      ],
      "group_id": null,
      "shape_type": "polygon",
      "flags": {}
    },
    {
      "label": "person",
      "points": [
        [
          1104.4943820224719,
          1328.0898876404494
        ],
        [
          1124.7191011235955,
          1324.7191011235955
        ],
        [
          1128.0898876404494,
          1273.0337078651685
        ],
        [
          1130.3370786516855,
          1246.067415730337
        ],
        [
          1122.4719101123596,
          1243.8202247191011
        ],
        [
          1113.4831460674156,
          1225.8426966292134
        ],
        [
          1103.370786516854,
          1226.9662921348315
        ],
        [
          1105.6179775280898,
          1248.314606741573
        ],
        [
          1098.876404494382,
          1251.685393258427
        ]
      ],
      "group_id": null,
      "shape_type": "polygon",
      "flags": {}
    },
    {
      "label": "person",
      "points": [
        [
          1140.4494382022472,
          1322.4719101123596
        ],
        [
          1150.561797752809,
          1323.5955056179776
        ],
        [
          1151.685393258427,
          1270.7865168539327
        ],
        [
          1160.6741573033707,
          1270.7865168539327
        ],
        [
          1152.808988764045,
          1221.3483146067415
        ],
        [
          1146.067415730337,
          1216.8539325842696
        ],
        [
          1139.3258426966293,
          1203.370786516854
        ],
        [
          1129.2134831460673,
          1204.4943820224719
        ],
        [
          1126.9662921348315,
          1224.7191011235955
        ],
        [
          1120.2247191011236,
          1238.202247191011
        ],
        [
          1129.2134831460673,
          1247.191011235955
        ],
        [
          1130.3370786516855,
          1314.6067415730338
        ]
      ],
      "group_id": null,
      "shape_type": "polygon",
      "flags": {}
    }
  ],
  "imagePath": "../../NikonD5200_PNG/NikonD5200_0041.PNG",
  "imageData": null,
  "imageHeight": 3018,
  "imageWidth": 2010
}