{
  "version": "4.5.6",
  "flags": {},
  "shapes": [
    {
      "label": "car",
      "points": [
        [
          1.793103448275863,
          1210.6206896551726
        ],
        [
          79.37931034482759,
          1183.0344827586207
        ],
        [
          184.55172413793105,
          1136.4827586206898
        ],
        [
          429.3793103448276,
          1117.5172413793105
        ],
        [
          570.7586206896552,
          1198.5517241379312
        ],
        [
          715.5862068965517,
          1245.103448275862
        ],
        [
          736.2758620689656,
          1346.8275862068967
        ],
        [
          567.3103448275863,
          1364.0689655172414
        ],
        [
          206.96551724137933,
          1364.0689655172414
        ],
        [
          77.65517241379311,
          1386.4827586206898
        ]
      ],
      "group_id": null,
      "shape_type": "polygon",
      "flags": {}
    },
    {
      "label": "car",
      "points": [
        [
          2396.6206896551726,
          1258.896551724138
        ],
        [
          2510.4137931034484,
          1243.3793103448277
        ],
        [
          2732.8275862068967,
          1157.1724137931035
        ],
        [
          3005.241379310345,
          1155.448275862069
        ],
        [
          3015.586206896552,
          1341.6551724137933
        ],
        [
          2934.551724137931,
          1391.6551724137933
        ],
        [
          2944.896551724138,
          1558.8965517241381
        ],
        [
          2619.034482758621,
          1579.5862068965519
        ],
        [
          2586.2758620689656,
          1450.2758620689656
        ],
        [
          2482.8275862068967,
          1276.1379310344828
        ]
      ],
      "group_id": null,
      "shape_type": "polygon",
      "flags": {}
    },
    {
      "label": "truck",
      "points": [
        [
          2200.0689655172414,
          958.896551724138
        ],
        [
          2188.0,
          1065.793103448276
        ],
        [
          2074.206896551724,
          1093.3793103448277
        ],
        [
          2053.5172413793107,
          1095.103448275862
        ],
        [
          2053.5172413793107,
          1138.2068965517242
        ],
        [
          2113.862068965517,
          1172.689655172414
        ],
        [
          2165.586206896552,
          1131.3103448275863
        ],
        [
          2174.206896551724,
          1102.0
        ],
        [
          2213.862068965517,
          1103.7241379310346
        ],
        [
          2243.1724137931037,
          1146.8275862068967
        ],
        [
          2282.8275862068967,
          1146.8275862068967
        ],
        [
          2296.6206896551726,
          1264.0689655172414
        ],
        [
          2406.9655172413795,
          1255.448275862069
        ],
        [
          2474.206896551724,
          1181.3103448275863
        ],
        [
          2467.3103448275865,
          967.5172413793105
        ],
        [
          2344.896551724138,
          957.1724137931035
        ]
      ],
      "group_id": null,
      "shape_type": "polygon",
      "flags": {}
    },
    {
      "label": "truck",
      "points": [
        [
          1284.5517241379312,
          1148.5517241379312
        ],
        [
          1320.7586206896553,
          1188.2068965517242
        ],
        [
          1350.0689655172414,
          1243.3793103448277
        ],
        [
          1434.5517241379312,
          1238.2068965517242
        ],
        [
          1596.6206896551726,
          1234.7586206896553
        ],
        [
          1641.448275862069,
          1176.1379310344828
        ],
        [
          1641.448275862069,
          1065.793103448276
        ],
        [
          1541.448275862069,
          1057.1724137931035
        ],
        [
          1475.9310344827588,
          1058.896551724138
        ],
        [
          1488.0,
          1139.9310344827586
        ]
      ],
      "group_id": null,
      "shape_type": "polygon",
      "flags": {}
    },
    {
      "label": "car",
      "points": [
        [
          381.1034482758621,
          1103.7241379310346
        ],
        [
          382.82758620689657,
          1060.6206896551726
        ],
        [
          700.0689655172414,
          1050.2758620689656
        ],
        [
          841.4482758620691,
          1055.448275862069
        ],
        [
          965.5862068965517,
          1117.5172413793105
        ],
        [
          963.8620689655173,
          1252.0
        ],
        [
          872.4827586206898,
          1265.793103448276
        ],
        [
          812.1379310344828,
          1286.4827586206898
        ],
        [
          725.9310344827587,
          1272.689655172414
        ],
        [
          577.6551724137931,
          1207.1724137931035
        ],
        [
          474.2068965517242,
          1131.3103448275863
        ]
      ],
      "group_id": null,
      "shape_type": "polygon",
      "flags": {}
    },
    {
      "label": "traffic light",
      "points": [
        [
          539.7241379310345,
          933.0344827586208
        ],
        [
          544.896551724138,
          1019.2413793103449
        ],
        [
          574.2068965517242,
          1020.9655172413793
        ],
        [
          579.3793103448277,
          981.3103448275863
        ],
        [
          577.6551724137931,
          934.7586206896552
        ]
      ],
      "group_id": null,
      "shape_type": "polygon",
      "flags": {}
    },
    {
      "label": "traffic light",
      "points": [
        [
          932.8275862068966,
          602.0
        ],
        [
          951.7931034482759,
          645.1034482758621
        ],
        [
          1044.896551724138,
          638.2068965517242
        ],
        [
          1032.8275862068965,
          586.4827586206897
        ]
      ],
      "group_id": null,
      "shape_type": "polygon",
      "flags": {}
    },
    {
      "label": "car",
      "points": [
        [
          1.793103448275863,
          1064.0689655172414
        ],
        [
          300.0689655172414,
          1060.6206896551726
        ],
        [
          360.4137931034483,
          1115.793103448276
        ],
        [
          162.13793103448276,
          1136.4827586206898
        ],
        [
          3.517241379310345,
          1202.0
        ]
      ],
      "group_id": null,
      "shape_type": "polygon",
      "flags": {}
    },
    {
      "label": "car",
      "points": [
        [
          2465.586206896552,
          1070.9655172413793
        ],
        [
          2474.206896551724,
          1052.0
        ],
        [
          2560.4137931034484,
          1062.344827586207
        ],
        [
          2603.5172413793107,
          1095.103448275862
        ],
        [
          2582.8275862068967,
          1141.6551724137933
        ],
        [
          2482.8275862068967,
          1131.3103448275863
        ],
        [
          2470.7586206896553,
          1112.344827586207
        ]
      ],
      "group_id": null,
      "shape_type": "polygon",
      "flags": {}
    },
    {
      "label": "bus",
      "points": [
        [
          2524.206896551724,
          1055.448275862069
        ],
        [
          2532.8275862068967,
          1031.3103448275863
        ],
        [
          2606.9655172413795,
          1034.7586206896553
        ],
        [
          2670.7586206896553,
          1060.6206896551726
        ],
        [
          2691.4482758620693,
          1115.793103448276
        ],
        [
          2594.896551724138,
          1131.3103448275863
        ],
        [
          2577.6551724137935,
          1079.5862068965519
        ]
      ],
      "group_id": null,
      "shape_type": "polygon",
      "flags": {}
    },
    {
      "label": "person",
      "points": [
        [
          2913.8620689655177,
          1157.1724137931035
        ],
        [
          2922.4827586206898,
          1107.1724137931035
        ],
        [
          2951.7931034482763,
          1096.8275862068967
        ],
        [
          2970.7586206896553,
          1136.4827586206898
        ],
        [
          2994.896551724138,
          1152.0
        ]
      ],
      "group_id": null,
      "shape_type": "polygon",
      "flags": {}
    },
    {
      "label": "person",
      "points": [
        [
          1782.8275862068967,
          1379.5862068965519
        ],
        [
          1827.6551724137933,
          1402.0
        ],
        [
          1851.793103448276,
          1519.2413793103449
        ],
        [
          1865.5862068965519,
          1269.2413793103449
        ],
        [
          2127.655172413793,
          1269.2413793103449
        ],
        [
          2093.1724137931037,
          1158.896551724138
        ],
        [
          2043.1724137931037,
          1105.448275862069
        ],
        [
          2005.2413793103449,
          1024.4137931034484
        ],
        [
          1927.6551724137933,
          1043.3793103448277
        ],
        [
          1922.4827586206898,
          1136.4827586206898
        ],
        [
          1839.7241379310346,
          1219.2413793103449
        ],
        [
          1791.448275862069,
          1324.4137931034484
        ]
      ],
      "group_id": null,
      "shape_type": "polygon",
      "flags": {}
    },
    {
      "label": "person",
      "points": [
        [
          2756.9655172413795,
          1129.5862068965519
        ],
        [
          2763.862068965517,
          1222.689655172414
        ],
        [
          2717.3103448275865,
          1239.9310344827586
        ],
        [
          2708.689655172414,
          1343.3793103448277
        ],
        [
          2746.6206896551726,
          1436.4827586206898
        ],
        [
          2738.0,
          1529.5862068965519
        ],
        [
          2763.862068965517,
          1653.7241379310346
        ],
        [
          2794.896551724138,
          1815.793103448276
        ],
        [
          2767.3103448275865,
          1876.1379310344828
        ],
        [
          2843.1724137931037,
          1886.4827586206898
        ],
        [
          2812.137931034483,
          1696.8275862068967
        ],
        [
          2825.9310344827586,
          1539.9310344827588
        ],
        [
          2850.0689655172414,
          1707.1724137931035
        ],
        [
          2896.6206896551726,
          1870.9655172413795
        ],
        [
          2956.9655172413795,
          1839.9310344827588
        ],
        [
          2908.689655172414,
          1784.7586206896553
        ],
        [
          2917.3103448275865,
          1589.9310344827588
        ],
        [
          2944.896551724138,
          1531.3103448275863
        ],
        [
          2925.9310344827586,
          1439.9310344827588
        ],
        [
          2924.206896551724,
          1305.448275862069
        ],
        [
          2913.8620689655177,
          1234.7586206896553
        ],
        [
          2838.0,
          1215.793103448276
        ],
        [
          2865.586206896552,
          1145.103448275862
        ],
        [
          2815.586206896552,
          1098.5517241379312
        ]
      ],
      "group_id": null,
      "shape_type": "polygon",
      "flags": {}
    }
  ],
  "imagePath": "../../NikonD5200_PNG/NikonD5200_0165.PNG",
  "imageData": null,
  "imageHeight": 2010,
  "imageWidth": 3018
}