{
  "version": "4.5.6",
  "flags": {},
  "shapes": [
    {
      "label": "person",
      "points": [
        [
          359.0,
          1607.0
        ],
        [
          341.5,
          1634.5
        ],
        [
          351.5,
          1774.5
        ],
        [
          464.0,
          1784.5
        ],
        [
          444.0,
          1744.5
        ],
        [
          409.0,
          1737.0
        ],
        [
          376.5,
          1719.5
        ],
        [
          426.5,
          1639.5
        ],
        [
          386.5,
          1594.5
        ]
      ],
      "group_id": null,
      "shape_type": "polygon",
      "flags": {}
    },
    {
      "label": "person",
      "points": [
        [
          424.0,
          1584.5
        ],
        [
          451.5,
          1564.5
        ],
        [
          496.5,
          1587.0
        ],
        [
          494.0,
          1639.5
        ],
        [
          531.5,
          1714.5
        ],
        [
          536.5,
          1777.0
        ],
        [
          466.5,
          1787.0
        ],
        [
          449.0,
          1747.0
        ],
        [
          374.0,
          1722.0
        ],
        [
          436.5,
          1642.0
        ]
      ],
      "group_id": null,
      "shape_type": "polygon",
      "flags": {}
    },
    {
      "label": "person",
      "points": [
        [
          241.5,
          1704.5
        ],
        [
          236.5,
          1644.5
        ],
        [
          291.5,
          1639.5
        ],
        [
          304.0,
          1707.0
        ],
        [
          309.0,
          1754.5
        ]
      ],
      "group_id": null,
      "shape_type": "polygon",
      "flags": {}
    },
    {
      "label": "person",
      "points": [
        [
          1376.5,
          1802.0
        ],
        [
          1386.5,
          1764.5
        ],
        [
          1381.5,
          1729.5
        ],
        [
          1414.0,
          1717.0
        ],
        [
          1439.0,
          1724.5
        ],
        [
          1444.0,
          1767.0
        ],
        [
          1479.0,
          1807.0
        ]
      ],
      "group_id": null,
      "shape_type": "polygon",
      "flags": {}
    },
    {
      "label": "person",
      "points": [
        [
          1121.5,
          1819.5
        ],
        [
          1149.0,
          1782.0
        ],
        [
          1181.5,
          1742.0
        ],
        [
          1219.0,
          1737.0
        ],
        [
          1236.5,
          1752.0
        ],
        [
          1214.0,
          1802.0
        ],
        [
          1221.5,
          1814.5
        ]
      ],
      "group_id": null,
      "shape_type": "polygon",
      "flags": {}
    },
    {
      "label": "person",
      "points": [
        [
          629.0,
          1597.0
        ],
        [
          679.0,
          1589.5
        ],
        [
          684.0,
          1639.5
        ],
        [
          676.5,
          1667.0
        ],
        [
          709.0,
          1694.5
        ],
        [
          691.5,
          1849.5
        ],
        [
          714.0,
          1994.5
        ],
        [
          679.0,
          2004.5
        ],
        [
          676.5,
          2097.0
        ],
        [
          589.0,
          2102.0
        ],
        [
          604.0,
          2077.0
        ],
        [
          591.5,
          1979.5
        ],
        [
          596.5,
          1772.0
        ],
        [
          564.0,
          1777.0
        ],
        [
          554.0,
          1737.0
        ],
        [
          601.5,
          1689.5
        ],
        [
          629.0,
          1669.5
        ],
        [
          619.0,
          1639.5
        ]
      ],
      "group_id": null,
      "shape_type": "polygon",
      "flags": {}
    },
    {
      "label": "person",
      "points": [
        [
          729.0,
          1947.0
        ],
        [
          786.5,
          1954.5
        ],
        [
          789.0,
          1837.0
        ],
        [
          781.5,
          1747.0
        ],
        [
          769.0,
          1707.0
        ],
        [
          734.0,
          1722.0
        ],
        [
          721.5,
          1769.5
        ],
        [
          724.0,
          1857.0
        ]
      ],
      "group_id": null,
      "shape_type": "polygon",
      "flags": {}
    },
    {
      "label": "person",
      "points": [
        [
          841.5,
          1947.0
        ],
        [
          879.0,
          1864.5
        ],
        [
          886.5,
          1784.5
        ],
        [
          909.0,
          1764.5
        ],
        [
          881.5,
          1724.5
        ],
        [
          884.0,
          1704.5
        ],
        [
          864.0,
          1702.0
        ],
        [
          831.5,
          1734.5
        ],
        [
          819.0,
          1769.5
        ]
      ],
      "group_id": null,
      "shape_type": "polygon",
      "flags": {}
    },
    {
      "label": "person",
      "points": [
        [
          1471.5,
          2147.0
        ],
        [
          1529.0,
          2149.5
        ],
        [
          1526.5,
          2102.0
        ],
        [
          1546.5,
          1999.5
        ],
        [
          1561.5,
          1994.5
        ],
        [
          1571.5,
          2074.5
        ],
        [
          1561.5,
          2167.0
        ],
        [
          1636.5,
          2159.5
        ],
        [
          1619.0,
          2129.5
        ],
        [
          1616.5,
          2009.5
        ],
        [
          1654.0,
          1994.5
        ],
        [
          1639.0,
          1797.0
        ],
        [
          1674.0,
          1769.5
        ],
        [
          1646.5,
          1647.0
        ],
        [
          1619.0,
          1642.0
        ],
        [
          1626.5,
          1597.0
        ],
        [
          1584.0,
          1557.0
        ],
        [
          1554.0,
          1572.0
        ],
        [
          1554.0,
          1657.0
        ],
        [
          1509.0,
          1657.0
        ],
        [
          1476.5,
          1742.0
        ],
        [
          1494.0,
          1809.5
        ],
        [
          1494.0,
          1939.5
        ]
      ],
      "group_id": null,
      "shape_type": "polygon",
      "flags": {}
    },
    {
      "label": "person",
      "points": [
        [
          1649.0,
          1807.0
        ],
        [
          1754.0,
          1812.0
        ],
        [
          1749.0,
          1807.0
        ],
        [
          1761.5,
          1769.5
        ],
        [
          1761.5,
          1724.5
        ],
        [
          1706.5,
          1714.5
        ],
        [
          1686.5,
          1719.5
        ],
        [
          1691.5,
          1767.0
        ]
      ],
      "group_id": null,
      "shape_type": "polygon",
      "flags": {}
    },
    {
      "label": "person",
      "points": [
        [
          2001.5,
          327.0
        ],
        [
          1946.5,
          382.0
        ],
        [
          1954.0,
          519.5
        ],
        [
          1921.5,
          664.5
        ],
        [
          1889.0,
          807.0
        ],
        [
          1761.5,
          872.0
        ],
        [
          1659.0,
          1234.5
        ],
        [
          1744.0,
          1282.0
        ],
        [
          1751.5,
          1582.0
        ],
        [
          1809.0,
          1612.0
        ],
        [
          1826.5,
          1589.5
        ],
        [
          1806.5,
          1752.0
        ],
        [
          1734.0,
          2214.5
        ],
        [
          1716.5,
          2562.0
        ],
        [
          1734.0,
          2682.0
        ],
        [
          1736.5,
          2747.0
        ],
        [
          1911.5,
          2822.0
        ],
        [
          1939.0,
          2999.5
        ],
        [
          1929.0,
          3007.0
        ],
        [
          2009,
          3014
        ]
      ],
      "group_id": null,
      "shape_type": "polygon",
      "flags": {}
    }
  ],
  "imagePath": "../../NikonD5200_PNG/NikonD5200_0035.PNG",
  "imageData": null,
  "imageHeight": 3018,
  "imageWidth": 2010
}