{
  "version": "4.5.6",
  "flags": {},
  "shapes": [
    {
      "label": "person",
      "points": [
        [
          522.1176470588234,
          2142.6470588235293
        ],
        [
          555.9411764705882,
          2173.529411764706
        ],
        [
          552.9999999999999,
          2114.705882352941
        ],
        [
          582.4117647058823,
          2052.9411764705883
        ],
        [
          600.0588235294117,
          2073.529411764706
        ],
        [
          595.6470588235294,
          2157.3529411764703
        ],
        [
          622.1176470588234,
          2158.8235294117644
        ],
        [
          617.7058823529411,
          2033.8235294117646
        ],
        [
          605.9411764705882,
          1960.2941176470588
        ],
        [
          644.1764705882352,
          2002.941176470588
        ],
        [
          654.470588235294,
          2027.941176470588
        ],
        [
          658.8823529411764,
          1994.1176470588234
        ],
        [
          605.9411764705882,
          1914.705882352941
        ],
        [
          561.8235294117646,
          1897.0588235294117
        ],
        [
          550.0588235294117,
          1951.470588235294
        ],
        [
          564.7647058823529,
          2005.8823529411764
        ],
        [
          555.9411764705882,
          2082.3529411764703
        ]
      ],
      "group_id": null,
      "shape_type": "polygon",
      "flags": {}
    },
    {
      "label": "handbag",
      "points": [
        [
          608.8823529411765,
          2052.9411764705883
        ],
        [
          650.0588235294117,
          2024.9999999999998
        ],
        [
          630.9411764705882,
          1998.5294117647056
        ],
        [
          595.6470588235294,
          2007.3529411764705
        ]
      ],
      "group_id": null,
      "shape_type": "polygon",
      "flags": {}
    },
    {
      "label": "person",
      "points": [
        [
          851.5294117647059,
          2011.7647058823527
        ],
        [
          864.7647058823529,
          2085.2941176470586
        ],
        [
          895.6470588235293,
          2060.2941176470586
        ],
        [
          926.5294117647059,
          2039.705882352941
        ],
        [
          922.1176470588234,
          2016.1764705882351
        ]
      ],
      "group_id": null,
      "shape_type": "polygon",
      "flags": {}
    }
  ],
  "imagePath": "../../NikonD5200_PNG/NikonD5200_0105.PNG",
  "imageData": null,
  "imageHeight": 3018,
  "imageWidth": 2010
}