{
  "version": "4.5.6",
  "flags": {},
  "shapes": [
    {
      "label": "umbrella",
      "points": [
        [
          1316.4444444444443,
          1296.888888888889
        ],
        [
          1394.2222222222222,
          1299.111111111111
        ],
        [
          1398.2222222222222,
          1422.2222222222222
        ],
        [
          1378.6666666666667,
          1430.6666666666667
        ],
        [
          1380.888888888889,
          1437.7777777777778
        ],
        [
          1427.5555555555557,
          1435.5555555555557
        ],
        [
          1424.0,
          1428.0
        ],
        [
          1404.888888888889,
          1424.0
        ],
        [
          1400.4444444444443,
          1298.6666666666667
        ],
        [
          1490.6666666666667,
          1297.7777777777778
        ],
        [
          1426.6666666666667,
          1270.2222222222222
        ],
        [
          1422.2222222222222,
          1261.3333333333333
        ],
        [
          1396.4444444444443,
          1257.7777777777778
        ],
        [
          1373.3333333333333,
          1265.7777777777778
        ],
        [
          1373.7777777777778,
          1269.7777777777778
        ]
      ],
      "group_id": null,
      "shape_type": "polygon",
      "flags": {}
    },
    {
      "label": "bench",
      "points": [
        [
          1278.6666666666667,
          1398.6666666666667
        ],
        [
          1279.111111111111,
          1428.4444444444443
        ],
        [
          1321.3333333333333,
          1430.6666666666667
        ],
        [
          1428.4444444444443,
          1434.2222222222222
        ],
        [
          1429.7777777777778,
          1398.6666666666667
        ]
      ],
      "group_id": null,
      "shape_type": "polygon",
      "flags": {}
    },
    {
      "label": "person",
      "points": [
        [
          1101.3333333333333,
          1318.2222222222222
        ],
        [
          1094.2222222222222,
          1346.6666666666667
        ],
        [
          1099.111111111111,
          1387.111111111111
        ],
        [
          1109.7777777777778,
          1385.7777777777778
        ],
        [
          1112.888888888889,
          1352.0
        ],
        [
          1112.0,
          1330.6666666666667
        ]
      ],
      "group_id": null,
      "shape_type": "polygon",
      "flags": {}
    },
    {
      "label": "person",
      "points": [
        [
          1128.888888888889,
          1379.5555555555557
        ],
        [
          1131.5555555555557,
          1379.5555555555557
        ],
        [
          1133.3333333333333,
          1356.888888888889
        ],
        [
          1140.4444444444443,
          1382.2222222222222
        ],
        [
          1143.111111111111,
          1379.111111111111
        ],
        [
          1142.2222222222222,
          1336.0
        ],
        [
          1140.4444444444443,
          1324.888888888889
        ],
        [
          1131.111111111111,
          1321.3333333333333
        ],
        [
          1126.6666666666667,
          1335.5555555555557
        ],
        [
          1124.888888888889,
          1356.0
        ]
      ],
      "group_id": null,
      "shape_type": "polygon",
      "flags": {}
    },
    {
      "label": "person",
      "points": [
        [
          1027.111111111111,
          1372.0
        ],
        [
          1038.2222222222222,
          1373.7777777777778
        ],
        [
          1042.2222222222222,
          1335.5555555555557
        ],
        [
          1034.6666666666667,
          1322.6666666666667
        ],
        [
          1026.2222222222222,
          1332.888888888889
        ],
        [
          1022.6666666666666,
          1338.6666666666667
        ]
      ],
      "group_id": null,
      "shape_type": "polygon",
      "flags": {}
    },
    {
      "label": "person",
      "points": [
        [
          1016.0,
          1374.2222222222222
        ],
        [
          1018.6666666666666,
          1366.2222222222222
        ],
        [
          1021.7777777777778,
          1338.6666666666667
        ],
        [
          1021.7777777777778,
          1325.7777777777778
        ],
        [
          1015.5555555555555,
          1319.5555555555557
        ],
        [
          1007.5555555555555,
          1321.7777777777778
        ],
        [
          1008.0,
          1338.2222222222222
        ],
        [
          1012.0,
          1363.111111111111
        ]
      ],
      "group_id": null,
      "shape_type": "polygon",
      "flags": {}
    },
    {
      "label": "person",
      "points": [
        [
          1156.0,
          1380.0
        ],
        [
          1167.5555555555557,
          1368.4444444444443
        ],
        [
          1169.3333333333333,
          1348.4444444444443
        ],
        [
          1166.2222222222222,
          1323.111111111111
        ],
        [
          1161.3333333333333,
          1321.3333333333333
        ],
        [
          1160.888888888889,
          1334.2222222222222
        ],
        [
          1153.3333333333333,
          1339.5555555555557
        ],
        [
          1157.7777777777778,
          1352.888888888889
        ],
        [
          1158.2222222222222,
          1368.0
        ]
      ],
      "group_id": null,
      "shape_type": "polygon",
      "flags": {}
    }
  ],
  "imagePath": "../../NikonD5200_PNG/NikonD5200_0188.PNG",
  "imageData": null,
  "imageHeight": 2010,
  "imageWidth": 3018
}