{
  "version": "4.5.6",
  "flags": {},
  "shapes": [
    {
      "label": "chair",
      "points": [
        [
          1850.0689655172414,
          1705.448275862069
        ],
        [
          1855.2413793103449,
          1838.2068965517242
        ],
        [
          1882.8275862068967,
          1836.4827586206898
        ],
        [
          1877.6551724137933,
          1805.448275862069
        ],
        [
          1986.2758620689656,
          1793.3793103448277
        ],
        [
          1996.6206896551726,
          1829.5862068965519
        ],
        [
          2013.8620689655174,
          1826.1379310344828
        ],
        [
          2024.2068965517242,
          1707.1724137931035
        ]
      ],
      "group_id": null,
      "shape_type": "polygon",
      "flags": {}
    },
    {
      "label": "person",
      "points": [
        [
          1505.2413793103449,
          1248.5517241379312
        ],
        [
          1546.6206896551726,
          1241.6551724137933
        ],
        [
          1563.8620689655174,
          1222.689655172414
        ],
        [
          1538.0,
          1207.1724137931035
        ],
        [
          1532.8275862068967,
          1183.0344827586207
        ],
        [
          1517.3103448275863,
          1179.5862068965519
        ],
        [
          1513.8620689655174,
          1191.6551724137933
        ],
        [
          1512.1379310344828,
          1205.448275862069
        ],
        [
          1494.8965517241381,
          1224.4137931034484
        ]
      ],
      "group_id": null,
      "shape_type": "polygon",
      "flags": {}
    },
    {
      "label": "person",
      "points": [
        [
          1448.344827586207,
          1215.793103448276
        ],
        [
          1450.0689655172414,
          1179.5862068965519
        ],
        [
          1462.1379310344828,
          1176.1379310344828
        ],
        [
          1477.6551724137933,
          1189.9310344827586
        ],
        [
          1472.4827586206898,
          1203.7241379310346
        ]
      ],
      "group_id": null,
      "shape_type": "polygon",
      "flags": {}
    }
  ],
  "imagePath": "../../NikonD5200_PNG/NikonD5200_0099.PNG",
  "imageData": null,
  "imageHeight": 2010,
  "imageWidth": 3018
}