{
  "version": "4.5.6",
  "flags": {},
  "shapes": [
    {
      "label": "person",
      "points": [
        [
          584.1176470588235,
          1291.764705882353
        ],
        [
          592.3529411764706,
          1291.764705882353
        ],
        [
          597.0588235294118,
          1255.2941176470588
        ],
        [
          603.5294117647059,
          1235.2941176470588
        ],
        [
          593.5294117647059,
          1218.8235294117646
        ],
        [
          584.1176470588235,
          1209.4117647058824
        ],
        [
          577.6470588235294,
          1214.1176470588236
        ],
        [
          579.4117647058823,
          1228.8235294117646
        ],
        [
          570.0,
          1237.0588235294117
        ]
      ],
      "group_id": null,
      "shape_type": "polygon",
      "flags": {}
    }
  ],
  "imagePath": "../../NikonD5200_PNG/NikonD5200_0185.PNG",
  "imageData": null,
  "imageHeight": 2010,
  "imageWidth": 3018
}