{
  "version": "4.5.6",
  "flags": {},
  "shapes": [
    {
      "label": "person",
      "points": [
        [
          353.77358490566036,
          1718.8679245283017
        ],
        [
          364.1509433962264,
          1717.9245283018868
        ],
        [
          370.75471698113205,
          1687.7358490566037
        ],
        [
          365.0943396226415,
          1669.811320754717
        ],
        [
          360.377358490566,
          1663.2075471698113
        ],
        [
          352.8301886792453,
          1662.264150943396
        ],
        [
          350.0,
          1670.7547169811319
        ],
        [
          350.9433962264151,
          1686.7924528301885
        ]
      ],
      "group_id": null,
      "shape_type": "polygon",
      "flags": {}
    },
    {
      "label": "person",
      "points": [
        [
          924.5283018867924,
          1599.0566037735848
        ],
        [
          923.5849056603773,
          1579.245283018868
        ],
        [
          927.3584905660377,
          1567.9245283018868
        ],
        [
          935.8490566037735,
          1566.0377358490566
        ],
        [
          936.7924528301886,
          1598.1132075471696
        ]
      ],
      "group_id": null,
      "shape_type": "polygon",
      "flags": {}
    },
    {
      "label": "person",
      "points": [
        [
          943.8848920863309,
          1598.5611510791366
        ],
        [
          952.8301886792452,
          1596.2264150943395
        ],
        [
          950.3597122302158,
          1573.3812949640287
        ],
        [
          943.1654676258992,
          1574.1007194244603
        ]
      ],
      "group_id": null,
      "shape_type": "polygon",
      "flags": {}
    }
  ],
  "imagePath": "../../NikonD5200_PNG/NikonD5200_0004.PNG",
  "imageData": null,
  "imageHeight": 3018,
  "imageWidth": 2010
}