{
  "version": "4.5.6",
  "flags": {},
  "shapes": [
    {
      "label": "bus",
      "points": [
        [
          2801.114206128134,
          1258.4958217270196
        ],
        [
          2847.3537604456824,
          1259.33147632312
        ],
        [
          2846.5181058495823,
          1250.4178272980503
        ],
        [
          2802.2284122562673,
          1247.9108635097493
        ]
      ],
      "group_id": null,
      "shape_type": "polygon",
      "flags": {}
    },
    {
      "label": "bus",
      "points": [
        [
          2771.866295264624,
          1258.774373259053
        ],
        [
          2772.9805013927576,
          1247.3537604456826
        ],
        [
          2803.3426183844012,
          1248.7465181058496
        ],
        [
          2800.0,
          1260.4456824512536
        ]
      ],
      "group_id": null,
      "shape_type": "polygon",
      "flags": {}
    },
    {
      "label": "truck",
      "points": [
        [
          2848.7465181058496,
          1254.3175487465182
        ],
        [
          2864.066852367688,
          1253.2033426183843
        ],
        [
          2863.5097493036214,
          1261.5598885793872
        ]
      ],
      "group_id": null,
      "shape_type": "polygon",
      "flags": {}
    },
    {
      "label": "truck",
      "points": [
        [
          2547.3537604456824,
          1246.2395543175487
        ],
        [
          2547.3537604456824,
          1255.9888579387186
        ],
        [
          2580.222841225627,
          1254.874651810585
        ],
        [
          2579.66573816156,
          1246.5181058495823
        ]
      ],
      "group_id": null,
      "shape_type": "polygon",
      "flags": {}
    },
    {
      "label": "bus",
      "points": [
        [
          2515.041782729805,
          1253.481894150418
        ],
        [
          2534.540389972145,
          1254.3175487465182
        ],
        [
          2533.426183844011,
          1245.682451253482
        ],
        [
          2514.2061281337046,
          1244.2896935933147
        ]
      ],
      "group_id": null,
      "shape_type": "polygon",
      "flags": {}
    },
    {
      "label": "car",
      "points": [
        [
          2161.838440111421,
          1254.874651810585
        ],
        [
          2166.2952646239555,
          1249.58217270195
        ],
        [
          2176.0445682451254,
          1250.4178272980503
        ],
        [
          2179.3871866295267,
          1254.0389972144847
        ]
      ],
      "group_id": null,
      "shape_type": "polygon",
      "flags": {}
    },
    {
      "label": "car",
      "points": [
        [
          1920.6128133704735,
          1252.0891364902507
        ],
        [
          1937.325905292479,
          1252.3676880222843
        ],
        [
          1928.133704735376,
          1246.7966573816157
        ],
        [
          1922.2841225626742,
          1248.4679665738163
        ]
      ],
      "group_id": null,
      "shape_type": "polygon",
      "flags": {}
    },
    {
      "label": "car",
      "points": [
        [
          1793.5933147632313,
          1252.0891364902507
        ],
        [
          1811.1420612813372,
          1252.0891364902507
        ],
        [
          1810.3064066852369,
          1247.075208913649
        ],
        [
          1805.849582172702,
          1243.732590529248
        ],
        [
          1792.4791086350976,
          1243.732590529248
        ]
      ],
      "group_id": null,
      "shape_type": "polygon",
      "flags": {}
    },
    {
      "label": "car",
      "points": [
        [
          1764.623955431755,
          1251.8105849582173
        ],
        [
          1783.565459610028,
          1252.6462395543176
        ],
        [
          1782.1727019498608,
          1245.4038997214486
        ],
        [
          1772.4233983286908,
          1246.2395543175487
        ],
        [
          1761.8384401114206,
          1251.2534818941504
        ]
      ],
      "group_id": null,
      "shape_type": "polygon",
      "flags": {}
    },
    {
      "label": "car",
      "points": [
        [
          1693.3147632311977,
          1274.0947075208915
        ],
        [
          1709.74930362117,
          1273.2590529247911
        ],
        [
          1704.456824512535,
          1267.1309192200558
        ],
        [
          1697.7715877437327,
          1268.2451253481895
        ]
      ],
      "group_id": null,
      "shape_type": "polygon",
      "flags": {}
    },
    {
      "label": "truck",
      "points": [
        [
          1589.1364902506964,
          1249.58217270195
        ],
        [
          1616.7130919220056,
          1249.025069637883
        ],
        [
          1613.0919220055712,
          1242.8969359331477
        ],
        [
          1592.757660167131,
          1242.3398328690807
        ]
      ],
      "group_id": null,
      "shape_type": "polygon",
      "flags": {}
    },
    {
      "label": "car",
      "points": [
        [
          1638.4401114206128,
          1248.7465181058496
        ],
        [
          1654.5961002785516,
          1248.4679665738163
        ],
        [
          1643.4540389972146,
          1244.0111420612814
        ],
        [
          1635.6545961002787,
          1244.0111420612814
        ]
      ],
      "group_id": null,
      "shape_type": "polygon",
      "flags": {}
    },
    {
      "label": "car",
      "points": [
        [
          1689.4150417827298,
          1249.58217270195
        ],
        [
          1703.6211699164346,
          1250.6963788300836
        ],
        [
          1702.506963788301,
          1246.7966573816157
        ],
        [
          1692.757660167131,
          1245.125348189415
        ]
      ],
      "group_id": null,
      "shape_type": "polygon",
      "flags": {}
    },
    {
      "label": "car",
      "points": [
        [
          1809.5238095238094,
          1268.8311688311687
        ],
        [
          1824.891774891775,
          1267.4242424242425
        ],
        [
          1823.1601731601731,
          1263.3116883116884
        ],
        [
          1812.6623376623377,
          1262.5541125541126
        ],
        [
          1807.3593073593074,
          1266.4502164502164
        ]
      ],
      "group_id": null,
      "shape_type": "polygon",
      "flags": {}
    },
    {
      "label": "car",
      "points": [
        [
          1765.04329004329,
          1271.103896103896
        ],
        [
          1779.004329004329,
          1270.4545454545455
        ],
        [
          1775.6493506493507,
          1267.4242424242425
        ],
        [
          1770.0216450216449,
          1266.9913419913419
        ]
      ],
      "group_id": null,
      "shape_type": "polygon",
      "flags": {}
    },
    {
      "label": "car",
      "points": [
        [
          1704.978354978355,
          1252.1645021645022
        ],
        [
          1717.965367965368,
          1252.8138528138527
        ],
        [
          1716.2337662337661,
          1247.8354978354978
        ],
        [
          1707.6839826839825,
          1247.6190476190475
        ]
      ],
      "group_id": null,
      "shape_type": "polygon",
      "flags": {}
    },
    {
      "label": "car",
      "points": [
        [
          1566.125541125541,
          1250.6493506493507
        ],
        [
          1578.5714285714284,
          1250.8658008658008
        ],
        [
          1578.138528138528,
          1245.887445887446
        ],
        [
          1569.4805194805194,
          1245.995670995671
        ],
        [
          1565.4761904761904,
          1248.7012987012986
        ]
      ],
      "group_id": null,
      "shape_type": "polygon",
      "flags": {}
    },
    {
      "label": "truck",
      "points": [
        [
          1443.3982683982683,
          1231.4935064935064
        ],
        [
          1442.965367965368,
          1237.121212121212
        ],
        [
          1452.922077922078,
          1237.8787878787878
        ],
        [
          1453.4632034632034,
          1245.1298701298701
        ],
        [
          1500.3246753246754,
          1244.4805194805194
        ],
        [
          1500.21645021645,
          1237.6623376623377
        ],
        [
          1490.8008658008657,
          1237.8787878787878
        ],
        [
          1489.7186147186146,
          1233.4415584415583
        ]
      ],
      "group_id": null,
      "shape_type": "polygon",
      "flags": {}
    },
    {
      "label": "truck",
      "points": [
        [
          1230.5084745762713,
          1341.5254237288136
        ],
        [
          1224.2937853107344,
          1349.7175141242938
        ],
        [
          1180.7909604519773,
          1349.4350282485875
        ],
        [
          1183.6158192090395,
          1355.9322033898304
        ],
        [
          1247.457627118644,
          1355.3672316384182
        ],
        [
          1247.457627118644,
          1341.2429378531074
        ]
      ],
      "group_id": null,
      "shape_type": "polygon",
      "flags": {}
    },
    {
      "label": "car",
      "points": [
        [
          860.672514619883,
          1355.9941520467837
        ],
        [
          893.859649122807,
          1356.578947368421
        ],
        [
          892.5438596491229,
          1350.0
        ],
        [
          882.0175438596491,
          1346.7836257309941
        ],
        [
          874.4152046783626,
          1347.514619883041
        ],
        [
          870.1754385964913,
          1350.7309941520468
        ],
        [
          860.672514619883,
          1351.9005847953217
        ],
        [
          860.5263157894738,
          1354.53216374269
        ]
      ],
      "group_id": null,
      "shape_type": "polygon",
      "flags": {}
    }
  ],
  "imagePath": "../../NikonD5200_PNG/NikonD5200_0198.PNG",
  "imageData": null,
  "imageHeight": 2010,
  "imageWidth": 3018
}