{
  "version": "4.5.6",
  "flags": {},
  "shapes": [
    {
      "label": "person",
      "points": [
        [
          656.9655172413793,
          327.86206896551727
        ],
        [
          615.5862068965517,
          495.1034482758621
        ],
        [
          588.0,
          688.2068965517242
        ],
        [
          534.551724137931,
          805.4482758620691
        ],
        [
          556.9655172413793,
          857.1724137931035
        ],
        [
          577.6551724137931,
          1062.344827586207
        ],
        [
          629.3793103448277,
          1269.2413793103449
        ],
        [
          563.8620689655173,
          1496.8275862068967
        ],
        [
          593.1724137931035,
          2000.2758620689656
        ],
        [
          855.2413793103449,
          2005.4482758620693
        ],
        [
          806.9655172413794,
          1584.7586206896553
        ],
        [
          872.4827586206898,
          1543.3793103448277
        ],
        [
          1031.103448275862,
          1581.3103448275863
        ],
        [
          1051.793103448276,
          1669.2413793103449
        ],
        [
          1010,
          2009
        ],
        [
          1305,
          2009
        ],
        [
          1267.3103448275863,
          1539.9310344827588
        ],
        [
          1343.1724137931035,
          1481.3103448275863
        ],
        [
          1312.1379310344828,
          1457.1724137931035
        ],
        [
          808.6896551724138,
          1450.2758620689656
        ],
        [
          803.5172413793103,
          976.1379310344828
        ],
        [
          1205.2413793103449,
          984.7586206896553
        ],
        [
          1201.793103448276,
          888.2068965517242
        ],
        [
          1243.1724137931035,
          865.7931034482759
        ],
        [
          1206.9655172413793,
          684.7586206896552
        ],
        [
          1075.9310344827586,
          619.2413793103449
        ],
        [
          979.3793103448277,
          326.1379310344828
        ],
        [
          810.4137931034484,
          246.82758620689657
        ]
      ],
      "group_id": null,
      "shape_type": "polygon",
      "flags": {}
    },
    {
      "label": "potted plant",
      "points": [
        [
          1381.103448275862,
          962.344827586207
        ],
        [
          1251.793103448276,
          657.1724137931035
        ],
        [
          1167.3103448275863,
          629.5862068965517
        ],
        [
          1200.0689655172414,
          550.2758620689656
        ],
        [
          1374.2068965517242,
          446.82758620689657
        ],
        [
          1546.6206896551726,
          483.0344827586207
        ],
        [
          1681.103448275862,
          464.0689655172414
        ],
        [
          1865.5862068965519,
          577.8620689655173
        ],
        [
          1839.7241379310346,
          652.0
        ],
        [
          1760.4137931034484,
          660.6206896551724
        ],
        [
          1634.5517241379312,
          979.5862068965519
        ]
      ],
      "group_id": null,
      "shape_type": "polygon",
      "flags": {}
    },
    {
      "label": "potted plant",
      "points": [
        [
          2112.137931034483,
          617.5172413793103
        ],
        [
          2179.379310344828,
          552.0
        ],
        [
          2356.9655172413795,
          529.5862068965517
        ],
        [
          2496.6206896551726,
          491.65517241379314
        ],
        [
          2646.6206896551726,
          502.0
        ],
        [
          2738.0,
          579.5862068965517
        ],
        [
          2663.862068965517,
          695.1034482758621
        ],
        [
          2548.344827586207,
          972.6896551724138
        ],
        [
          2298.344827586207,
          967.5172413793105
        ],
        [
          2186.2758620689656,
          667.5172413793103
        ]
      ],
      "group_id": null,
      "shape_type": "polygon",
      "flags": {}
    },
    {
      "label": "potted plant",
      "points": [
        [
          2882.8275862068967,
          608.896551724138
        ],
        [
          2841.4482758620693,
          672.6896551724138
        ],
        [
          2888.0,
          729.5862068965517
        ],
        [
          3006.9655172413795,
          967.5172413793105
        ],
        [
          3017,
          977
        ],
        [
          3017,
          581
        ]
      ],
      "group_id": null,
      "shape_type": "polygon",
      "flags": {}
    }
  ],
  "imagePath": "../../NikonD5200_PNG/NikonD5200_0187.PNG",
  "imageData": null,
  "imageHeight": 2010,
  "imageWidth": 3018
}