{
  "version": "4.5.6",
  "flags": {},
  "shapes": [
    {
      "label": "umbrella",
      "points": [
        [
          887.1657754010695,
          1363.1016042780748
        ],
        [
          972.7272727272726,
          1363.1016042780748
        ],
        [
          931.5508021390374,
          1348.663101604278
        ]
      ],
      "group_id": null,
      "shape_type": "polygon",
      "flags": {}
    },
    {
      "label": "person",
      "points": [
        [
          874.331550802139,
          1387.700534759358
        ],
        [
          884.4919786096256,
          1377.0053475935829
        ],
        [
          887.1657754010695,
          1366.3101604278074
        ],
        [
          904.8128342245989,
          1365.7754010695187
        ],
        [
          904.2780748663101,
          1378.609625668449
        ],
        [
          910.1604278074866,
          1393.5828877005347
        ],
        [
          898.9304812834224,
          1391.4438502673795
        ]
      ],
      "group_id": null,
      "shape_type": "polygon",
      "flags": {}
    },
    {
      "label": "person",
      "points": [
        [
          935.8288770053475,
          1396.7914438502673
        ],
        [
          952.9411764705882,
          1396.2566844919786
        ],
        [
          950.8021390374331,
          1383.422459893048
        ],
        [
          945.4545454545454,
          1371.1229946524063
        ],
        [
          932.6203208556149,
          1375.9358288770052
        ]
      ],
      "group_id": null,
      "shape_type": "polygon",
      "flags": {}
    },
    {
      "label": "car",
      "points": [
        [
          982.3529411764705,
          1400.0
        ],
        [
          1036.898395721925,
          1401.6042780748662
        ],
        [
          1015.5080213903743,
          1388.7700534759358
        ]
      ],
      "group_id": null,
      "shape_type": "polygon",
      "flags": {}
    },
    {
      "label": "car",
      "points": [
        [
          1387.700534759358,
          1393.5828877005347
        ],
        [
          1506.9518716577538,
          1400.0
        ],
        [
          1493.5828877005347,
          1390.374331550802
        ],
        [
          1397.326203208556,
          1385.5614973262032
        ],
        [
          1385.5614973262032,
          1387.1657754010694
        ]
      ],
      "group_id": null,
      "shape_type": "polygon",
      "flags": {}
    },
    {
      "label": "truck",
      "points": [
        [
          1580.7486631016043,
          1400.0
        ],
        [
          1712.2994652406417,
          1397.8609625668448
        ],
        [
          1702.6737967914437,
          1374.331550802139
        ],
        [
          1607.4866310160428,
          1373.2620320855615
        ],
        [
          1588.235294117647,
          1375.4010695187164
        ]
      ],
      "group_id": null,
      "shape_type": "polygon",
      "flags": {}
    },
    {
      "label": "car",
      "points": [
        [
          1873.7967914438502,
          1398.3957219251336
        ],
        [
          1971.657754010695,
          1393.048128342246
        ],
        [
          1952.4064171122993,
          1383.9572192513367
        ],
        [
          1882.3529411764705,
          1375.4010695187164
        ],
        [
          1873.2620320855615,
          1388.235294117647
        ]
      ],
      "group_id": null,
      "shape_type": "polygon",
      "flags": {}
    },
    {
      "label": "truck",
      "points": [
        [
          2762.809917355372,
          1351.2396694214876
        ],
        [
          2757.0247933884298,
          1365.2892561983472
        ],
        [
          2755.785123966942,
          1383.8842975206612
        ],
        [
          2902.4793388429753,
          1381.8181818181818
        ],
        [
          2901.2396694214876,
          1338.01652892562
        ],
        [
          2834.2975206611573,
          1335.5371900826447
        ],
        [
          2807.0247933884298,
          1339.6694214876034
        ],
        [
          2774.380165289256,
          1343.801652892562
        ],
        [
          2762.3966942148763,
          1346.6942148760331
        ]
      ],
      "group_id": null,
      "shape_type": "polygon",
      "flags": {}
    }
  ],
  "imagePath": "../../NikonD5200_PNG/NikonD5200_0193.PNG",
  "imageData": null,
  "imageHeight": 2010,
  "imageWidth": 3018
}