{
  "version": "4.5.6",
  "flags": {},
  "shapes": [
    {
      "label": "chair",
      "points": [
        [
          1.793103448275863,
          586.4827586206897
        ],
        [
          586.2758620689656,
          589.9310344827587
        ],
        [
          738.0,
          603.7241379310345
        ],
        [
          743.1724137931035,
          645.1034482758621
        ],
        [
          681.1034482758621,
          753.7241379310345
        ],
        [
          634.551724137931,
          995.1034482758621
        ],
        [
          593.1724137931035,
          1027.8620689655172
        ],
        [
          538.0,
          1320.9655172413793
        ],
        [
          577.6551724137931,
          1529.5862068965519
        ],
        [
          731,
          2009
        ],
        [
          8,
          2009
        ],
        [
          0,
          1143
        ],
        [
          0,
          584
        ]
      ],
      "group_id": null,
      "shape_type": "polygon",
      "flags": {}
    },
    {
      "label": "chair",
      "points": [
        [
          751.7931034482759,
          729.5862068965517
        ],
        [
          913.8620689655173,
          1331.3103448275863
        ],
        [
          919.0344827586207,
          1443.3793103448277
        ],
        [
          873,
          2009
        ],
        [
          2155.241379310345,
          2005.4482758620693
        ],
        [
          2112.137931034483,
          1439.9310344827588
        ],
        [
          2110.4137931034484,
          1303.7241379310346
        ],
        [
          2258.689655172414,
          750.2758620689656
        ],
        [
          2165.586206896552,
          629.5862068965517
        ],
        [
          1570.7586206896553,
          591.6551724137931
        ],
        [
          1039.7241379310346,
          602.0
        ],
        [
          927.6551724137931,
          610.6206896551724
        ]
      ],
      "group_id": null,
      "shape_type": "polygon",
      "flags": {}
    },
    {
      "label": "chair",
      "points": [
        [
          2320.7586206896553,
          620.9655172413793
        ],
        [
          2320.7586206896553,
          672.6896551724138
        ],
        [
          2362.137931034483,
          733.0344827586207
        ],
        [
          2401.793103448276,
          995.1034482758621
        ],
        [
          2463.862068965517,
          1024.4137931034484
        ],
        [
          2513.862068965517,
          1339.9310344827586
        ],
        [
          2498.344827586207,
          1352.0
        ],
        [
          2491.4482758620693,
          1489.9310344827588
        ],
        [
          2327,
          2009
        ],
        [
          2422,
          2009
        ],
        [
          2441.4482758620693,
          1952.0000000000002
        ],
        [
          2603.5172413793107,
          1969.2413793103449
        ],
        [
          2604,
          2009
        ],
        [
          2694,
          2009
        ],
        [
          2705.241379310345,
          1988.2068965517242
        ],
        [
          2777.6551724137935,
          1995.1034482758623
        ],
        [
          2778,
          2009
        ],
        [
          3010,
          2009
        ],
        [
          3017,
          2009
        ],
        [
          3017,
          583
        ],
        [
          2667.3103448275865,
          577.8620689655173
        ],
        [
          2393.1724137931037,
          593.3793103448277
        ]
      ],
      "group_id": null,
      "shape_type": "polygon",
      "flags": {}
    }
  ],
  "imagePath": "../../NikonD5200_PNG/NikonD5200_0092.PNG",
  "imageData": null,
  "imageHeight": 2010,
  "imageWidth": 3018
}