{
  "version": "4.5.6",
  "flags": {},
  "shapes": [
    {
      "label": "bed",
      "points": [
        [
          272.48275862068965,
          660.6206896551724
        ],
        [
          236.27586206896552,
          762.344827586207
        ],
        [
          277.65517241379314,
          917.5172413793105
        ],
        [
          88.0,
          1067.5172413793105
        ],
        [
          0,
          1177
        ],
        [
          0,
          2009
        ],
        [
          3012,
          2009
        ],
        [
          3017,
          1649
        ],
        [
          3017,
          1122
        ],
        [
          2920.7586206896553,
          1014.0689655172414
        ],
        [
          2791.4482758620693,
          1008.8965517241379
        ],
        [
          2667.3103448275865,
          848.551724137931
        ],
        [
          2672.4827586206898,
          712.344827586207
        ],
        [
          2608.689655172414,
          653.7241379310345
        ],
        [
          2644.896551724138,
          358.89655172413796
        ],
        [
          2539.724137931035,
          403.72413793103453
        ],
        [
          2032.8275862068967,
          402.00000000000006
        ],
        [
          1758.689655172414,
          383.0344827586207
        ],
        [
          1632.8275862068967,
          386.4827586206897
        ],
        [
          1627.6551724137933,
          557.1724137931035
        ],
        [
          1482.8275862068967,
          577.8620689655173
        ],
        [
          1450.0689655172414,
          607.1724137931035
        ],
        [
          1396.6206896551726,
          576.1379310344828
        ],
        [
          1374.2068965517242,
          514.0689655172414
        ],
        [
          1272.4827586206898,
          527.8620689655173
        ],
        [
          1169.0344827586207,
          70.96551724137932
        ],
        [
          1127.6551724137933,
          46.827586206896555
        ],
        [
          929.3793103448277,
          139.93103448275863
        ],
        [
          727.6551724137931,
          167.51724137931035
        ],
        [
          627.6551724137931,
          176.13793103448276
        ],
        [
          686.2758620689656,
          358.89655172413796
        ],
        [
          605.2413793103449,
          395.1034482758621
        ],
        [
          586.2758620689656,
          507.1724137931035
        ],
        [
          510.41379310344826,
          546.8275862068966
        ],
        [
          358.68965517241384,
          555.448275862069
        ],
        [
          325.93103448275866,
          598.551724137931
        ]
      ],
      "group_id": null,
      "shape_type": "polygon",
      "flags": {}
    },
    {
      "label": "book",
      "points": [
        [
          2791.4482758620693,
          652.0
        ],
        [
          2879.379310344828,
          726.1379310344828
        ],
        [
          3017,
          724
        ],
        [
          3008.689655172414,
          688.2068965517242
        ],
        [
          2886.2758620689656,
          674.4137931034484
        ],
        [
          2820.7586206896553,
          622.6896551724138
        ]
      ],
      "group_id": null,
      "shape_type": "polygon",
      "flags": {}
    },
    {
      "label": "book",
      "points": [
        [
          2670.7586206896553,
          567.5172413793103
        ],
        [
          2686.2758620689656,
          512.344827586207
        ],
        [
          2796.6206896551726,
          600.2758620689656
        ],
        [
          2791.4482758620693,
          646.8275862068966
        ]
      ],
      "group_id": null,
      "shape_type": "polygon",
      "flags": {}
    },
    {
      "label": "book",
      "points": [
        [
          2694.896551724138,
          522.6896551724138
        ],
        [
          2691.4482758620693,
          489.9310344827586
        ],
        [
          2810.4137931034484,
          560.6206896551724
        ],
        [
          2846.6206896551726,
          562.344827586207
        ],
        [
          2796.6206896551726,
          586.4827586206897
        ]
      ],
      "group_id": null,
      "shape_type": "polygon",
      "flags": {}
    },
    {
      "label": "book",
      "points": [
        [
          2827.6551724137935,
          626.1379310344828
        ],
        [
          2836.2758620689656,
          572.6896551724138
        ],
        [
          2863.8620689655177,
          576.1379310344828
        ],
        [
          2938.0,
          624.4137931034484
        ],
        [
          3017,
          634
        ],
        [
          3017,
          689
        ],
        [
          2877.6551724137935,
          672.6896551724138
        ]
      ],
      "group_id": null,
      "shape_type": "polygon",
      "flags": {}
    },
    {
      "label": "book",
      "points": [
        [
          2860.4137931034484,
          574.4137931034484
        ],
        [
          2858.689655172414,
          526.1379310344828
        ],
        [
          3008.689655172414,
          515.7931034482759
        ],
        [
          3017,
          559
        ],
        [
          3017,
          620
        ],
        [
          2936.2758620689656,
          622.6896551724138
        ]
      ],
      "group_id": null,
      "shape_type": "polygon",
      "flags": {}
    },
    {
      "label": "book",
      "points": [
        [
          2905.241379310345,
          302.0
        ],
        [
          2898.344827586207,
          367.51724137931035
        ],
        [
          3013.8620689655177,
          500.2758620689656
        ],
        [
          3012.137931034483,
          305.448275862069
        ],
        [
          2962.137931034483,
          284.7586206896552
        ]
      ],
      "group_id": null,
      "shape_type": "polygon",
      "flags": {}
    }
  ],
  "imagePath": "../../NikonD5200_PNG/NikonD5200_0049.PNG",
  "imageData": null,
  "imageHeight": 2010,
  "imageWidth": 3018
}