{
  "version": "4.5.6",
  "flags": {},
  "shapes": [
    {
      "label": "boat",
      "points": [
        [
          1028.4321217769493,
          1054.81780055918
        ],
        [
          1117.4321217769493,
          1054.31780055918
        ],
        [
          1155.8558558558557,
          1054.954954954955
        ],
        [
          1190.990990990991,
          1057.6576576576576
        ],
        [
          1195.4954954954953,
          1054.954954954955
        ],
        [
          1179.279279279279,
          1045.0450450450448
        ],
        [
          1108.108108108108,
          1038.7387387387387
        ],
        [
          1027.9321217769493,
          1047.81780055918
        ]
      ],
      "group_id": null,
      "shape_type": "polygon",
      "flags": {}
    },
    {
      "label": "boat",
      "points": [
        [
          1145.0450450450448,
          1036.036036036036
        ],
        [
          1170.2702702702702,
          1034.2342342342342
        ],
        [
          1216.216216216216,
          1040.5405405405404
        ],
        [
          1272.972972972973,
          1050.4504504504503
        ],
        [
          1271.171171171171,
          1050.4504504504503
        ],
        [
          1218.9189189189187,
          1049.5495495495495
        ],
        [
          1181.7931034482758,
          1052.5344827586207
        ],
        [
          1126.7931034482758,
          1035.5344827586207
        ]
      ],
      "group_id": null,
      "shape_type": "polygon",
      "flags": {}
    },
    {
      "label": "boat",
      "points": [
        [
          1907.2072072072071,
          1053.153153153153
        ],
        [
          1985.5855855855855,
          1056.7567567567567
        ],
        [
          2016.216216216216,
          1051.3513513513512
        ],
        [
          1990.990990990991,
          1044.144144144144
        ],
        [
          1899.9999999999998,
          1043.2432432432431
        ]
      ],
      "group_id": null,
      "shape_type": "polygon",
      "flags": {}
    },
    {
      "label": "boat",
      "points": [
        [
          2131.5315315315315,
          1048.6486486486485
        ],
        [
          2164.8648648648646,
          1042.3423423423424
        ],
        [
          2155.8558558558557,
          1037.8378378378377
        ],
        [
          2117.117117117117,
          1039.6396396396397
        ]
      ],
      "group_id": null,
      "shape_type": "polygon",
      "flags": {}
    }
  ],
  "imagePath": "../../NikonD5200_PNG/NikonD5200_0018.PNG",
  "imageData": null,
  "imageHeight": 2010,
  "imageWidth": 3018
}