{
  "version": "4.5.6",
  "flags": {},
  "shapes": [
    {
      "label": "bench",
      "points": [
        [
          104.0,
          1279.5
        ],
        [
          134.0,
          1449.5
        ],
        [
          149.0,
          1832.0
        ],
        [
          244.0,
          1999.5
        ],
        [
          286.5,
          2184.5
        ],
        [
          361.5,
          2162.0
        ],
        [
          491.5,
          2477.0
        ],
        [
          571.5,
          2454.5
        ],
        [
          569.0,
          2409.5
        ],
        [
          499.0,
          2254.5
        ],
        [
          491.5,
          2134.5
        ],
        [
          1479.0,
          1919.5
        ],
        [
          1471.5,
          2077.0
        ],
        [
          1609.0,
          2194.5
        ],
        [
          1666.5,
          2174.5
        ],
        [
          1554.0,
          2059.5
        ],
        [
          1556.5,
          1899.5
        ],
        [
          1874.0,
          1834.5
        ],
        [
          1849.0,
          1717.0
        ],
        [
          1781.5,
          1667.0
        ],
        [
          1609.0,
          1454.5
        ],
        [
          1594.0,
          1374.5
        ],
        [
          1499.0,
          1177.0
        ],
        [
          951.5,
          1177.0
        ]
      ],
      "group_id": null,
      "shape_type": "polygon",
      "flags": {}
    },
    {
      "label": "person",
      "points": [
        [
          1179.0,
          587.0
        ],
        [
          1144.0,
          704.5
        ],
        [
          1206.5,
          804.5
        ],
        [
          1246.5,
          842.0
        ],
        [
          1039.0,
          912.0
        ],
        [
          866.5,
          1019.5
        ],
        [
          664.0,
          1084.5
        ],
        [
          506.5,
          1124.5
        ],
        [
          436.5,
          1139.5
        ],
        [
          291.5,
          1147.0
        ],
        [
          184.0,
          1202.0
        ],
        [
          234.0,
          1252.0
        ],
        [
          504.0,
          1229.5
        ],
        [
          534.0,
          1284.5
        ],
        [
          944.0,
          1197.0
        ],
        [
          1014.0,
          1162.0
        ],
        [
          1056.5,
          1307.0
        ],
        [
          1019.0,
          1579.5
        ],
        [
          989.0,
          1662.0
        ],
        [
          1006.5,
          1759.5
        ],
        [
          1094.0,
          1804.5
        ],
        [
          1271.5,
          1909.5
        ],
        [
          1296.5,
          1972.0
        ],
        [
          1281.5,
          2317.0
        ],
        [
          1286.5,
          2364.5
        ],
        [
          1336.5,
          2432.0
        ],
        [
          1429.0,
          2579.5
        ],
        [
          1576.5,
          2599.5
        ],
        [
          1629.0,
          2529.5
        ],
        [
          1619.0,
          2414.5
        ],
        [
          1491.5,
          2379.5
        ],
        [
          1414.0,
          2167.0
        ],
        [
          1466.5,
          1977.0
        ],
        [
          1576.5,
          1884.5
        ],
        [
          1574.0,
          1754.5
        ],
        [
          1656.5,
          1737.0
        ],
        [
          1916.5,
          1552.0
        ],
        [
          1919.0,
          1414.5
        ],
        [
          1864.0,
          1367.0
        ],
        [
          1781.5,
          1387.0
        ],
        [
          1739.0,
          1329.5
        ],
        [
          1669.0,
          1049.5
        ],
        [
          1604.0,
          942.0
        ],
        [
          1489.0,
          897.0
        ],
        [
          1401.5,
          852.0
        ],
        [
          1471.5,
          789.5
        ],
        [
          1506.5,
          639.5
        ],
        [
          1459.0,
          527.0
        ],
        [
          1304.0,
          482.0
        ],
        [
          1184.0,
          527.0
        ]
      ],
      "group_id": null,
      "shape_type": "polygon",
      "flags": {}
    },
    {
      "label": "person",
      "points": [
        [
          1101.5,
          707.0
        ],
        [
          1146.5,
          709.5
        ],
        [
          1184.0,
          592.0
        ],
        [
          1194.0,
          494.5
        ],
        [
          1179.0,
          474.5
        ],
        [
          1146.5,
          489.5
        ],
        [
          1121.5,
          532.0
        ],
        [
          1096.5,
          592.0
        ]
      ],
      "group_id": null,
      "shape_type": "polygon",
      "flags": {}
    },
    {
      "label": "potted plant",
      "points": [
        [
          171.5,
          1694.5
        ],
        [
          104.0,
          1282.0
        ],
        [
          239.0,
          1262.0
        ],
        [
          179.0,
          1202.0
        ],
        [
          281.5,
          1139.5
        ],
        [
          511.5,
          1119.5
        ],
        [
          869.0,
          1017.0
        ],
        [
          1054.0,
          904.5
        ],
        [
          1179.0,
          859.5
        ],
        [
          1114.0,
          764.5
        ],
        [
          1021.5,
          704.5
        ],
        [
          1069.0,
          652.0
        ],
        [
          1076.5,
          597.0
        ],
        [
          1016.5,
          537.0
        ],
        [
          1059.0,
          489.5
        ],
        [
          1119.0,
          387.0
        ],
        [
          1011.5,
          404.5
        ],
        [
          961.5,
          447.0
        ],
        [
          889.0,
          429.5
        ],
        [
          936.5,
          349.5
        ],
        [
          889.0,
          249.5
        ],
        [
          1066.5,
          199.5
        ],
        [
          1131.5,
          139.5
        ],
        [
          1054.0,
          49.5
        ],
        [
          971.5,
          42.0
        ],
        [
          971,
          0
        ],
        [
          4,
          0
        ],
        [
          4.0,
          1724.5
        ]
      ],
      "group_id": null,
      "shape_type": "polygon",
      "flags": {}
    },
    {
      "label": "dining table",
      "points": [
        [
          1466.5,
          819.5
        ],
        [
          1474.0,
          852.0
        ],
        [
          1661.5,
          874.5
        ],
        [
          1654.0,
          1032.0
        ],
        [
          1679.0,
          1079.5
        ],
        [
          1691.5,
          879.5
        ],
        [
          1834.0,
          879.5
        ],
        [
          1879.0,
          859.5
        ],
        [
          1824.0,
          819.5
        ],
        [
          1679.0,
          804.5
        ],
        [
          1534.0,
          807.0
        ]
      ],
      "group_id": null,
      "shape_type": "polygon",
      "flags": {}
    },
    {
      "label": "person",
      "points": [
        [
          1466.5,
          812.0
        ],
        [
          1604.0,
          799.5
        ],
        [
          1611.5,
          734.5
        ],
        [
          1639.0,
          719.5
        ],
        [
          1631.5,
          657.0
        ],
        [
          1634.0,
          594.5
        ],
        [
          1659.0,
          579.5
        ],
        [
          1661.5,
          514.5
        ],
        [
          1631.5,
          497.0
        ],
        [
          1541.5,
          592.0
        ],
        [
          1509.0,
          644.5
        ]
      ],
      "group_id": null,
      "shape_type": "polygon",
      "flags": {}
    },
    {
      "label": "handbag",
      "points": [
        [
          1506.5,
          814.5
        ],
        [
          1501.5,
          747.0
        ],
        [
          1494.0,
          727.0
        ],
        [
          1586.5,
          704.5
        ],
        [
          1594.0,
          752.0
        ],
        [
          1594.0,
          807.0
        ]
      ],
      "group_id": null,
      "shape_type": "polygon",
      "flags": {}
    },
    {
      "label": "person",
      "points": [
        [
          1769.0,
          529.5
        ],
        [
          1771.5,
          574.5
        ],
        [
          1806.5,
          619.5
        ],
        [
          1804.0,
          734.5
        ],
        [
          1899.0,
          719.5
        ],
        [
          1959.0,
          652.0
        ],
        [
          1944.0,
          567.0
        ],
        [
          1864.0,
          547.0
        ],
        [
          1819.0,
          494.5
        ]
      ],
      "group_id": null,
      "shape_type": "polygon",
      "flags": {}
    },
    {
      "label": "person",
      "points": [
        [
          1804.0,
          1029.5
        ],
        [
          1814.0,
          912.0
        ],
        [
          1879.0,
          854.5
        ],
        [
          1881.5,
          744.5
        ],
        [
          1939.0,
          667.0
        ],
        [
          2001.5,
          679.5
        ],
        [
          2004.0,
          1012.0
        ],
        [
          1841.5,
          984.5
        ]
      ],
      "group_id": null,
      "shape_type": "polygon",
      "flags": {}
    },
    {
      "label": "chair",
      "points": [
        [
          1839.0,
          977.0
        ],
        [
          1856.5,
          1247.0
        ],
        [
          1851.5,
          1372.0
        ],
        [
          1879.0,
          1309.5
        ],
        [
          2009,
          1338
        ],
        [
          2006.5,
          1009.5
        ]
      ],
      "group_id": null,
      "shape_type": "polygon",
      "flags": {}
    },
    {
      "label": "dining table",
      "points": [
        [
          1704.0,
          739.5
        ],
        [
          1829.0,
          772.0
        ],
        [
          1879.0,
          747.0
        ],
        [
          1791.5,
          709.5
        ],
        [
          1709.0,
          702.0
        ]
      ],
      "group_id": null,
      "shape_type": "polygon",
      "flags": {}
    },
    {
      "label": "car",
      "points": [
        [
          1731.5,
          432.0
        ],
        [
          1771.5,
          427.0
        ],
        [
          1791.5,
          469.5
        ],
        [
          1814.0,
          474.5
        ],
        [
          1816.5,
          487.0
        ],
        [
          1766.5,
          532.0
        ],
        [
          1729.0,
          529.5
        ]
      ],
      "group_id": null,
      "shape_type": "polygon",
      "flags": {}
    },
    {
      "label": "person",
      "points": [
        [
          1254.0,
          507.0
        ],
        [
          1259.0,
          454.5
        ],
        [
          1289.0,
          444.5
        ],
        [
          1324.0,
          459.5
        ],
        [
          1319.0,
          474.5
        ]
      ],
      "group_id": null,
      "shape_type": "polygon",
      "flags": {}
    }
  ],
  "imagePath": "../../NikonD5200_PNG/NikonD5200_0039.PNG",
  "imageData": null,
  "imageHeight": 3018,
  "imageWidth": 2010
}