{
  "version": "4.5.6",
  "flags": {},
  "shapes": [
    {
      "label": "person",
      "points": [
        [
          222.8,
          857.7
        ],
        [
          220.0,
          859.7
        ],
        [
          221.4,
          864.0
        ],
        [
          224.6,
          866.2
        ],
        [
          221.9,
          870.4
        ],
        [
          220.1,
          874.0
        ],
        [
          214.3,
          874.7
        ],
        [
          209.1,
          876.5
        ],
        [
          195.8,
          879.2
        ],
        [
          190.4,
          875.9
        ],
        [
          190.7,
          878.8
        ],
        [
          189.5,
          880.3
        ],
        [
          193.3,
          882.7
        ],
        [
          224.2,
          883.8
        ],
        [
          228.4,
          879.4
        ],
        [
          227.9,
          866.3
        ],
        [
          226.6,
          862.1
        ],
        [
          227.8,
          858.3
        ]
      ],
      "group_id": null,
      "shape_type": "polygon",
      "flags": {}
    }
  ],
  "imagePath": "../../FujifilmXM1_PNG/FujifilmXM1_0026.PNG",
  "imageData": null,
  "imageHeight": 1650,
  "imageWidth": 1094
}