{
  "version": "4.5.6",
  "flags": {},
  "shapes": [
    {
      "label": "chair",
      "points": [
        [
          3.3773584905660368,
          260.62264150943395
        ],
        [
          96.77358490566037,
          254.96226415094338
        ],
        [
          349.60377358490564,
          248.35849056603774
        ],
        [
          389.2264150943396,
          265.33962264150944
        ],
        [
          372.2452830188679,
          329.49056603773585
        ],
        [
          341.1132075471698,
          435.1509433962264
        ],
        [
          302.4339622641509,
          541.754716981132
        ],
        [
          285.45283018867923,
          697.4150943396226
        ],
        [
          408,
          1093
        ],
        [
          0,
          1093
        ]
      ],
      "group_id": null,
      "shape_type": "polygon",
      "flags": {}
    },
    {
      "label": "chair",
      "points": [
        [
          389.2264150943396,
          305.90566037735846
        ],
        [
          404.3207547169811,
          354.0188679245283
        ],
        [
          488.2830188679245,
          663.4528301886792
        ],
        [
          493.0,
          750.2452830188679
        ],
        [
          467,
          1093
        ],
        [
          1198,
          1093
        ],
        [
          1159.9811320754716,
          743.6415094339623
        ],
        [
          1158.0943396226414,
          686.0943396226414
        ],
        [
          1246.7735849056603,
          313.45283018867923
        ],
        [
          1216.5849056603772,
          271.9433962264151
        ],
        [
          1183.566037735849,
          257.79245283018867
        ],
        [
          674.132075471698,
          243.64150943396226
        ],
        [
          576.0188679245283,
          246.47169811320754
        ],
        [
          487.33962264150944,
          259.6792452830189
        ],
        [
          398.66037735849056,
          299.3018867924528
        ]
      ],
      "group_id": null,
      "shape_type": "polygon",
      "flags": {}
    },
    {
      "label": "chair",
      "points": [
        [
          1278.8490566037735,
          260.62264150943395
        ],
        [
          1296.7735849056603,
          294.58490566037733
        ],
        [
          1340.1698113207547,
          409.6792452830189
        ],
        [
          1331.6792452830189,
          469.1132075471698
        ],
        [
          1365.6415094339623,
          486.0943396226414
        ],
        [
          1405.264150943396,
          681.377358490566
        ],
        [
          1382.6226415094338,
          771.0
        ],
        [
          1288,
          1093
        ],
        [
          1649,
          1093
        ],
        [
          1649,
          233
        ],
        [
          1585.4528301886792,
          229.49056603773585
        ],
        [
          1451.4905660377358,
          234.20754716981133
        ],
        [
          1312.811320754717,
          239.8679245283019
        ]
      ],
      "group_id": null,
      "shape_type": "polygon",
      "flags": {}
    }
  ],
  "imagePath": "../../FujifilmXM1_PNG/FujifilmXM1_0091.PNG",
  "imageData": null,
  "imageHeight": 1094,
  "imageWidth": 1650
}