{
  "version": "4.5.6",
  "flags": {},
  "shapes": [
    {
      "label": "couch",
      "points": [
        [
          128.8490566037736,
          111.56603773584905
        ],
        [
          117.52830188679245,
          136.0943396226415
        ],
        [
          163.75471698113208,
          381.377358490566
        ],
        [
          193.0,
          428.5471698113207
        ],
        [
          294.88679245283015,
          863.4528301886792
        ],
        [
          377.90566037735846,
          952.132075471698
        ],
        [
          482.62264150943395,
          1036.0943396226414
        ],
        [
          562,
          1093
        ],
        [
          1649,
          1093
        ],
        [
          1649,
          122
        ],
        [
          1174.132075471698,
          67.22641509433961
        ],
        [
          946.7735849056603,
          51.18867924528301
        ],
        [
          730.7358490566037,
          38.924528301886795
        ],
        [
          522.2452830188679,
          41.75471698113208
        ],
        [
          315.64150943396226,
          48.35849056603773
        ],
        [
          229.79245283018867,
          61.56603773584905
        ],
        [
          187.33962264150944,
          74.77358490566037
        ],
        [
          142.0566037735849,
          98.35849056603773
        ]
      ],
      "group_id": null,
      "shape_type": "polygon",
      "flags": {}
    },
    {
      "label": "couch",
      "points": [
        [
          248.66037735849056,
          1046.4716981132076
        ],
        [
          291.1132075471698,
          921.9433962264151
        ],
        [
          293.9433962264151,
          859.6792452830189
        ],
        [
          194.88679245283018,
          431.377358490566
        ],
        [
          144.88679245283018,
          376.66037735849056
        ],
        [
          21.30188679245283,
          345.5283018867924
        ],
        [
          0,
          358
        ],
        [
          0.5471698113207539,
          570.0566037735849
        ],
        [
          0,
          635
        ],
        [
          0,
          780
        ],
        [
          4.320754716981131,
          793.6415094339623
        ],
        [
          121.30188679245282,
          1037.9811320754716
        ],
        [
          207.1509433962264,
          1062.509433962264
        ],
        [
          227.9056603773585,
          1021.0
        ]
      ],
      "group_id": null,
      "shape_type": "polygon",
      "flags": {}
    },
    {
      "label": "couch",
      "points": [
        [
          3.3773584905660368,
          170.0566037735849
        ],
        [
          49.60377358490566,
          131.37735849056602
        ],
        [
          105.26415094339622,
          92.69811320754717
        ],
        [
          126.01886792452831,
          87.0377358490566
        ],
        [
          135.45283018867923,
          98.35849056603773
        ],
        [
          119.41509433962264,
          136.0943396226415
        ],
        [
          154.32075471698113,
          316.2830188679245
        ],
        [
          136.39622641509433,
          350.2452830188679
        ],
        [
          119.41509433962264,
          362.50943396226415
        ],
        [
          12.81132075471698,
          347.4150943396226
        ],
        [
          2.433962264150942,
          357.79245283018867
        ],
        [
          0,
          357
        ]
      ],
      "group_id": null,
      "shape_type": "polygon",
      "flags": {}
    },
    {
      "label": "couch",
      "points": [
        [
          505.2641509433962,
          0.24528301886792292
        ],
        [
          507.15094339622635,
          34.20754716981132
        ],
        [
          728.8490566037735,
          33.264150943396224
        ],
        [
          1356.2075471698113,
          86.0943396226415
        ],
        [
          1649,
          120
        ],
        [
          1649,
          21
        ],
        [
          1437.3396226415093,
          11.566037735849058
        ],
        [
          1226.0188679245282,
          10.622641509433961
        ],
        [
          964.6981132075471,
          9.679245283018865
        ],
        [
          835.4528301886792,
          3.075471698113205
        ],
        [
          696,
          0
        ]
      ],
      "group_id": null,
      "shape_type": "polygon",
      "flags": {}
    },
    {
      "label": "couch",
      "points": [
        [
          268.47169811320754,
          59.67924528301886
        ],
        [
          277,
          0
        ],
        [
          507.15094339622635,
          2.132075471698112
        ],
        [
          507.15094339622635,
          38.924528301886795
        ],
        [
          317.52830188679246,
          46.47169811320754
        ]
      ],
      "group_id": null,
      "shape_type": "polygon",
      "flags": {}
    }
  ],
  "imagePath": "../../FujifilmXM1_PNG/FujifilmXM1_0119.PNG",
  "imageData": null,
  "imageHeight": 1094,
  "imageWidth": 1650
}