{
  "version": "4.5.6",
  "flags": {},
  "shapes": [
    {
      "label": "microwave",
      "points": [
        [
          1255.264150943396,
          260.62264150943395
        ],
        [
          1202.433962264151,
          266.2830188679245
        ],
        [
          1206.2075471698113,
          282.3207547169811
        ],
        [
          1165.6415094339623,
          289.8679245283019
        ],
        [
          1152.433962264151,
          334.2075471698113
        ],
        [
          1143.943396226415,
          608.7358490566038
        ],
        [
          1150.5471698113206,
          672.8867924528302
        ],
        [
          1262.811320754717,
          704.0188679245283
        ],
        [
          1282.6226415094338,
          732.3207547169811
        ],
        [
          1649,
          803
        ],
        [
          1649,
          222
        ],
        [
          1425.0754716981132,
          249.30188679245282
        ]
      ],
      "group_id": null,
      "shape_type": "polygon",
      "flags": {}
    },
    {
      "label": "cup",
      "points": [
        [
          582.622641509434,
          513.4528301886792
        ],
        [
          579.7924528301886,
          528.5471698113207
        ],
        [
          551.4905660377358,
          539.8679245283018
        ],
        [
          540.1698113207547,
          571.9433962264151
        ],
        [
          548.6603773584906,
          622.8867924528302
        ],
        [
          581.6792452830189,
          632.3207547169811
        ],
        [
          590.1698113207547,
          654.0188679245283
        ],
        [
          691.1132075471697,
          661.566037735849
        ],
        [
          689.2264150943396,
          618.1698113207547
        ],
        [
          678.8490566037735,
          580.4339622641509
        ],
        [
          690.1698113207547,
          538.9245283018868
        ],
        [
          692.0566037735849,
          514.3962264150944
        ],
        [
          642.0566037735849,
          504.0188679245283
        ]
      ],
      "group_id": null,
      "shape_type": "polygon",
      "flags": {}
    },
    {
      "label": "cup",
      "points": [
        [
          696.7735849056603,
          508.7358490566038
        ],
        [
          691.1132075471697,
          533.2641509433962
        ],
        [
          677.9056603773585,
          569.1132075471697
        ],
        [
          684.5094339622641,
          614.3962264150944
        ],
        [
          704.3207547169811,
          651.188679245283
        ],
        [
          784.5094339622641,
          651.188679245283
        ],
        [
          795.8301886792452,
          615.3396226415094
        ],
        [
          795.8301886792452,
          518.1698113207547
        ],
        [
          771.3018867924528,
          504.9622641509434
        ],
        [
          717.5283018867924,
          507.7924528301886
        ]
      ],
      "group_id": null,
      "shape_type": "polygon",
      "flags": {}
    },
    {
      "label": "cup",
      "points": [
        [
          786.3962264150942,
          508.7358490566038
        ],
        [
          814.6981132075472,
          499.3018867924528
        ],
        [
          893.9433962264151,
          508.7358490566038
        ],
        [
          889.2264150943396,
          643.6415094339623
        ],
        [
          828.8490566037735,
          641.754716981132
        ],
        [
          793.0,
          642.6981132075472
        ],
        [
          798.6603773584906,
          608.7358490566038
        ],
        [
          794.8867924528302,
          521.0
        ]
      ],
      "group_id": null,
      "shape_type": "polygon",
      "flags": {}
    },
    {
      "label": "refrigerator",
      "points": [
        [
          92.0566037735849,
          70.0566037735849
        ],
        [
          53.37735849056603,
          105.90566037735849
        ],
        [
          54.32075471698113,
          613.4528301886792
        ],
        [
          64.69811320754717,
          858.7358490566037
        ],
        [
          75.0754716981132,
          916.2830188679245
        ],
        [
          108.0943396226415,
          964.3962264150942
        ],
        [
          184.50943396226415,
          948.3584905660376
        ],
        [
          179.79245283018867,
          525.7169811320755
        ],
        [
          252.43396226415092,
          504.0188679245283
        ],
        [
          270.35849056603774,
          326.66037735849056
        ],
        [
          291.1132075471698,
          271.0
        ],
        [
          378.8490566037736,
          249.30188679245282
        ],
        [
          374.1320754716981,
          186.09433962264148
        ],
        [
          343.9433962264151,
          156.84905660377356
        ],
        [
          336.3962264150943,
          92.69811320754717
        ],
        [
          185.45283018867923,
          79.49056603773585
        ],
        [
          133.56603773584905,
          59.67924528301886
        ],
        [
          131.67924528301887,
          74.77358490566037
        ]
      ],
      "group_id": null,
      "shape_type": "polygon",
      "flags": {}
    }
  ],
  "imagePath": "../../FujifilmXM1_PNG/FujifilmXM1_0049.PNG",
  "imageData": null,
  "imageHeight": 1094,
  "imageWidth": 1650
}