{
  "version": "4.5.6",
  "flags": {},
  "shapes": [
    {
      "label": "car",
      "points": [
        [
          434.7297297297298,
          1136.4864864864865
        ],
        [
          399.5945945945946,
          1174.3243243243244
        ],
        [
          406.35135135135147,
          1204.0540540540542
        ],
        [
          380.6756756756756,
          1245.945945945946
        ],
        [
          390.1351351351352,
          1271.6216216216217
        ],
        [
          479.3243243243244,
          1270.2702702702702
        ],
        [
          477.9729729729729,
          1452.7027027027027
        ],
        [
          615.8108108108108,
          1470.2702702702702
        ],
        [
          694.1891891891892,
          1529.7297297297298
        ],
        [
          761.7567567567569,
          1537.837837837838
        ],
        [
          877.9729729729729,
          1510.8108108108108
        ],
        [
          891.4864864864865,
          1474.3243243243244
        ],
        [
          1077.972972972973,
          1460.8108108108108
        ],
        [
          1093,
          1457
        ],
        [
          1093,
          1025
        ],
        [
          907.7027027027027,
          1006.7567567567568
        ],
        [
          741.4864864864865,
          1024.3243243243244
        ],
        [
          561.7567567567567,
          1101.3513513513515
        ],
        [
          465.81081081081084,
          1114.8648648648648
        ]
      ],
      "group_id": null,
      "shape_type": "polygon",
      "flags": {}
    },
    {
      "label": "car",
      "points": [
        [
          5.0,
          1214.8648648648648
        ],
        [
          53.648648648648646,
          1221.6216216216217
        ],
        [
          90.1351351351351,
          1260.8108108108108
        ],
        [
          205.0,
          1258.1081081081081
        ],
        [
          332.0270270270271,
          1212.162162162162
        ],
        [
          329.3243243243244,
          1120.2702702702702
        ],
        [
          279.3243243243244,
          1077.027027027027
        ],
        [
          132.0270270270271,
          1045.945945945946
        ],
        [
          27.972972972973025,
          983.7837837837837
        ],
        [
          0,
          984
        ]
      ],
      "group_id": null,
      "shape_type": "polygon",
      "flags": {}
    },
    {
      "label": "car",
      "points": [
        [
          95.54054054054052,
          1021.6216216216217
        ],
        [
          99.59459459459458,
          997.2972972972973
        ],
        [
          196.89189189189187,
          986.4864864864865
        ],
        [
          271.21621621621625,
          955.4054054054054
        ],
        [
          391.48648648648646,
          943.2432432432432
        ],
        [
          490.1351351351352,
          990.5405405405405
        ],
        [
          561.7567567567567,
          1013.5135135135135
        ],
        [
          656.3513513513515,
          1028.3783783783783
        ],
        [
          667.1621621621621,
          1051.3513513513515
        ],
        [
          563.1081081081081,
          1095.945945945946
        ],
        [
          468.51351351351354,
          1105.4054054054054
        ],
        [
          427.9729729729729,
          1118.918918918919
        ],
        [
          323.91891891891896,
          1118.918918918919
        ],
        [
          280.67567567567573,
          1072.972972972973
        ],
        [
          138.78378378378375,
          1054.0540540540542
        ]
      ],
      "group_id": null,
      "shape_type": "polygon",
      "flags": {}
    },
    {
      "label": "truck",
      "points": [
        [
          5.0,
          781.081081081081
        ],
        [
          168.51351351351354,
          787.8378378378378
        ],
        [
          211.75675675675677,
          810.8108108108108
        ],
        [
          211.75675675675677,
          868.918918918919
        ],
        [
          303.64864864864865,
          877.0270270270271
        ],
        [
          342.8378378378378,
          939.1891891891892
        ],
        [
          344.18918918918916,
          947.2972972972973
        ],
        [
          273.91891891891896,
          952.7027027027027
        ],
        [
          196.89189189189187,
          985.1351351351351
        ],
        [
          102.29729729729729,
          997.2972972972973
        ],
        [
          96.89189189189187,
          1021.6216216216217
        ],
        [
          25.270270270270316,
          981.081081081081
        ],
        [
          0,
          981
        ]
      ],
      "group_id": null,
      "shape_type": "polygon",
      "flags": {}
    },
    {
      "label": "car",
      "points": [
        [
          437.4324324324325,
          960.8108108108108
        ],
        [
          480.6756756756756,
          951.3513513513514
        ],
        [
          573.918918918919,
          954.0540540540541
        ],
        [
          553.6486486486488,
          1004.0540540540541
        ],
        [
          492.8378378378379,
          995.9459459459459
        ]
      ],
      "group_id": null,
      "shape_type": "polygon",
      "flags": {}
    },
    {
      "label": "car",
      "points": [
        [
          553.6486486486488,
          1008.1081081081081
        ],
        [
          588.7837837837837,
          941.8918918918919
        ],
        [
          764.4594594594594,
          937.8378378378378
        ],
        [
          872.5675675675675,
          964.8648648648649
        ],
        [
          783.3783783783783,
          990.5405405405405
        ],
        [
          746.8918918918919,
          1018.918918918919
        ],
        [
          700.945945945946,
          1020.2702702702703
        ],
        [
          677.9729729729729,
          1048.6486486486488
        ],
        [
          653.6486486486488,
          1027.027027027027
        ]
      ],
      "group_id": null,
      "shape_type": "polygon",
      "flags": {}
    },
    {
      "label": "car",
      "points": [
        [
          745.5405405405406,
          1020.2702702702703
        ],
        [
          790.1351351351352,
          995.9459459459459
        ],
        [
          898.2432432432433,
          966.2162162162163
        ],
        [
          1052.2972972972973,
          956.7567567567568
        ],
        [
          1093,
          972
        ],
        [
          1093,
          1021
        ],
        [
          903.6486486486488,
          1005.4054054054054
        ]
      ],
      "group_id": null,
      "shape_type": "polygon",
      "flags": {}
    },
    {
      "label": "car",
      "points": [
        [
          925.2702702702702,
          964.8648648648649
        ],
        [
          957.7027027027027,
          950.0
        ],
        [
          1006.3513513513515,
          947.2972972972973
        ],
        [
          1046.8918918918919,
          955.4054054054054
        ]
      ],
      "group_id": null,
      "shape_type": "polygon",
      "flags": {}
    }
  ],
  "imagePath": "../../FujifilmXM1_PNG/FujifilmXM1_0101.PNG",
  "imageData": null,
  "imageHeight": 1650,
  "imageWidth": 1094
}