{
  "version": "4.5.6",
  "flags": {},
  "shapes": [
    {
      "label": "baseball bat",
      "points": [
        [
          59.05405405405406,
          639.1891891891892
        ],
        [
          60.40540540540542,
          686.4864864864865
        ],
        [
          105.0,
          695.9459459459459
        ],
        [
          150.94594594594594,
          668.918918918919
        ],
        [
          198.24324324324323,
          629.7297297297297
        ],
        [
          227.97297297297303,
          422.97297297297297
        ],
        [
          186.08108108108104,
          414.86486486486484
        ],
        [
          156.35135135135135,
          463.51351351351354
        ],
        [
          133.37837837837844,
          587.8378378378378
        ],
        [
          90.1351351351351,
          631.081081081081
        ]
      ],
      "group_id": null,
      "shape_type": "polygon",
      "flags": {}
    },
    {
      "label": "baseball bat",
      "points": [
        [
          272.5675675675676,
          710.8108108108108
        ],
        [
          268.51351351351354,
          600.0
        ],
        [
          242.8378378378378,
          439.1891891891892
        ],
        [
          238.78378378378375,
          377.02702702702703
        ],
        [
          276.62162162162167,
          387.83783783783787
        ],
        [
          305.0,
          598.6486486486486
        ],
        [
          315.81081081081084,
          682.4324324324324
        ],
        [
          318.51351351351354,
          735.1351351351351
        ]
      ],
      "group_id": null,
      "shape_type": "polygon",
      "flags": {}
    },
    {
      "label": "handbag",
      "points": [
        [
          536.081081081081,
          489.1891891891892
        ],
        [
          546.8918918918919,
          522.972972972973
        ],
        [
          526.6216216216217,
          570.2702702702703
        ],
        [
          529.3243243243244,
          650.0
        ],
        [
          522.5675675675675,
          678.3783783783784
        ],
        [
          533.3783783783783,
          804.0540540540541
        ],
        [
          569.8648648648648,
          794.5945945945946
        ],
        [
          544.1891891891892,
          693.2432432432432
        ],
        [
          553.6486486486488,
          656.7567567567568
        ],
        [
          788.7837837837837,
          668.918918918919
        ],
        [
          915.8108108108108,
          647.2972972972973
        ],
        [
          892.8378378378379,
          505.4054054054054
        ],
        [
          782.0270270270271,
          463.51351351351354
        ],
        [
          592.8378378378379,
          481.0810810810811
        ]
      ],
      "group_id": null,
      "shape_type": "polygon",
      "flags": {}
    }
  ],
  "imagePath": "../../FujifilmXM1_PNG/FujifilmXM1_0045.PNG",
  "imageData": null,
  "imageHeight": 1650,
  "imageWidth": 1094
}