{
  "version": "4.5.6",
  "flags": {},
  "shapes": [
    {
      "label": "car",
      "points": [
        [
          940.2826855123675,
          984.452296819788
        ],
        [
          935.3356890459364,
          1009.7173144876325
        ],
        [
          938.86925795053,
          1019.964664310954
        ],
        [
          946.2897526501766,
          1027.73851590106
        ],
        [
          951.5901060070671,
          1036.042402826855
        ],
        [
          955.3003533568905,
          1033.922261484099
        ],
        [
          958.4805653710247,
          1027.5618374558303
        ],
        [
          971.5547703180212,
          1027.9151943462898
        ],
        [
          976.148409893993,
          1033.7455830388692
        ],
        [
          983.2155477031802,
          1032.6855123674911
        ],
        [
          986.0424028268551,
          1011.660777385159
        ],
        [
          983.0388692579505,
          998.4098939929329
        ],
        [
          974.9116607773851,
          983.0388692579505
        ],
        [
          957.773851590106,
          982.6855123674911
        ]
      ],
      "group_id": null,
      "shape_type": "polygon",
      "flags": {}
    },
    {
      "label": "car",
      "points": [
        [
          937.1024734982332,
          1019.964664310954
        ],
        [
          946.9964664310954,
          1030.035335689046
        ],
        [
          946.643109540636,
          1046.643109540636
        ],
        [
          940.8127208480565,
          1056.183745583039
        ],
        [
          936.5724381625441,
          1056.183745583039
        ]
      ],
      "group_id": null,
      "shape_type": "polygon",
      "flags": {}
    },
    {
      "label": "car",
      "points": [
        [
          982.8621908127208,
          994.3462897526501
        ],
        [
          984.0989399293286,
          989.5759717314487
        ],
        [
          986.9257950530035,
          980.9187279151943
        ],
        [
          1005.8303886925795,
          978.6219081272085
        ],
        [
          1016.4310954063604,
          983.5689045936396
        ],
        [
          1021.7314487632509,
          988.339222614841
        ],
        [
          1026.3250883392227,
          991.8727915194346
        ],
        [
          1022.4381625441696,
          1001.5901060070671
        ],
        [
          1009.3639575971731,
          1002.8268551236749
        ],
        [
          986.3957597173145,
          1001.2367491166077
        ]
      ],
      "group_id": null,
      "shape_type": "polygon",
      "flags": {}
    },
    {
      "label": "car",
      "points": [
        [
          1027.3851590106008,
          989.2226148409894
        ],
        [
          1025.2650176678444,
          991.3427561837456
        ],
        [
          1026.3250883392227,
          1001.2367491166077
        ],
        [
          1037.279151943463,
          999.8233215547702
        ],
        [
          1058.6572438162543,
          998.4098939929329
        ],
        [
          1060.600706713781,
          978.4452296819787
        ],
        [
          1036.042402826855,
          978.4452296819787
        ]
      ],
      "group_id": null,
      "shape_type": "polygon",
      "flags": {}
    },
    {
      "label": "car",
      "points": [
        [
          1075.7950530035334,
          979.1519434628975
        ],
        [
          1072.4381625441695,
          981.8021201413427
        ],
        [
          1072.0848056537102,
          989.3992932862191
        ],
        [
          1081.095406360424,
          989.9293286219081
        ],
        [
          1082.8621908127209,
          979.8586572438162
        ]
      ],
      "group_id": null,
      "shape_type": "polygon",
      "flags": {}
    }
  ],
  "imagePath": "../../FujifilmXM1_PNG/FujifilmXM1_0066.PNG",
  "imageData": null,
  "imageHeight": 1650,
  "imageWidth": 1094
}