{
  "version": "4.5.6",
  "flags": {},
  "shapes": [
    {
      "label": "chair",
      "points": [
        [
          916.7420814479639,
          896.8325791855203
        ],
        [
          920.3619909502263,
          952.0361990950227
        ],
        [
          929.8642533936652,
          952.0361990950227
        ],
        [
          932.579185520362,
          938.9140271493213
        ],
        [
          985.972850678733,
          937.10407239819
        ],
        [
          985.5203619909503,
          954.2986425339367
        ],
        [
          1003.6199095022624,
          953.393665158371
        ],
        [
          1002.7149321266968,
          893.6651583710408
        ],
        [
          921.7194570135747,
          895.9276018099548
        ]
      ],
      "group_id": null,
      "shape_type": "polygon",
      "flags": {}
    }
  ],
  "imagePath": "../../FujifilmXM1_PNG/FujifilmXM1_0098.PNG",
  "imageData": null,
  "imageHeight": 1094,
  "imageWidth": 1650
}