{
  "version": "4.5.6",
  "flags": {},
  "shapes": [
    {
      "label": "umbrella",
      "points": [
        [
          796.7735849056603,
          268.1698113207547
        ],
        [
          794.8867924528302,
          333.2641509433962
        ],
        [
          813.754716981132,
          318.1698113207547
        ],
        [
          1008.0943396226414,
          353.0754716981132
        ],
        [
          1088.2830188679245,
          354.0188679245283
        ],
        [
          1090.1698113207547,
          601.188679245283
        ],
        [
          1101.4905660377358,
          598.3584905660377
        ],
        [
          1109.0377358490566,
          355.90566037735846
        ],
        [
          1243.0,
          353.0754716981132
        ],
        [
          1260.9245283018868,
          376.66037735849056
        ],
        [
          1371.3018867924527,
          359.6792452830189
        ],
        [
          1373.1886792452829,
          338.92452830188677
        ],
        [
          1391.1132075471698,
          355.90566037735846
        ],
        [
          1418.4716981132074,
          327.60377358490564
        ],
        [
          1413.754716981132,
          286.0943396226415
        ],
        [
          1280.7358490566037,
          204.01886792452828
        ],
        [
          1116.5849056603772,
          171.0
        ],
        [
          998.6603773584906,
          182.32075471698113
        ],
        [
          901.4905660377358,
          210.62264150943395
        ]
      ],
      "group_id": null,
      "shape_type": "polygon",
      "flags": {}
    },
    {
      "label": "car",
      "points": [
        [
          2.433962264150942,
          492.6981132075472
        ],
        [
          46.77358490566037,
          490.8113207547169
        ],
        [
          121.30188679245282,
          554.9622641509434
        ],
        [
          2.433962264150942,
          580.4339622641509
        ],
        [
          0,
          526
        ]
      ],
      "group_id": null,
      "shape_type": "polygon",
      "flags": {}
    },
    {
      "label": "traffic light",
      "points": [
        [
          661.8679245283018,
          445.5283018867924
        ],
        [
          673.188679245283,
          445.5283018867924
        ],
        [
          672.2452830188679,
          405.90566037735846
        ],
        [
          656.2075471698113,
          407.79245283018867
        ]
      ],
      "group_id": null,
      "shape_type": "polygon",
      "flags": {}
    },
    {
      "label": "person",
      "points": [
        [
          717.5283018867924,
          474.77358490566036
        ],
        [
          714.6981132075472,
          497.41509433962267
        ],
        [
          705.2641509433962,
          526.6603773584906
        ],
        [
          704.3207547169811,
          565.3396226415094
        ],
        [
          743.0,
          564.3962264150944
        ],
        [
          743.0,
          522.8867924528302
        ],
        [
          755.2641509433962,
          492.6981132075472
        ],
        [
          751.4905660377358,
          470.05660377358487
        ],
        [
          735.4528301886792,
          467.2264150943396
        ]
      ],
      "group_id": null,
      "shape_type": "polygon",
      "flags": {}
    },
    {
      "label": "person",
      "points": [
        [
          1345.830188679245,
          471.0
        ],
        [
          1336.3962264150944,
          503.07547169811323
        ],
        [
          1326.0188679245282,
          549.3018867924528
        ],
        [
          1343.943396226415,
          614.3962264150944
        ],
        [
          1359.0377358490566,
          663.4528301886792
        ],
        [
          1355.264150943396,
          750.2452830188679
        ],
        [
          1387.3396226415093,
          747.4150943396226
        ],
        [
          1391.1132075471698,
          736.0943396226414
        ],
        [
          1378.8490566037735,
          668.1698113207547
        ],
        [
          1390.1698113207547,
          610.622641509434
        ],
        [
          1397.7169811320755,
          562.5094339622641
        ],
        [
          1398.6603773584905,
          528.5471698113207
        ],
        [
          1377.9056603773583,
          494.58490566037733
        ],
        [
          1376.9622641509434,
          465.33962264150944
        ],
        [
          1358.0943396226414,
          457.79245283018867
        ]
      ],
      "group_id": null,
      "shape_type": "polygon",
      "flags": {}
    },
    {
      "label": "person",
      "points": [
        [
          843.0,
          487.9811320754717
        ],
        [
          825.0754716981131,
          525.7169811320755
        ],
        [
          815.6415094339623,
          573.8301886792452
        ],
        [
          837.3396226415094,
          592.6981132075472
        ],
        [
          896.7735849056603,
          560.622641509434
        ],
        [
          883.566037735849,
          526.6603773584906
        ],
        [
          887.3396226415094,
          483.2641509433962
        ],
        [
          869.4150943396226,
          465.33962264150944
        ],
        [
          852.4339622641509,
          466.2830188679245
        ]
      ],
      "group_id": null,
      "shape_type": "polygon",
      "flags": {}
    },
    {
      "label": "person",
      "points": [
        [
          1007.1509433962264,
          467.2264150943396
        ],
        [
          1004.3207547169811,
          493.64150943396226
        ],
        [
          990.1698113207547,
          524.7735849056603
        ],
        [
          1025.0754716981132,
          539.8679245283018
        ],
        [
          1037.3396226415093,
          528.5471698113207
        ],
        [
          1029.7924528301887,
          500.2452830188679
        ],
        [
          1041.1132075471698,
          471.9433962264151
        ],
        [
          1033.566037735849,
          456.84905660377353
        ],
        [
          1014.6981132075471,
          457.79245283018867
        ]
      ],
      "group_id": null,
      "shape_type": "polygon",
      "flags": {}
    },
    {
      "label": "person",
      "points": [
        [
          1294.8867924528302,
          471.9433962264151
        ],
        [
          1294.8867924528302,
          491.7547169811321
        ],
        [
          1280.7358490566037,
          520.0566037735849
        ],
        [
          1281.6792452830189,
          585.1509433962264
        ],
        [
          1267.5283018867924,
          636.0943396226414
        ],
        [
          1291.1132075471698,
          649.3018867924528
        ],
        [
          1288.2830188679245,
          742.6981132075472
        ],
        [
          1303.377358490566,
          739.8679245283018
        ],
        [
          1309.9811320754716,
          662.5094339622641
        ],
        [
          1315.6415094339623,
          674.7735849056603
        ],
        [
          1313.754716981132,
          745.5283018867924
        ],
        [
          1330.7358490566037,
          743.6415094339623
        ],
        [
          1339.2264150943395,
          631.377358490566
        ],
        [
          1326.9622641509434,
          543.6415094339623
        ],
        [
          1333.566037735849,
          502.13207547169804
        ],
        [
          1326.9622641509434,
          464.3962264150943
        ],
        [
          1312.811320754717,
          460.62264150943395
        ]
      ],
      "group_id": null,
      "shape_type": "polygon",
      "flags": {}
    },
    {
      "label": "handbag",
      "points": [
        [
          1535.4528301886792,
          572.8867924528302
        ],
        [
          1533.566037735849,
          637.0377358490566
        ],
        [
          1570.3584905660377,
          629.4905660377358
        ],
        [
          1564.698113207547,
          566.2830188679245
        ]
      ],
      "group_id": null,
      "shape_type": "polygon",
      "flags": {}
    },
    {
      "label": "person",
      "points": [
        [
          1517.5283018867924,
          475.71698113207543
        ],
        [
          1510.9245283018868,
          494.58490566037733
        ],
        [
          1526.0188679245282,
          506.84905660377353
        ],
        [
          1516.5849056603772,
          513.4528301886792
        ],
        [
          1516.5849056603772,
          537.9811320754717
        ],
        [
          1503.377358490566,
          543.6415094339623
        ],
        [
          1505.264150943396,
          558.7358490566038
        ],
        [
          1521.3018867924527,
          571.0
        ],
        [
          1509.9811320754716,
          624.7735849056603
        ],
        [
          1510.9245283018868,
          658.7358490566037
        ],
        [
          1499.6037735849056,
          694.5849056603773
        ],
        [
          1504.3207547169811,
          724.7735849056603
        ],
        [
          1489.2264150943395,
          751.188679245283
        ],
        [
          1509.9811320754716,
          749.3018867924528
        ],
        [
          1517.5283018867924,
          713.4528301886792
        ],
        [
          1518.4716981132074,
          681.377358490566
        ],
        [
          1539.2264150943395,
          640.8113207547169
        ],
        [
          1552.433962264151,
          670.0566037735849
        ],
        [
          1561.8679245283017,
          727.6037735849056
        ],
        [
          1555.264150943396,
          753.0754716981131
        ],
        [
          1581.6792452830189,
          747.4150943396226
        ],
        [
          1576.9622641509434,
          712.5094339622641
        ],
        [
          1575.0754716981132,
          637.0377358490566
        ],
        [
          1581.6792452830189,
          588.9245283018868
        ],
        [
          1594.8867924528302,
          560.622641509434
        ],
        [
          1593.943396226415,
          522.8867924528302
        ],
        [
          1570.3584905660377,
          496.4716981132075
        ],
        [
          1560.9245283018868,
          490.8113207547169
        ],
        [
          1552.433962264151,
          465.33962264150944
        ],
        [
          1531.6792452830189,
          456.84905660377353
        ]
      ],
      "group_id": null,
      "shape_type": "polygon",
      "flags": {}
    },
    {
      "label": "motorcycle",
      "points": [
        [
          765.1315789473684,
          658.5526315789474
        ],
        [
          829.6052631578947,
          690.1315789473684
        ],
        [
          840.1315789473684,
          770.3947368421052
        ],
        [
          821.0526315789474,
          773.6842105263157
        ],
        [
          836.8421052631579,
          918.421052631579
        ],
        [
          794.078947368421,
          918.421052631579
        ],
        [
          761.1842105263158,
          880.921052631579
        ],
        [
          749.3421052631579,
          841.4473684210526
        ],
        [
          757.8947368421052,
          782.8947368421052
        ],
        [
          768.421052631579,
          757.8947368421052
        ],
        [
          811.1842105263157,
          742.1052631578947
        ],
        [
          800.0,
          721.0526315789474
        ],
        [
          768.421052631579,
          715.7894736842105
        ],
        [
          765.1315789473684,
          690.7894736842105
        ],
        [
          784.8684210526316,
          684.2105263157895
        ]
      ],
      "group_id": null,
      "shape_type": "polygon",
      "flags": {}
    },
    {
      "label": "person",
      "points": [
        [
          1159.2105263157894,
          483.55263157894734
        ],
        [
          1150.657894736842,
          563.8157894736842
        ],
        [
          1141.4473684210527,
          621.7105263157895
        ],
        [
          1136.1842105263158,
          646.7105263157895
        ],
        [
          1119.078947368421,
          656.578947368421
        ],
        [
          1119.7368421052631,
          702.6315789473684
        ],
        [
          1145.3947368421052,
          706.578947368421
        ],
        [
          1153.9473684210527,
          763.1578947368421
        ],
        [
          1154.6052631578948,
          847.3684210526316
        ],
        [
          1129.6052631578948,
          895.3947368421052
        ],
        [
          1180.2631578947369,
          887.5
        ],
        [
          1193.421052631579,
          871.7105263157895
        ],
        [
          1190.7894736842104,
          825.6578947368421
        ],
        [
          1186.842105263158,
          732.8947368421052
        ],
        [
          1200.657894736842,
          678.2894736842105
        ],
        [
          1193.421052631579,
          558.5526315789474
        ],
        [
          1175.0,
          504.60526315789474
        ]
      ],
      "group_id": null,
      "shape_type": "polygon",
      "flags": {}
    },
    {
      "label": "person",
      "points": [
        [
          931.578947368421,
          475.0
        ],
        [
          926.3157894736842,
          503.2894736842105
        ],
        [
          912.5,
          523.6842105263158
        ],
        [
          903.2894736842105,
          563.8157894736842
        ],
        [
          957.8947368421052,
          521.7105263157895
        ],
        [
          960.5263157894736,
          496.7105263157895
        ],
        [
          951.9736842105264,
          477.63157894736844
        ]
      ],
      "group_id": null,
      "shape_type": "polygon",
      "flags": {}
    },
    {
      "label": "person",
      "points": [
        [
          697.3684210526316,
          446.7105263157895
        ],
        [
          693.421052631579,
          484.86842105263156
        ],
        [
          687.5,
          532.2368421052631
        ],
        [
          688.8157894736842,
          567.1052631578947
        ],
        [
          700.0,
          563.1578947368421
        ],
        [
          701.9736842105264,
          524.3421052631579
        ],
        [
          713.1578947368421,
          496.05263157894734
        ],
        [
          719.078947368421,
          470.39473684210526
        ],
        [
          715.7894736842105,
          458.55263157894734
        ],
        [
          713.1578947368421,
          437.5
        ],
        [
          701.9736842105264,
          438.1578947368421
        ]
      ],
      "group_id": null,
      "shape_type": "polygon",
      "flags": {}
    },
    {
      "label": "person",
      "points": [
        [
          1206.578947368421,
          455.92105263157896
        ],
        [
          1200.657894736842,
          463.8157894736842
        ],
        [
          1198.6842105263158,
          492.10526315789474
        ],
        [
          1198.6842105263158,
          521.7105263157895
        ],
        [
          1201.9736842105262,
          557.8947368421052
        ],
        [
          1207.8947368421052,
          561.1842105263158
        ],
        [
          1217.1052631578948,
          521.0526315789474
        ],
        [
          1221.7105263157894,
          486.84210526315786
        ],
        [
          1216.4473684210527,
          465.13157894736844
        ]
      ],
      "group_id": null,
      "shape_type": "polygon",
      "flags": {}
    },
    {
      "label": "person",
      "points": [
        [
          1240.7894736842104,
          484.2105263157895
        ],
        [
          1236.1842105263158,
          508.55263157894734
        ],
        [
          1229.6052631578948,
          539.4736842105264
        ],
        [
          1239.4736842105262,
          576.9736842105264
        ],
        [
          1238.157894736842,
          620.3947368421052
        ],
        [
          1259.2105263157894,
          621.7105263157895
        ],
        [
          1245.3947368421052,
          608.5526315789474
        ],
        [
          1252.6315789473683,
          575.0
        ],
        [
          1261.1842105263158,
          522.3684210526316
        ],
        [
          1257.2368421052631,
          504.60526315789474
        ],
        [
          1257.8947368421052,
          485.5263157894737
        ]
      ],
      "group_id": null,
      "shape_type": "polygon",
      "flags": {}
    },
    {
      "label": "handbag",
      "points": [
        [
          1243.421052631579,
          532.2368421052631
        ],
        [
          1232.2368421052631,
          554.6052631578947
        ],
        [
          1242.1052631578948,
          574.3421052631579
        ],
        [
          1269.7368421052631,
          572.3684210526316
        ],
        [
          1265.7894736842104,
          536.1842105263158
        ],
        [
          1250.657894736842,
          532.8947368421052
        ]
      ],
      "group_id": null,
      "shape_type": "polygon",
      "flags": {}
    },
    {
      "label": "person",
      "points": [
        [
          1045.3947368421052,
          473.6842105263158
        ],
        [
          1031.578947368421,
          498.0263157894737
        ],
        [
          1039.4736842105262,
          526.3157894736842
        ],
        [
          1026.3157894736842,
          543.421052631579
        ],
        [
          1019.7368421052631,
          591.4473684210526
        ],
        [
          1050.0,
          605.2631578947369
        ],
        [
          1087.5,
          597.3684210526316
        ],
        [
          1088.8157894736842,
          518.421052631579
        ],
        [
          1086.1842105263158,
          501.9736842105263
        ],
        [
          1080.2631578947369,
          471.7105263157895
        ],
        [
          1060.5263157894738,
          467.7631578947368
        ]
      ],
      "group_id": null,
      "shape_type": "polygon",
      "flags": {}
    },
    {
      "label": "person",
      "points": [
        [
          1400.0,
          511.84210526315786
        ],
        [
          1399.342105263158,
          492.10526315789474
        ],
        [
          1412.5,
          490.7894736842105
        ],
        [
          1424.342105263158,
          512.5
        ],
        [
          1423.6842105263158,
          561.8421052631579
        ],
        [
          1434.2105263157894,
          594.7368421052631
        ],
        [
          1418.421052631579,
          613.8157894736842
        ],
        [
          1409.8684210526317,
          636.1842105263158
        ],
        [
          1407.2368421052631,
          611.8421052631579
        ],
        [
          1400.657894736842,
          569.7368421052631
        ],
        [
          1398.0263157894738,
          529.6052631578947
        ]
      ],
      "group_id": null,
      "shape_type": "polygon",
      "flags": {}
    },
    {
      "label": "person",
      "points": [
        [
          1641.573033707865,
          469.6629213483146
        ],
        [
          1634.2696629213483,
          485.9550561797753
        ],
        [
          1631.4606741573034,
          515.1685393258427
        ],
        [
          1607.3033707865168,
          528.0898876404494
        ],
        [
          1589.887640449438,
          576.9662921348314
        ],
        [
          1584.2696629213483,
          591.5730337078652
        ],
        [
          1589.3258426966293,
          625.2808988764045
        ],
        [
          1585.3932584269662,
          653.9325842696629
        ],
        [
          1604.4943820224719,
          637.0786516853932
        ],
        [
          1628.6516853932585,
          670.2247191011236
        ],
        [
          1623.0337078651685,
          696.629213483146
        ],
        [
          1629.7752808988764,
          758.4269662921348
        ],
        [
          1616.2921348314605,
          788.7640449438202
        ],
        [
          1636.5168539325844,
          793.2584269662922
        ],
        [
          1641.0112359550562,
          766.2921348314607
        ],
        [
          1644.943820224719,
          695.5056179775281
        ],
        [
          1649,
          687
        ],
        [
          1648.876404494382,
          467.97752808988764
        ]
      ],
      "group_id": null,
      "shape_type": "polygon",
      "flags": {}
    }
  ],
  "imagePath": "../../FujifilmXM1_PNG/FujifilmXM1_0166.PNG",
  "imageData": null,
  "imageHeight": 1094,
  "imageWidth": 1650
}