{
  "version": "4.5.6",
  "flags": {},
  "shapes": [
    {
      "label": "bench",
      "points": [
        [
          100.94594594594594,
          587.8378378378378
        ],
        [
          80.67567567567573,
          700.0
        ],
        [
          6.351351351351354,
          728.3783783783784
        ],
        [
          14.459459459459481,
          817.5675675675676
        ],
        [
          30.675675675675734,
          814.8648648648649
        ],
        [
          32.02702702702709,
          771.6216216216217
        ],
        [
          63.10810810810813,
          785.1351351351351
        ],
        [
          77.97297297297303,
          964.8648648648649
        ],
        [
          105.0,
          960.8108108108108
        ],
        [
          80.67567567567573,
          783.7837837837837
        ],
        [
          96.89189189189187,
          751.3513513513514
        ],
        [
          261.7567567567568,
          752.7027027027027
        ],
        [
          317.1621621621622,
          778.3783783783784
        ],
        [
          317.1621621621622,
          801.3513513513514
        ],
        [
          367.1621621621622,
          786.4864864864865
        ],
        [
          387.4324324324325,
          748.6486486486486
        ],
        [
          346.8918918918919,
          654.0540540540541
        ],
        [
          340.1351351351351,
          601.3513513513514
        ]
      ],
      "group_id": null,
      "shape_type": "polygon",
      "flags": {}
    }
  ],
  "imagePath": "../../FujifilmXM1_PNG/FujifilmXM1_0058.PNG",
  "imageData": null,
  "imageHeight": 1650,
  "imageWidth": 1094
}