{
  "version": "4.5.6",
  "flags": {},
  "shapes": [
    {
      "label": "dining table",
      "points": [
        [
          122.56756756756761,
          1187.837837837838
        ],
        [
          55.0,
          1195.945945945946
        ],
        [
          50.94594594594594,
          1228.3783783783783
        ],
        [
          68.51351351351354,
          1227.027027027027
        ],
        [
          55.0,
          1647.2972972972973
        ],
        [
          164.45945945945948,
          1645.945945945946
        ],
        [
          167.1621621621622,
          1459.4594594594594
        ],
        [
          196.89189189189187,
          1460.8108108108108
        ],
        [
          194,
          1649
        ],
        [
          253,
          1649
        ],
        [
          269.8648648648649,
          1464.8648648648648
        ],
        [
          817.1621621621621,
          1474.3243243243244
        ],
        [
          823.918918918919,
          1636.4864864864865
        ],
        [
          825,
          1649
        ],
        [
          884.7297297297298,
          1644.5945945945946
        ],
        [
          887.4324324324325,
          1478.3783783783783
        ],
        [
          923.918918918919,
          1474.3243243243244
        ],
        [
          933.3783783783783,
          1644.5945945945946
        ],
        [
          1032.027027027027,
          1648.6486486486488
        ],
        [
          1027.972972972973,
          1243.2432432432433
        ],
        [
          1048.2432432432433,
          1232.4324324324325
        ],
        [
          1049.5945945945946,
          1205.4054054054054
        ],
        [
          961.7567567567569,
          1185.1351351351352
        ],
        [
          150.94594594594594,
          1178.3783783783783
        ]
      ],
      "group_id": null,
      "shape_type": "polygon",
      "flags": {}
    }
  ],
  "imagePath": "../../FujifilmXM1_PNG/FujifilmXM1_0089.PNG",
  "imageData": null,
  "imageHeight": 1650,
  "imageWidth": 1094
}