{
  "version": "4.5.6",
  "flags": {},
  "shapes": [
    {
      "label": "car",
      "points": [
        [
          167.09511568123392,
          749.6143958868894
        ],
        [
          180.97686375321337,
          747.8149100257069
        ],
        [
          201.79948586118252,
          749.8714652956298
        ],
        [
          211.05398457583547,
          755.012853470437
        ],
        [
          177.12082262210797,
          754.2416452442159
        ],
        [
          167.09511568123392,
          755.2699228791773
        ]
      ],
      "group_id": null,
      "shape_type": "polygon",
      "flags": {}
    },
    {
      "label": "person",
      "points": [
        [
          43.44473007712082,
          794.6015424164524
        ],
        [
          42.9305912596401,
          755.2699228791773
        ],
        [
          37.01799485861182,
          751.9280205655526
        ],
        [
          43.44473007712082,
          737.2750642673521
        ],
        [
          59.897172236503856,
          736.503856041131
        ],
        [
          65.55269922879177,
          745.2442159383033
        ],
        [
          65.55269922879177,
          751.1568123393316
        ],
        [
          57.840616966580974,
          755.012853470437
        ],
        [
          58.868894601542415,
          793.5732647814909
        ],
        [
          46.27249357326478,
          796.6580976863753
        ]
      ],
      "group_id": null,
      "shape_type": "polygon",
      "flags": {}
    },
    {
      "label": "car",
      "points": [
        [
          419.53727506426736,
          756.2982005141388
        ],
        [
          432.90488431876605,
          741.6452442159383
        ],
        [
          480.46272493573264,
          740.8740359897172
        ],
        [
          484.83290488431874,
          754.2416452442159
        ],
        [
          470.4370179948586,
          755.5269922879177
        ],
        [
          438.560411311054,
          756.2982005141388
        ]
      ],
      "group_id": null,
      "shape_type": "polygon",
      "flags": {}
    },
    {
      "label": "truck",
      "points": [
        [
          519.0231362467866,
          754.4987146529563
        ],
        [
          517.9948586118252,
          730.5912596401027
        ],
        [
          525.9640102827764,
          711.0539845758354
        ],
        [
          561.439588688946,
          709.5115681233933
        ],
        [
          573.7789203084833,
          708.2262210796915
        ],
        [
          586.1182519280205,
          708.4832904884319
        ],
        [
          671.9794344473007,
          706.9408740359897
        ],
        [
          688.6889460154241,
          720.5655526992288
        ],
        [
          684.8329048843187,
          747.0437017994858
        ],
        [
          680.9768637532134,
          752.4421593830334
        ],
        [
          673.2647814910025,
          752.4421593830334
        ],
        [
          668.637532133676,
          755.7840616966581
        ],
        [
          526.478149100257,
          755.7840616966581
        ]
      ],
      "group_id": null,
      "shape_type": "polygon",
      "flags": {}
    },
    {
      "label": "truck",
      "points": [
        [
          890.5335628227193,
          738.8984509466436
        ],
        [
          890.8777969018932,
          755.0774526678141
        ],
        [
          910.8433734939758,
          754.5611015490533
        ],
        [
          1003.2702237521514,
          755.4216867469879
        ],
        [
          1001.3769363166953,
          745.6110154905335
        ],
        [
          997.4182444061961,
          737.1772805507744
        ],
        [
          979.0017211703957,
          736.3166953528398
        ],
        [
          974.8709122203097,
          732.8743545611015
        ],
        [
          956.4543889845094,
          733.3907056798622
        ],
        [
          948.0206540447504,
          737.5215146299483
        ],
        [
          909.2943201376936,
          737.3493975903614
        ]
      ],
      "group_id": null,
      "shape_type": "polygon",
      "flags": {}
    },
    {
      "label": "car",
      "points": [
        [
          1187.7,
          752.6
        ],
        [
          1201.6,
          743.4
        ],
        [
          1204.1,
          741.7
        ],
        [
          1204.5,
          740.3
        ],
        [
          1209.8,
          739.9
        ],
        [
          1211.8,
          742.6
        ],
        [
          1229.8,
          741.9
        ],
        [
          1244.7,
          748.6
        ],
        [
          1250.7,
          749.4
        ],
        [
          1253.6,
          750.7
        ],
        [
          1196.6,
          753.9
        ]
      ],
      "group_id": null,
      "shape_type": "polygon",
      "flags": {}
    },
    {
      "label": "truck",
      "points": [
        [
          1382.282793867121,
          749.0630323679727
        ],
        [
          1380.9199318568994,
          726.5758091993185
        ],
        [
          1386.7120954003408,
          721.1243611584327
        ],
        [
          1437.8194207836457,
          715.5025553662691
        ],
        [
          1437.9897785349233,
          699.8296422487223
        ],
        [
          1543.6115843270868,
          697.1039182282793
        ],
        [
          1543.4412265758092,
          742.2487223168654
        ]
      ],
      "group_id": null,
      "shape_type": "polygon",
      "flags": {}
    }
  ],
  "imagePath": "../../FujifilmXM1_PNG/FujifilmXM1_0189.PNG",
  "imageData": null,
  "imageHeight": 1094,
  "imageWidth": 1650
}