{
  "version": "4.5.6",
  "flags": {},
  "shapes": [
    {
      "label": "book",
      "points": [
        [
          823.188679245283,
          606.8490566037735
        ],
        [
          826.0188679245283,
          618.1698113207547
        ],
        [
          852.4339622641509,
          646.4716981132075
        ],
        [
          976.9622641509434,
          641.754716981132
        ],
        [
          943.9433962264151,
          605.9056603773585
        ]
      ],
      "group_id": null,
      "shape_type": "polygon",
      "flags": {}
    },
    {
      "label": "book",
      "points": [
        [
          936.3962264150942,
          592.6981132075472
        ],
        [
          940.1698113207547,
          600.2452830188679
        ],
        [
          993.0,
          660.622641509434
        ],
        [
          1039.2264150943395,
          651.188679245283
        ],
        [
          1102.433962264151,
          637.9811320754717
        ],
        [
          1205.264150943396,
          650.2452830188679
        ],
        [
          1193.943396226415,
          633.2641509433962
        ],
        [
          1119.4150943396226,
          590.8113207547169
        ],
        [
          1047.7169811320755,
          591.754716981132
        ],
        [
          984.5094339622641,
          587.0377358490566
        ]
      ],
      "group_id": null,
      "shape_type": "polygon",
      "flags": {}
    },
    {
      "label": "book",
      "points": [
        [
          1126.9622641509434,
          591.754716981132
        ],
        [
          1197.7169811320755,
          632.3207547169811
        ],
        [
          1209.9811320754716,
          640.8113207547169
        ],
        [
          1251.4905660377358,
          627.6037735849056
        ],
        [
          1212.811320754717,
          603.0754716981131
        ]
      ],
      "group_id": null,
      "shape_type": "polygon",
      "flags": {}
    },
    {
      "label": "book",
      "points": [
        [
          1297.7169811320755,
          577.6037735849056
        ],
        [
          1307.1509433962262,
          608.7358490566038
        ],
        [
          1401.4905660377358,
          624.7735849056603
        ],
        [
          1455.264150943396,
          624.7735849056603
        ],
        [
          1427.9056603773583,
          588.9245283018868
        ],
        [
          1359.0377358490566,
          583.2641509433962
        ]
      ],
      "group_id": null,
      "shape_type": "polygon",
      "flags": {}
    },
    {
      "label": "book",
      "points": [
        [
          1287.3396226415093,
          578.5471698113207
        ],
        [
          1226.9622641509434,
          590.8113207547169
        ],
        [
          1273.1886792452829,
          608.7358490566038
        ],
        [
          1302.433962264151,
          599.3018867924528
        ]
      ],
      "group_id": null,
      "shape_type": "polygon",
      "flags": {}
    }
  ],
  "imagePath": "../../FujifilmXM1_PNG/FujifilmXM1_0001.PNG",
  "imageData": null,
  "imageHeight": 1094,
  "imageWidth": 1650
}