{
  "version": "4.5.6",
  "flags": {},
  "shapes": [
    {
      "label": "cup",
      "points": [
        [
          167.66467065868264,
          626.9461077844312
        ],
        [
          170.65868263473055,
          638.9221556886228
        ],
        [
          183.83233532934133,
          676.0479041916168
        ],
        [
          213.77245508982037,
          673.6526946107784
        ],
        [
          217.36526946107784,
          646.1077844311377
        ],
        [
          212.57485029940122,
          620.3592814371258
        ],
        [
          194.0119760479042,
          618.5628742514971
        ]
      ],
      "group_id": null,
      "shape_type": "polygon",
      "flags": {}
    },
    {
      "label": "cup",
      "points": [
        [
          73.65269461077844,
          316.76646706586826
        ],
        [
          89.22155688622755,
          337.12574850299404
        ],
        [
          102.99401197604791,
          370.65868263473055
        ],
        [
          129.34131736526948,
          365.2694610778443
        ],
        [
          126.34730538922156,
          338.92215568862275
        ],
        [
          133.53293413173654,
          306.5868263473054
        ],
        [
          98.80239520958084,
          310.1796407185629
        ]
      ],
      "group_id": null,
      "shape_type": "polygon",
      "flags": {}
    },
    {
      "label": "cup",
      "points": [
        [
          297.0059880239521,
          444.311377245509
        ],
        [
          324.55089820359285,
          498.2035928143713
        ],
        [
          360.47904191616766,
          489.2215568862276
        ],
        [
          375.4491017964072,
          482.03592814371257
        ],
        [
          389.82035928143716,
          461.07784431137725
        ],
        [
          373.65269461077844,
          441.3173652694611
        ],
        [
          360.47904191616766,
          429.94011976047904
        ],
        [
          327.54491017964074,
          428.1437125748503
        ]
      ],
      "group_id": null,
      "shape_type": "polygon",
      "flags": {}
    },
    {
      "label": "cup",
      "points": [
        [
          531.1377245508983,
          572.4550898203593
        ],
        [
          547.9041916167665,
          612.5748502994012
        ],
        [
          573.0538922155689,
          607.7844311377246
        ],
        [
          578.4431137724551,
          585.6287425149701
        ],
        [
          577.8443113772455,
          562.2754491017964
        ],
        [
          550.8982035928144,
          561.6766467065869
        ]
      ],
      "group_id": null,
      "shape_type": "polygon",
      "flags": {}
    },
    {
      "label": "cup",
      "points": [
        [
          681.437125748503,
          387.4251497005988
        ],
        [
          701.7964071856288,
          440.11976047904193
        ],
        [
          720.9580838323353,
          439.52095808383234
        ],
        [
          741.3173652694611,
          432.3353293413174
        ],
        [
          759.2814371257485,
          423.95209580838326
        ],
        [
          758.682634730539,
          394.6107784431138
        ],
        [
          743.7125748502995,
          384.4311377245509
        ],
        [
          736.5269461077845,
          376.0479041916168
        ],
        [
          704.7904191616767,
          371.25748502994014
        ]
      ],
      "group_id": null,
      "shape_type": "polygon",
      "flags": {}
    },
    {
      "label": "cup",
      "points": [
        [
          479.0419161676647,
          277.2455089820359
        ],
        [
          484.4311377245509,
          289.2215568862276
        ],
        [
          493.41317365269464,
          314.97005988023955
        ],
        [
          523.9520958083832,
          310.1796407185629
        ],
        [
          536.5269461077845,
          302.39520958083835
        ],
        [
          552.0958083832336,
          295.20958083832335
        ],
        [
          544.9101796407186,
          278.4431137724551
        ],
        [
          531.7365269461078,
          272.4550898203593
        ],
        [
          525.1497005988024,
          267.0658682634731
        ],
        [
          502.99401197604794,
          267.66467065868267
        ],
        [
          487.4251497005988,
          270.65868263473055
        ]
      ],
      "group_id": null,
      "shape_type": "polygon",
      "flags": {}
    },
    {
      "label": "cup",
      "points": [
        [
          243.22033898305085,
          117.79661016949153
        ],
        [
          261.0169491525424,
          172.03389830508476
        ],
        [
          292.37288135593224,
          166.10169491525426
        ],
        [
          305.08474576271186,
          136.4406779661017
        ],
        [
          297.4576271186441,
          106.77966101694916
        ],
        [
          267.79661016949154,
          104.23728813559323
        ]
      ],
      "group_id": null,
      "shape_type": "polygon",
      "flags": {}
    },
    {
      "label": "cup",
      "points": [
        [
          649.1525423728814,
          75.42372881355932
        ],
        [
          666.1016949152543,
          108.47457627118645
        ],
        [
          668.6440677966102,
          123.72881355932203
        ],
        [
          696.6101694915254,
          122.88135593220339
        ],
        [
          704.2372881355933,
          66.94915254237289
        ],
        [
          661.8644067796611,
          70.33898305084746
        ]
      ],
      "group_id": null,
      "shape_type": "polygon",
      "flags": {}
    },
    {
      "label": "cup",
      "points": [
        [
          1016.949152542373,
          191.52542372881356
        ],
        [
          1028.813559322034,
          244.91525423728814
        ],
        [
          1066.1016949152543,
          248.3050847457627
        ],
        [
          1080.5084745762713,
          227.96610169491527
        ],
        [
          1087.2881355932204,
          200.0
        ],
        [
          1066.949152542373,
          187.28813559322035
        ]
      ],
      "group_id": null,
      "shape_type": "polygon",
      "flags": {}
    },
    {
      "label": "cup",
      "points": [
        [
          866.9491525423729,
          362.7118644067797
        ],
        [
          883.8983050847459,
          392.37288135593224
        ],
        [
          886.4406779661017,
          411.86440677966107
        ],
        [
          916.949152542373,
          405.08474576271186
        ],
        [
          929.6610169491526,
          361.0169491525424
        ],
        [
          904.2372881355933,
          352.54237288135596
        ],
        [
          880.5084745762713,
          357.6271186440678
        ]
      ],
      "group_id": null,
      "shape_type": "polygon",
      "flags": {}
    },
    {
      "label": "cup",
      "points": [
        [
          835.5932203389831,
          54.237288135593225
        ],
        [
          852.542372881356,
          105.08474576271188
        ],
        [
          873.7288135593221,
          104.23728813559323
        ],
        [
          877.1186440677967,
          73.72881355932203
        ],
        [
          885.5932203389831,
          51.694915254237294
        ],
        [
          849.1525423728814,
          44.067796610169495
        ]
      ],
      "group_id": null,
      "shape_type": "polygon",
      "flags": {}
    },
    {
      "label": "cup",
      "points": [
        [
          1011.8644067796611,
          464.40677966101697
        ],
        [
          1028.813559322034,
          526.271186440678
        ],
        [
          1066.1016949152543,
          520.3389830508474
        ],
        [
          1079.6610169491526,
          460.1694915254238
        ],
        [
          1048.3050847457628,
          448.3050847457627
        ],
        [
          1023.7288135593221,
          451.6949152542373
        ]
      ],
      "group_id": null,
      "shape_type": "polygon",
      "flags": {}
    },
    {
      "label": "cup",
      "points": [
        [
          1183.0508474576272,
          317.79661016949154
        ],
        [
          1195.7627118644068,
          370.3389830508475
        ],
        [
          1230.5084745762713,
          366.10169491525426
        ],
        [
          1237.2881355932204,
          317.79661016949154
        ],
        [
          1211.0169491525423,
          313.5593220338983
        ]
      ],
      "group_id": null,
      "shape_type": "polygon",
      "flags": {}
    },
    {
      "label": "cup",
      "points": [
        [
          1318.6440677966102,
          158.47457627118644
        ],
        [
          1320.3389830508474,
          194.91525423728814
        ],
        [
          1336.4406779661017,
          210.16949152542375
        ],
        [
          1368.6440677966102,
          205.08474576271186
        ],
        [
          1372.8813559322034,
          177.11864406779662
        ],
        [
          1369.491525423729,
          155.08474576271186
        ],
        [
          1344.0677966101696,
          150.0
        ]
      ],
      "group_id": null,
      "shape_type": "polygon",
      "flags": {}
    },
    {
      "label": "cup",
      "points": [
        [
          1183.0508474576272,
          30.508474576271187
        ],
        [
          1194.9152542372883,
          77.96610169491525
        ],
        [
          1218.6440677966102,
          82.20338983050848
        ],
        [
          1234.7457627118645,
          74.57627118644068
        ],
        [
          1242.3728813559323,
          26.27118644067797
        ],
        [
          1209.322033898305,
          16.949152542372882
        ]
      ],
      "group_id": null,
      "shape_type": "polygon",
      "flags": {}
    }
  ],
  "imagePath": "../../FujifilmXM1_PNG/FujifilmXM1_0032.PNG",
  "imageData": null,
  "imageHeight": 1094,
  "imageWidth": 1650
}