{
  "version": "4.5.6",
  "flags": {},
  "shapes": [
    {
      "label": "car",
      "points": [
        [
          74.13207547169812,
          455.90566037735846
        ],
        [
          9.037735849056602,
          507.7924528301886
        ],
        [
          9.037735849056602,
          547.4150943396226
        ],
        [
          91.11320754716981,
          549.3018867924528
        ],
        [
          90.16981132075472,
          595.5283018867924
        ],
        [
          257.1509433962264,
          565.3396226415094
        ],
        [
          234.50943396226413,
          445.5283018867924
        ],
        [
          107.15094339622641,
          448.3584905660377
        ]
      ],
      "group_id": null,
      "shape_type": "polygon",
      "flags": {}
    },
    {
      "label": "car",
      "points": [
        [
          504.3207547169811,
          540.8113207547169
        ],
        [
          505.2641509433962,
          506.84905660377353
        ],
        [
          557.1509433962264,
          492.6981132075472
        ],
        [
          597.7169811320755,
          465.33962264150944
        ],
        [
          688.2830188679245,
          469.1132075471698
        ],
        [
          731.6792452830189,
          496.4716981132075
        ],
        [
          730.7358490566037,
          523.8301886792452
        ],
        [
          630.7358490566038,
          548.3584905660377
        ]
      ],
      "group_id": null,
      "shape_type": "polygon",
      "flags": {}
    },
    {
      "label": "car",
      "points": [
        [
          687.3396226415094,
          461.566037735849
        ],
        [
          715.6415094339623,
          437.03773584905656
        ],
        [
          786.3962264150942,
          470.05660377358487
        ],
        [
          791.1132075471697,
          498.35849056603774
        ],
        [
          736.3962264150942,
          520.0566037735849
        ],
        [
          702.4339622641509,
          482.3207547169811
        ]
      ],
      "group_id": null,
      "shape_type": "polygon",
      "flags": {}
    },
    {
      "label": "car",
      "points": [
        [
          411.86792452830184,
          469.1132075471698
        ],
        [
          487.33962264150944,
          469.1132075471698
        ],
        [
          519.4150943396227,
          493.64150943396226
        ],
        [
          511.86792452830184,
          539.8679245283018
        ],
        [
          483.566037735849,
          548.3584905660377
        ],
        [
          443.9433962264151,
          498.35849056603774
        ],
        [
          403.377358490566,
          506.84905660377353
        ]
      ],
      "group_id": null,
      "shape_type": "polygon",
      "flags": {}
    },
    {
      "label": "car",
      "points": [
        [
          503.377358490566,
          480.4339622641509
        ],
        [
          559.0377358490566,
          465.33962264150944
        ],
        [
          581.6792452830189,
          438.92452830188677
        ],
        [
          674.132075471698,
          433.2641509433962
        ],
        [
          651.4905660377358,
          468.1698113207547
        ],
        [
          601.4905660377358,
          468.1698113207547
        ],
        [
          556.2075471698113,
          492.6981132075472
        ],
        [
          518.4716981132075,
          502.13207547169804
        ]
      ],
      "group_id": null,
      "shape_type": "polygon",
      "flags": {}
    },
    {
      "label": "person",
      "points": [
        [
          1146.7735849056603,
          459.6792452830188
        ],
        [
          1139.2264150943395,
          487.0377358490566
        ],
        [
          1116.5849056603772,
          505.90566037735846
        ],
        [
          1110.9245283018868,
          575.7169811320755
        ],
        [
          1173.1886792452829,
          587.9811320754717
        ],
        [
          1156.2075471698113,
          499.3018867924528
        ],
        [
          1178.8490566037735,
          483.2641509433962
        ],
        [
          1178.8490566037735,
          453.0754716981132
        ],
        [
          1159.0377358490566,
          451.18867924528297
        ]
      ],
      "group_id": null,
      "shape_type": "polygon",
      "flags": {}
    },
    {
      "label": "person",
      "points": [
        [
          777.9056603773585,
          519.1132075471697
        ],
        [
          776.0188679245283,
          544.5849056603773
        ],
        [
          794.8867924528302,
          561.566037735849
        ],
        [
          814.6981132075472,
          542.6981132075472
        ],
        [
          805.2641509433962,
          533.2641509433962
        ],
        [
          797.7169811320754,
          533.2641509433962
        ],
        [
          795.8301886792452,
          521.9433962264151
        ]
      ],
      "group_id": null,
      "shape_type": "polygon",
      "flags": {}
    },
    {
      "label": "person",
      "points": [
        [
          1559.9811320754716,
          486.0943396226414
        ],
        [
          1553.377358490566,
          503.07547169811323
        ],
        [
          1566.5849056603772,
          523.8301886792452
        ],
        [
          1558.0943396226414,
          548.3584905660377
        ],
        [
          1554.3207547169811,
          588.9245283018868
        ],
        [
          1591.1132075471696,
          582.3207547169811
        ],
        [
          1599.6037735849056,
          527.6037735849056
        ],
        [
          1583.566037735849,
          515.3396226415094
        ],
        [
          1587.3396226415093,
          501.18867924528297
        ],
        [
          1577.9056603773583,
          482.3207547169811
        ]
      ],
      "group_id": null,
      "shape_type": "polygon",
      "flags": {}
    }
  ],
  "imagePath": "../../FujifilmXM1_PNG/FujifilmXM1_0164.PNG",
  "imageData": null,
  "imageHeight": 1094,
  "imageWidth": 1650
}