{
  "version": "4.5.6",
  "flags": {},
  "shapes": [
    {
      "label": "person",
      "points": [
        [
          147.30538922155688,
          191.61676646706587
        ],
        [
          141.31736526946108,
          195.20958083832335
        ],
        [
          140.7185628742515,
          208.98203592814372
        ],
        [
          124.55089820359282,
          214.37125748502996
        ],
        [
          125.74850299401199,
          229.34131736526948
        ],
        [
          116.76646706586827,
          247.90419161676647
        ],
        [
          132.93413173652695,
          250.89820359281438
        ],
        [
          142.51497005988026,
          258.08383233532936
        ],
        [
          164.07185628742516,
          252.69461077844312
        ],
        [
          165.2694610778443,
          226.94610778443115
        ],
        [
          159.2814371257485,
          213.77245508982037
        ],
        [
          154.49101796407186,
          205.98802395209583
        ],
        [
          158.68263473053892,
          197.0059880239521
        ]
      ],
      "group_id": null,
      "shape_type": "polygon",
      "flags": {}
    }
  ],
  "imagePath": "../../FujifilmXM1_PNG/FujifilmXM1_0187.PNG",
  "imageData": null,
  "imageHeight": 1094,
  "imageWidth": 1650
}